Date,hmm_regime,gbm_regime,tsfm_regime,momo_regime,fold,momo_side,hmm_side,gbm_side,tsfm_side,votes_up,tier,flip_move,gold_side,leg_id,run_len,gold_side_fwd10,gold_side_fwd20,gold_side_fwd60,flips_within_lag,momo_hit,n_side_agree
2015-10-14,2,0,0,4,0,-1,1,1,1,3,mixed,0.0005365795313578836,1,13,1,1.0,-1.0,-1.0,0.0,0.0,1
2015-10-15,2,1,1,1,0,1,1,1,1,5,mixed,0.016631602197441753,1,13,1,1.0,-1.0,-1.0,0.0,1.0,4
2015-10-16,3,1,1,1,0,1,-1,1,1,5,mixed,0.0343161038239963,1,13,2,1.0,-1.0,-1.0,0.0,1.0,3
2015-10-19,3,1,1,1,0,1,-1,1,1,5,mixed,0.022919261119454193,1,13,3,1.0,-1.0,-1.0,0.0,1.0,3
2015-10-20,3,1,1,2,0,1,-1,1,1,5,mixed,0.025039750979618525,1,13,4,-1.0,-1.0,-1.0,1.0,1.0,3
2015-10-21,3,1,1,2,0,1,-1,1,1,5,mixed,0.011446593768146385,1,13,5,-1.0,-1.0,-1.0,1.0,1.0,3
2015-10-22,3,1,1,2,0,1,-1,1,1,6,lean,0.0263749023802633,1,13,6,-1.0,-1.0,-1.0,1.0,1.0,3
2015-10-23,3,1,1,2,0,1,-1,1,1,7,strong,0.03745552450035072,1,13,7,-1.0,-1.0,-1.0,1.0,1.0,3
2015-10-26,3,1,1,2,0,1,-1,1,1,7,strong,0.03554060799513448,1,13,8,-1.0,-1.0,-1.0,1.0,1.0,3
2015-10-27,3,1,1,2,0,1,-1,1,1,7,strong,0.0301080669378041,1,13,9,-1.0,-1.0,-1.0,1.0,1.0,3
2015-10-28,3,1,1,2,0,1,-1,1,1,7,strong,0.0451275946791333,1,13,10,-1.0,-1.0,-1.0,1.0,1.0,3
2015-10-29,3,1,1,2,0,1,-1,1,1,7,strong,0.03137371661826227,1,13,11,-1.0,-1.0,-1.0,1.0,1.0,3
2015-10-30,3,1,1,2,0,1,-1,1,1,7,strong,0.02319798480474977,1,13,12,-1.0,-1.0,-1.0,1.0,1.0,3
2015-11-02,3,1,1,2,0,1,-1,1,1,8,unanimous,0.033454534357508336,1,13,13,-1.0,-1.0,-1.0,1.0,1.0,3
2015-11-03,3,1,1,2,0,1,-1,1,1,8,unanimous,0.03745397317657406,-1,14,14,-1.0,-1.0,-1.0,0.0,0.0,3
2015-11-04,3,1,1,2,0,1,-1,1,1,8,unanimous,0.039656432621202775,-1,14,15,-1.0,-1.0,-1.0,0.0,0.0,3
2015-11-05,3,1,1,2,0,1,-1,1,1,8,unanimous,0.030200060353247404,-1,14,16,-1.0,-1.0,-1.0,0.0,0.0,3
2015-11-06,3,1,1,2,0,1,-1,1,1,8,unanimous,0.029865274045563606,-1,14,17,-1.0,-1.0,-1.0,0.0,0.0,3
2015-11-09,3,1,3,2,0,1,-1,1,-1,7,strong,0.02034847532391304,-1,14,18,-1.0,-1.0,-1.0,0.0,0.0,2
2015-11-10,3,1,1,2,0,1,-1,1,1,7,strong,0.02197850839210802,-1,14,19,-1.0,-1.0,-1.0,0.0,0.0,3
2015-11-11,3,1,1,2,0,1,-1,1,1,6,lean,0.01901136625098876,-1,14,20,-1.0,-1.0,-1.0,0.0,0.0,3
2015-11-12,3,1,3,2,0,1,-1,1,-1,4,mixed,0.00533513445162237,-1,14,21,-1.0,-1.0,-1.0,0.0,0.0,2
2015-11-13,0,2,0,5,0,-1,1,1,1,2,lean,0.005626177048242198,-1,14,1,-1.0,-1.0,1.0,0.0,1.0,1
2015-11-16,0,1,0,2,0,1,1,1,1,5,mixed,0.009530841634111775,-1,14,1,-1.0,-1.0,1.0,0.0,0.0,4
2015-11-17,0,2,0,0,0,1,1,1,1,5,mixed,0.009593025124895793,-1,14,2,-1.0,-1.0,1.0,0.0,0.0,4
2015-11-18,3,1,1,0,0,1,-1,1,1,7,strong,0.027578928632659316,-1,14,3,-1.0,-1.0,1.0,0.0,0.0,3
2015-11-19,3,1,1,0,0,1,-1,1,1,7,strong,0.023049968244547858,-1,14,4,-1.0,-1.0,1.0,0.0,0.0,3
2015-11-20,3,1,1,0,0,1,-1,1,1,7,strong,0.026483554067097348,-1,14,5,-1.0,-1.0,1.0,0.0,0.0,3
2015-11-23,3,1,1,0,0,1,-1,1,1,8,unanimous,0.022731280407337517,-1,14,6,-1.0,-1.0,1.0,0.0,0.0,3
2015-11-24,3,1,1,0,0,1,-1,1,1,8,unanimous,0.021438659233549706,-1,14,7,-1.0,-1.0,1.0,0.0,0.0,3
2015-11-25,3,1,3,0,0,1,-1,1,-1,7,strong,0.019236443753204657,-1,14,8,-1.0,-1.0,1.0,0.0,0.0,2
2015-11-27,1,1,1,0,0,1,1,1,1,8,unanimous,0.02111857005141049,-1,14,9,-1.0,-1.0,1.0,0.0,0.0,4
2015-11-30,1,2,1,0,0,1,1,1,1,7,strong,0.022063791690854706,-1,14,10,-1.0,-1.0,1.0,0.0,0.0,4
2015-12-01,1,2,1,0,0,1,1,1,1,7,strong,0.023513382840406827,-1,14,11,-1.0,-1.0,1.0,0.0,0.0,4
2015-12-02,1,2,1,0,0,1,1,1,1,7,strong,0.013979287535457185,-1,14,12,-1.0,-1.0,1.0,0.0,0.0,4
2015-12-03,0,2,2,3,0,-1,1,1,1,3,mixed,0.007095563533291882,-1,14,1,-1.0,-1.0,1.0,0.0,1.0,1
2015-12-04,3,2,2,0,0,1,-1,1,1,7,strong,0.01294009871068924,-1,14,1,-1.0,-1.0,1.0,0.0,0.0,3
2015-12-07,0,2,2,0,0,1,1,1,1,6,lean,0.006035955559889894,-1,14,2,-1.0,-1.0,1.0,0.0,0.0,4
2015-12-08,0,2,2,4,0,-1,1,1,1,3,mixed,0.00036337798482377615,-1,14,1,-1.0,-1.0,1.0,0.0,1.0,1
2015-12-09,0,2,2,4,0,-1,1,1,1,3,mixed,0.008042186956990216,-1,14,2,-1.0,-1.0,1.0,0.0,1.0,1
2015-12-10,0,2,0,4,0,-1,1,1,1,3,mixed,0.005623235051996245,-1,14,3,-1.0,-1.0,1.0,0.0,1.0,1
2015-12-11,0,2,0,4,0,-1,1,1,1,1,strong,0.016696718629011675,-1,14,4,-1.0,-1.0,1.0,0.0,1.0,1
2015-12-14,0,2,0,4,0,-1,1,1,1,1,strong,0.007024830320827569,-1,14,5,-1.0,-1.0,1.0,0.0,1.0,1
2015-12-15,0,2,0,4,0,-1,1,1,1,3,mixed,0.004786071842154183,-1,14,6,-1.0,-1.0,1.0,0.0,1.0,1
2015-12-16,3,2,3,1,0,1,-1,1,-1,7,strong,0.01091623833584865,-1,14,1,-1.0,-1.0,1.0,0.0,0.0,2
2015-12-17,0,3,0,4,0,-1,1,-1,1,3,mixed,0.0037857585294052143,-1,14,1,-1.0,-1.0,1.0,0.0,1.0,2
2015-12-18,0,5,0,4,0,-1,1,-1,1,1,strong,0.028138524383460872,-1,14,2,-1.0,-1.0,1.0,0.0,1.0,2
2015-12-21,0,3,0,4,0,-1,1,-1,1,1,strong,0.02001928960442645,-1,14,3,-1.0,-1.0,1.0,0.0,1.0,2
2015-12-22,0,3,3,4,0,-1,1,-1,-1,2,lean,0.010104193513671422,-1,14,4,-1.0,-1.0,1.0,0.0,1.0,3
2015-12-23,0,3,3,1,0,1,1,-1,-1,6,lean,0.007328511760389733,-1,14,1,-1.0,-1.0,1.0,0.0,0.0,2
2015-12-24,0,3,3,1,0,1,1,-1,-1,5,mixed,0.004250389282399625,-1,14,2,-1.0,-1.0,1.0,0.0,0.0,2
2015-12-28,0,3,3,1,0,1,1,-1,-1,5,mixed,0.0012487886483198984,-1,14,3,-1.0,-1.0,1.0,0.0,0.0,2
2015-12-29,3,3,3,1,0,1,-1,-1,-1,7,strong,0.012275665884332487,-1,14,4,-1.0,-1.0,1.0,0.0,0.0,1
2015-12-30,0,3,3,2,0,1,1,-1,-1,6,lean,0.005714276835697363,-1,14,5,-1.0,-1.0,1.0,0.0,0.0,2
2015-12-31,0,3,3,5,0,-1,1,-1,-1,2,lean,0.007209519742881199,-1,14,1,-1.0,-1.0,1.0,0.0,1.0,3
2016-01-04,0,3,0,5,0,-1,1,-1,1,1,strong,0.01836379834653812,-1,14,2,-1.0,-1.0,1.0,0.0,1.0,2
2016-01-05,0,3,0,3,0,-1,1,-1,1,2,lean,0.014653131044899403,-1,14,3,-1.0,-1.0,1.0,0.0,1.0,2
2016-01-06,0,4,0,3,0,-1,1,-1,1,0,unanimous,0.026541365696344688,-1,14,4,-1.0,-1.0,1.0,0.0,1.0,2
2016-01-07,4,4,4,3,0,-1,-1,-1,-1,0,unanimous,0.04947521040729308,-1,14,5,-1.0,-1.0,1.0,0.0,1.0,4
2016-01-08,4,4,4,3,0,-1,-1,-1,-1,0,unanimous,0.065342353608417,-1,14,6,-1.0,-1.0,1.0,0.0,1.0,4
2016-01-11,4,4,4,3,0,-1,-1,-1,-1,0,unanimous,0.0654880506865807,-1,14,7,-1.0,-1.0,1.0,0.0,1.0,4
2016-01-12,4,4,4,3,0,-1,-1,-1,-1,0,unanimous,0.04393707537124403,-1,14,8,-1.0,-1.0,1.0,0.0,1.0,4
2016-01-13,4,4,4,3,0,-1,-1,-1,-1,0,unanimous,0.07556021004349067,-1,14,9,-1.0,1.0,1.0,0.0,1.0,4
2016-01-14,4,4,4,3,0,-1,-1,-1,-1,0,unanimous,0.06157189580439226,-1,14,10,-1.0,1.0,1.0,0.0,1.0,4
2016-01-15,4,4,4,3,0,-1,-1,-1,-1,0,unanimous,0.08325342268697167,-1,14,11,-1.0,1.0,1.0,0.0,1.0,4
2016-01-19,4,4,4,3,0,-1,-1,-1,-1,0,unanimous,0.07314505619213252,-1,14,12,-1.0,1.0,1.0,0.0,1.0,4
2016-01-20,4,4,4,3,0,-1,-1,-1,-1,0,unanimous,0.0846433976768477,-1,14,13,-1.0,1.0,1.0,0.0,1.0,4
2016-01-21,4,4,4,3,0,-1,-1,-1,-1,0,unanimous,0.08114173905389066,-1,14,14,-1.0,1.0,1.0,0.0,1.0,4
2016-01-22,4,4,4,3,0,-1,-1,-1,-1,0,unanimous,0.056722205062630815,-1,14,15,-1.0,1.0,1.0,0.0,1.0,4
2016-01-25,4,4,4,3,0,-1,-1,-1,-1,0,unanimous,0.07160054374157165,-1,14,16,-1.0,1.0,1.0,0.0,1.0,4
2016-01-26,4,4,4,4,0,-1,-1,-1,-1,0,unanimous,0.05645975428912875,-1,14,17,-1.0,1.0,1.0,0.0,1.0,4
2016-01-27,4,4,4,4,0,-1,-1,-1,-1,0,unanimous,0.0678200009909844,-1,14,18,-1.0,1.0,1.0,0.0,1.0,4
2016-01-28,4,4,4,4,0,-1,-1,-1,-1,1,strong,0.0615851960882603,-1,14,19,1.0,1.0,1.0,1.0,1.0,4
2016-01-29,2,4,4,4,0,-1,1,-1,-1,2,lean,0.03579017412113572,-1,14,20,1.0,1.0,1.0,1.0,1.0,3
2016-02-01,2,4,4,4,0,-1,1,-1,-1,2,lean,0.03609754939931609,-1,14,21,1.0,1.0,1.0,1.0,1.0,3
2016-02-02,2,4,2,4,0,-1,1,-1,1,1,strong,0.05587403795378321,-1,14,22,1.0,1.0,1.0,1.0,1.0,2
2016-02-03,2,4,2,3,0,-1,1,-1,1,2,lean,0.05036908950565322,-1,14,23,1.0,1.0,1.0,1.0,1.0,2
2016-02-04,2,5,2,3,0,-1,1,-1,1,2,lean,0.03905612806431247,-1,14,24,1.0,1.0,1.0,1.0,1.0,2
2016-02-05,2,3,2,3,0,-1,1,-1,1,0,unanimous,0.04810889700571597,-1,14,25,1.0,1.0,1.0,1.0,1.0,2
2016-02-08,2,5,5,3,0,-1,1,-1,-1,0,unanimous,0.060838537995205444,-1,14,26,1.0,1.0,1.0,1.0,1.0,3
2016-02-09,4,5,5,3,0,-1,-1,-1,-1,0,unanimous,0.058791054239837104,-1,14,27,1.0,1.0,1.0,1.0,1.0,4
2016-02-10,4,4,4,3,0,-1,-1,-1,-1,0,unanimous,0.056773560178175364,-1,14,28,1.0,1.0,1.0,1.0,1.0,4
2016-02-11,4,5,4,3,0,-1,-1,-1,-1,0,unanimous,0.06755073155417057,1,15,29,1.0,1.0,1.0,0.0,0.0,4
2016-02-12,4,4,4,3,0,-1,-1,-1,-1,0,unanimous,0.04416605258400619,1,15,30,1.0,1.0,1.0,0.0,0.0,4
2016-02-16,2,4,2,3,0,-1,1,-1,1,2,lean,0.024382656977204764,1,15,31,1.0,1.0,1.0,0.0,0.0,2
2016-02-17,2,3,2,3,0,-1,1,-1,1,3,mixed,0.0058270860568225835,1,15,32,1.0,1.0,1.0,0.0,0.0,2
2016-02-18,2,3,2,3,0,-1,1,-1,1,3,mixed,0.009489378994224085,1,15,33,1.0,1.0,1.0,0.0,0.0,2
2016-02-19,2,0,0,3,0,-1,1,1,1,3,mixed,0.008134253823143478,1,15,34,1.0,1.0,1.0,0.0,0.0,1
2016-02-22,2,0,0,0,0,1,1,1,1,4,mixed,0.00782713727211548,1,15,1,1.0,1.0,1.0,0.0,1.0,4
2016-02-23,2,0,0,3,0,-1,1,1,1,3,mixed,0.003100233911838446,1,15,1,1.0,1.0,1.0,0.0,0.0,1
2016-02-24,2,0,0,1,0,1,1,1,1,4,mixed,0.0031900746316315676,1,15,1,1.0,1.0,1.0,0.0,1.0,4
2016-02-25,2,0,0,1,0,1,1,1,1,4,mixed,0.016039773532584234,1,15,2,1.0,1.0,1.0,0.0,1.0,4
2016-02-26,2,0,0,0,0,1,1,1,1,4,mixed,0.015863359983638525,1,15,3,1.0,1.0,1.0,0.0,1.0,4
2016-02-29,2,0,2,3,0,-1,1,1,1,3,mixed,0.0041454743206508216,1,15,1,1.0,1.0,1.0,0.0,0.0,1
2016-03-01,2,2,2,0,0,1,1,1,1,5,mixed,0.019698218810644486,1,15,1,1.0,1.0,1.0,0.0,1.0,4
2016-03-02,3,2,3,0,0,1,-1,1,-1,5,mixed,0.03001837768307969,1,15,2,1.0,1.0,1.0,0.0,1.0,2
2016-03-03,3,2,3,0,0,1,-1,1,-1,5,mixed,0.03791013716957692,1,15,3,1.0,1.0,1.0,0.0,1.0,2
2016-03-04,3,2,3,0,0,1,-1,1,-1,6,lean,0.04110518619538994,1,15,4,1.0,1.0,1.0,0.0,1.0,2
2016-03-07,3,1,3,0,0,1,-1,1,-1,6,lean,0.028105272106126344,1,15,5,1.0,1.0,1.0,0.0,1.0,2
2016-03-08,3,3,3,0,0,1,-1,-1,-1,5,mixed,0.025567778959039833,1,15,6,1.0,1.0,1.0,0.0,1.0,1
2016-03-09,3,3,3,0,0,1,-1,-1,-1,5,mixed,0.02710477136839584,1,15,7,1.0,1.0,1.0,0.0,1.0,1
2016-03-10,3,1,3,0,0,1,-1,1,-1,5,mixed,0.019602284371097567,1,15,8,1.0,1.0,1.0,0.0,1.0,2
2016-03-11,3,1,1,0,0,1,-1,1,1,8,unanimous,0.035688415557732056,1,15,9,1.0,1.0,1.0,0.0,1.0,3
2016-03-14,3,1,1,0,0,1,-1,1,1,7,strong,0.03464899204293148,1,15,10,1.0,1.0,1.0,0.0,1.0,3
2016-03-15,3,1,1,0,0,1,-1,1,1,6,lean,0.024849994573030387,1,15,11,1.0,1.0,1.0,0.0,1.0,3
2016-03-16,3,1,1,0,0,1,-1,1,1,7,strong,0.027967247290418995,1,15,12,1.0,1.0,1.0,0.0,1.0,3
2016-03-17,3,1,1,1,0,1,-1,1,1,8,unanimous,0.03151460569494813,1,15,13,1.0,1.0,1.0,0.0,1.0,3
2016-03-18,3,1,1,1,0,1,-1,1,1,8,unanimous,0.03260903065279086,1,15,14,1.0,1.0,1.0,0.0,1.0,3
2016-03-21,3,1,1,1,0,1,-1,1,1,8,unanimous,0.030891468735985694,1,15,15,1.0,1.0,1.0,0.0,1.0,3
2016-03-22,3,1,1,1,0,1,-1,1,1,7,strong,0.03441313171147009,1,15,16,1.0,1.0,1.0,0.0,1.0,3
2016-03-23,3,1,1,1,0,1,-1,1,1,7,strong,0.023297353124366205,1,15,17,1.0,1.0,1.0,0.0,1.0,3
2016-03-24,3,1,1,1,0,1,-1,1,1,7,strong,0.02277571856326921,1,15,18,1.0,1.0,1.0,0.0,1.0,3
2016-03-28,3,1,1,1,0,1,-1,1,1,7,strong,0.0201167541289623,1,15,19,1.0,1.0,1.0,0.0,1.0,3
2016-03-29,3,1,1,1,0,1,-1,1,1,7,strong,0.02900986531045313,1,15,20,1.0,1.0,1.0,0.0,1.0,3
2016-03-30,3,1,1,1,0,1,-1,1,1,8,unanimous,0.03348377638285571,1,15,21,1.0,1.0,1.0,0.0,1.0,3
2016-03-31,3,1,1,1,0,1,-1,1,1,8,unanimous,0.03169640529145634,1,15,22,1.0,1.0,1.0,0.0,1.0,3
2016-04-01,3,1,1,1,0,1,-1,1,1,8,unanimous,0.03798393967487246,1,15,23,1.0,1.0,1.0,0.0,1.0,3
2016-04-04,3,1,1,1,0,1,-1,1,1,8,unanimous,0.03501671100509929,1,15,24,1.0,1.0,1.0,0.0,1.0,3
2016-04-05,1,1,1,1,0,1,1,1,1,7,strong,0.02518861149926277,1,15,25,1.0,1.0,1.0,0.0,1.0,4
2016-04-06,1,1,1,1,0,1,1,1,1,8,unanimous,0.040300091488514767,1,15,26,1.0,1.0,1.0,0.0,1.0,4
2016-04-07,1,1,1,1,0,1,1,1,1,7,strong,0.02578469351379331,1,15,27,1.0,1.0,1.0,0.0,1.0,4
2016-04-08,1,1,1,2,0,1,1,1,1,8,unanimous,0.02658691635466859,1,15,28,1.0,1.0,1.0,0.0,1.0,4
2016-04-11,1,1,1,2,0,1,1,1,1,7,strong,0.02088246738079569,1,15,29,1.0,1.0,1.0,0.0,1.0,4
2016-04-12,1,1,1,2,0,1,1,1,1,8,unanimous,0.028048389452116296,1,15,30,1.0,1.0,1.0,0.0,1.0,4
2016-04-13,1,1,1,2,0,1,1,1,1,8,unanimous,0.03566421675840037,1,15,31,1.0,1.0,1.0,0.0,1.0,4
2016-04-14,1,1,1,2,0,1,1,1,1,8,unanimous,0.03391536261164407,1,15,32,1.0,1.0,1.0,0.0,1.0,4
2016-04-15,1,1,1,2,0,1,1,1,1,8,unanimous,0.03222348579475587,1,15,33,1.0,1.0,1.0,0.0,1.0,4
2016-04-18,1,1,1,2,0,1,1,1,1,8,unanimous,0.03850465709758877,1,15,34,1.0,1.0,1.0,0.0,1.0,4
2016-04-19,1,1,1,2,0,1,1,1,1,8,unanimous,0.04141925187764983,1,15,35,1.0,1.0,1.0,0.0,1.0,4
2016-04-20,1,1,1,2,0,1,1,1,1,8,unanimous,0.04207211699476876,1,15,36,1.0,1.0,1.0,0.0,1.0,4
2016-04-21,1,1,1,2,0,1,1,1,1,8,unanimous,0.0370200361925106,1,15,37,1.0,1.0,1.0,0.0,1.0,4
2016-04-22,1,1,1,2,0,1,1,1,1,8,unanimous,0.036958487880761504,1,15,38,1.0,1.0,1.0,0.0,1.0,4
2016-04-25,1,1,1,2,0,1,1,1,1,8,unanimous,0.035113318210988065,1,15,39,1.0,1.0,1.0,0.0,1.0,4
2016-04-26,1,1,1,2,0,1,1,1,1,8,unanimous,0.03689009879490546,1,15,40,1.0,1.0,1.0,0.0,1.0,4
2016-04-27,1,1,1,2,0,1,1,1,1,8,unanimous,0.038494939268186146,1,15,41,1.0,1.0,1.0,0.0,1.0,4
2016-04-28,1,1,1,2,0,1,1,1,1,6,lean,0.02957022547577781,1,15,42,1.0,1.0,1.0,0.0,1.0,4
2016-04-29,1,1,1,2,0,1,1,1,1,5,mixed,0.024708712263989074,1,15,43,1.0,1.0,1.0,0.0,1.0,4
2016-05-02,1,1,1,2,0,1,1,1,1,7,strong,0.032409075388070474,1,15,44,1.0,1.0,1.0,0.0,1.0,4
2016-05-03,1,1,1,2,0,1,1,1,1,6,lean,0.024050261480668245,1,15,45,1.0,1.0,1.0,0.0,1.0,4
2016-05-04,1,1,1,0,0,1,1,1,1,4,mixed,0.01749822848077731,1,15,46,1.0,1.0,1.0,0.0,1.0,4
2016-05-05,1,1,1,0,0,1,1,1,1,5,mixed,0.0156192864275575,1,15,47,1.0,1.0,1.0,0.0,1.0,4
2016-05-06,1,1,1,0,0,1,1,1,1,5,mixed,0.017096748780272453,1,15,48,1.0,1.0,1.0,0.0,1.0,4
2016-05-09,1,1,1,0,0,1,1,1,1,5,mixed,0.01595919301088522,1,15,49,1.0,1.0,1.0,0.0,1.0,4
2016-05-10,1,3,1,0,0,1,1,-1,1,7,strong,0.02651537162664197,1,15,50,1.0,1.0,1.0,0.0,1.0,3
2016-05-11,1,0,1,0,0,1,1,1,1,4,mixed,0.01556739930458828,1,15,51,1.0,1.0,1.0,0.0,1.0,4
2016-05-12,1,0,1,0,0,1,1,1,1,4,mixed,0.014270332447140488,1,15,52,1.0,1.0,1.0,0.0,1.0,4
2016-05-13,1,0,0,0,0,1,1,1,1,4,mixed,0.004630140006391614,1,15,53,1.0,1.0,1.0,0.0,1.0,4
2016-05-16,1,0,1,0,0,1,1,1,1,5,mixed,0.013230265314124079,1,15,54,1.0,1.0,1.0,0.0,1.0,4
2016-05-17,0,0,0,0,0,1,1,1,1,4,mixed,0.002852150027816358,1,15,55,1.0,1.0,1.0,0.0,1.0,4
2016-05-18,0,0,0,0,0,1,1,1,1,4,mixed,0.0020142401725112835,1,15,56,1.0,1.0,1.0,0.0,1.0,4
2016-05-19,0,0,0,3,0,-1,1,1,1,3,mixed,0.002677724456712438,1,15,1,1.0,1.0,-1.0,0.0,0.0,1
2016-05-20,0,0,0,0,0,1,1,1,1,4,mixed,0.00259222459905728,1,15,1,1.0,1.0,-1.0,0.0,1.0,4
2016-05-23,0,0,0,3,0,-1,1,1,1,3,mixed,0.00035509227519758824,1,15,1,1.0,1.0,-1.0,0.0,0.0,1
2016-05-24,1,0,1,1,0,1,1,1,1,6,lean,0.012200944707830175,1,15,1,1.0,1.0,-1.0,0.0,1.0,4
2016-05-25,1,2,1,1,0,1,1,1,1,7,strong,0.018250677164293738,1,15,2,1.0,1.0,-1.0,0.0,1.0,4
2016-05-26,1,3,1,1,0,1,1,-1,1,8,unanimous,0.017199937557160427,1,15,3,1.0,1.0,-1.0,0.0,1.0,3
2016-05-27,1,3,3,1,0,1,1,-1,-1,8,unanimous,0.024987409496670665,1,15,4,1.0,1.0,-1.0,0.0,1.0,2
2016-05-31,1,2,1,1,0,1,1,1,1,8,unanimous,0.01882796805341813,1,15,5,1.0,1.0,-1.0,0.0,1.0,4
2016-06-01,1,3,1,1,0,1,1,-1,1,8,unanimous,0.024827023501730938,1,15,6,1.0,1.0,-1.0,0.0,1.0,3
2016-06-02,1,2,1,1,0,1,1,1,1,8,unanimous,0.02737429325379548,1,15,7,1.0,1.0,-1.0,0.0,1.0,4
2016-06-03,1,2,1,1,0,1,1,1,1,8,unanimous,0.028149684416301612,1,15,8,1.0,1.0,-1.0,0.0,1.0,4
2016-06-06,1,3,1,1,0,1,1,-1,1,8,unanimous,0.027064366874483436,1,15,9,1.0,1.0,-1.0,0.0,1.0,3
2016-06-07,1,3,1,1,0,1,1,-1,1,8,unanimous,0.030343703894127105,1,15,10,1.0,1.0,-1.0,0.0,1.0,3
2016-06-08,1,2,1,1,0,1,1,1,1,8,unanimous,0.02412983497512733,1,15,11,1.0,1.0,-1.0,0.0,1.0,4
2016-06-09,1,3,1,1,0,1,1,-1,1,8,unanimous,0.024117467431644002,1,15,12,1.0,1.0,-1.0,0.0,1.0,3
2016-06-10,1,0,1,1,0,1,1,1,1,8,unanimous,0.015247563247022367,1,15,13,1.0,1.0,-1.0,0.0,1.0,4
2016-06-13,1,0,1,1,0,1,1,1,1,5,mixed,0.015608049949329628,1,15,14,1.0,1.0,-1.0,0.0,1.0,4
2016-06-14,1,0,1,1,0,1,1,1,1,5,mixed,0.004172925604119526,1,15,15,1.0,1.0,-1.0,0.0,1.0,4
2016-06-15,1,0,0,2,0,1,1,1,1,4,mixed,0.009606518148081111,1,15,16,1.0,1.0,-1.0,0.0,1.0,4
2016-06-16,1,0,1,2,0,1,1,1,1,5,mixed,0.013565965928002632,1,15,17,1.0,1.0,-1.0,0.0,1.0,4
2016-06-17,1,2,1,2,0,1,1,1,1,4,mixed,0.015053896776613396,1,15,18,1.0,1.0,-1.0,0.0,1.0,4
2016-06-20,1,0,1,2,0,1,1,1,1,6,lean,0.014846961065942632,1,15,19,1.0,1.0,-1.0,0.0,1.0,4
2016-06-21,1,0,1,2,0,1,1,1,1,6,lean,0.01956046971681369,1,15,20,1.0,1.0,-1.0,0.0,1.0,4
2016-06-22,1,0,0,0,0,1,1,1,1,6,lean,0.0045025739279183075,1,15,21,1.0,1.0,-1.0,0.0,1.0,4
2016-06-23,1,0,1,0,0,1,1,1,1,7,strong,0.017441623484699686,1,15,22,1.0,1.0,-1.0,0.0,1.0,4
2016-06-24,0,4,0,3,0,-1,1,-1,1,2,lean,0.019612369376674987,1,15,1,1.0,1.0,-1.0,0.0,0.0,2
2016-06-27,0,5,0,3,0,-1,1,-1,1,0,unanimous,0.03810418204492527,1,15,2,1.0,1.0,-1.0,0.0,0.0,2
2016-06-28,0,4,4,3,0,-1,1,-1,-1,2,lean,0.019236360644624195,1,15,3,1.0,1.0,-1.0,0.0,0.0,3
2016-06-29,0,4,0,3,0,-1,1,-1,1,3,mixed,0.00035251643681566414,1,15,4,1.0,1.0,-1.0,0.0,0.0,2
2016-06-30,0,5,0,0,0,1,1,-1,1,7,strong,0.011338930136812753,1,15,1,1.0,1.0,-1.0,0.0,1.0,3
2016-07-01,2,5,2,0,0,1,1,-1,1,8,unanimous,0.015088319363505742,1,15,2,1.0,1.0,-1.0,0.0,1.0,3
2016-07-05,2,4,4,0,0,1,1,-1,-1,7,strong,0.005303909391381145,1,15,3,1.0,1.0,-1.0,0.0,1.0,2
2016-07-06,2,4,4,0,0,1,1,-1,-1,7,strong,0.010235491362621918,1,15,4,1.0,1.0,-1.0,0.0,1.0,2
2016-07-07,2,4,2,0,0,1,1,-1,1,7,strong,0.009223207080927942,1,15,5,1.0,1.0,-1.0,0.0,1.0,3
2016-07-08,2,4,2,0,0,1,1,-1,1,8,unanimous,0.023816939119905678,1,15,6,1.0,1.0,-1.0,0.0,1.0,3
2016-07-11,2,3,3,0,0,1,1,-1,-1,8,unanimous,0.02702377316941551,1,15,7,1.0,1.0,-1.0,0.0,1.0,2
2016-07-12,2,5,2,0,0,1,1,-1,1,8,unanimous,0.03395682326989913,1,15,8,1.0,1.0,-1.0,0.0,1.0,3
2016-07-13,3,3,3,1,0,1,-1,-1,-1,8,unanimous,0.035824563739677795,1,15,9,1.0,1.0,-1.0,0.0,1.0,1
2016-07-14,3,3,3,1,0,1,-1,-1,-1,8,unanimous,0.04263431542461005,1,15,10,1.0,1.0,-1.0,0.0,1.0,1
2016-07-15,3,3,3,1,0,1,-1,-1,-1,8,unanimous,0.03604417297319973,1,15,11,1.0,1.0,-1.0,0.0,1.0,1
2016-07-18,3,3,3,1,0,1,-1,-1,-1,8,unanimous,0.03778557698392282,1,15,12,1.0,-1.0,-1.0,0.0,1.0,1
2016-07-19,3,3,3,1,0,1,-1,-1,-1,8,unanimous,0.03581273650192707,1,15,13,1.0,-1.0,-1.0,0.0,1.0,1
2016-07-20,3,3,3,1,0,1,-1,-1,-1,8,unanimous,0.0392219030210017,1,15,14,1.0,-1.0,-1.0,0.0,1.0,1
2016-07-21,3,3,3,1,0,1,-1,-1,-1,8,unanimous,0.0352002416373447,1,15,15,1.0,-1.0,-1.0,0.0,1.0,1
2016-07-22,3,3,3,1,0,1,-1,-1,-1,8,unanimous,0.0367259880908164,1,15,16,1.0,-1.0,-1.0,0.0,1.0,1
2016-07-25,3,3,3,1,0,1,-1,-1,-1,8,unanimous,0.042734967677667046,1,15,17,1.0,-1.0,-1.0,0.0,1.0,1
2016-07-26,3,3,3,1,0,1,-1,-1,-1,8,unanimous,0.04245422192180759,1,15,18,1.0,-1.0,-1.0,0.0,1.0,1
2016-07-27,3,2,3,1,0,1,-1,1,-1,8,unanimous,0.039301638256576954,1,15,19,1.0,-1.0,-1.0,0.0,1.0,2
2016-07-28,3,1,1,1,0,1,-1,1,1,8,unanimous,0.041287859440584995,1,15,20,1.0,-1.0,-1.0,0.0,1.0,3
2016-07-29,3,1,1,1,0,1,-1,1,1,8,unanimous,0.034401384490485576,1,15,21,1.0,-1.0,-1.0,0.0,1.0,3
2016-08-01,3,1,1,1,0,1,-1,1,1,8,unanimous,0.03221361277734647,1,15,22,-1.0,-1.0,-1.0,1.0,1.0,3
2016-08-02,3,1,1,1,0,1,-1,1,1,7,strong,0.03174734683275238,1,15,23,-1.0,-1.0,-1.0,1.0,1.0,3
2016-08-03,3,1,1,2,0,1,-1,1,1,7,strong,0.02960548733346846,1,15,24,-1.0,-1.0,-1.0,1.0,1.0,3
2016-08-04,3,1,1,2,0,1,-1,1,1,7,strong,0.03065731669458238,1,15,25,-1.0,-1.0,-1.0,1.0,1.0,3
2016-08-05,3,1,1,0,0,1,-1,1,1,8,unanimous,0.03450943132279194,1,15,26,-1.0,-1.0,-1.0,1.0,1.0,3
2016-08-08,3,1,1,0,0,1,-1,1,1,8,unanimous,0.03270981286473873,1,15,27,-1.0,-1.0,-1.0,1.0,1.0,3
2016-08-09,3,1,1,0,0,1,-1,1,1,8,unanimous,0.03204353754482514,1,15,28,-1.0,-1.0,-1.0,1.0,1.0,3
2016-08-10,3,1,1,0,0,1,-1,1,1,8,unanimous,0.02836609580756788,1,15,29,-1.0,-1.0,-1.0,1.0,1.0,3
2016-08-11,3,1,1,0,0,1,-1,1,1,8,unanimous,0.03194998937993976,1,15,30,-1.0,-1.0,1.0,1.0,1.0,3
2016-08-12,1,1,1,0,0,1,1,1,1,8,unanimous,0.03010658242065478,1,15,31,-1.0,-1.0,1.0,1.0,1.0,4
2016-08-15,1,1,1,0,0,1,1,1,1,8,unanimous,0.03169339624839218,-1,16,32,-1.0,-1.0,1.0,0.0,0.0,4
2016-08-16,1,1,1,0,0,1,1,1,1,8,unanimous,0.025286225598156742,-1,16,33,-1.0,-1.0,1.0,0.0,0.0,4
2016-08-17,1,1,1,0,0,1,1,1,1,8,unanimous,0.026093614310693902,-1,16,34,-1.0,-1.0,1.0,0.0,0.0,4
2016-08-18,1,1,1,0,0,1,1,1,1,8,unanimous,0.02740840687565671,-1,16,35,-1.0,-1.0,1.0,0.0,0.0,4
2016-08-19,1,1,1,0,0,1,1,1,1,8,unanimous,0.02525680344101877,-1,16,36,-1.0,-1.0,1.0,0.0,0.0,4
2016-08-22,1,1,1,0,0,1,1,1,1,8,unanimous,0.02397923335598251,-1,16,37,-1.0,-1.0,1.0,0.0,0.0,4
2016-08-23,1,1,1,0,0,1,1,1,1,8,unanimous,0.025232720376010875,-1,16,38,-1.0,-1.0,1.0,0.0,0.0,4
2016-08-24,0,1,0,0,0,1,1,1,1,6,lean,0.019396948884646048,-1,16,39,-1.0,-1.0,1.0,0.0,0.0,4
2016-08-25,0,0,0,1,0,1,1,1,1,6,lean,0.017462579216658947,-1,16,40,-1.0,-1.0,1.0,0.0,0.0,4
2016-08-26,0,2,0,1,0,1,1,1,1,5,mixed,0.015383692710770114,-1,16,41,-1.0,-1.0,1.0,0.0,0.0,4
2016-08-29,0,0,0,0,0,1,1,1,1,7,strong,0.01996109560028214,-1,16,42,-1.0,-1.0,1.0,0.0,0.0,4
2016-08-30,0,0,0,0,0,1,1,1,1,6,lean,0.01748990071860901,-1,16,43,-1.0,-1.0,1.0,0.0,0.0,4
2016-08-31,0,2,0,0,0,1,1,1,1,6,lean,0.014650443012258041,-1,16,44,-1.0,-1.0,1.0,0.0,0.0,4
2016-09-01,0,4,0,0,0,1,1,-1,1,5,mixed,0.01420499779061446,-1,16,45,-1.0,-1.0,1.0,0.0,0.0,3
2016-09-02,0,4,0,0,0,1,1,-1,1,6,lean,0.017898462465972598,-1,16,46,-1.0,-1.0,1.0,0.0,0.0,3
2016-09-06,0,4,4,0,0,1,1,-1,-1,8,unanimous,0.020167615688563845,-1,16,47,-1.0,-1.0,1.0,0.0,0.0,2
2016-09-07,0,4,4,0,0,1,1,-1,-1,7,strong,0.019191342190071903,-1,16,48,-1.0,-1.0,1.0,0.0,0.0,2
2016-09-08,0,4,4,0,0,1,1,-1,-1,8,unanimous,0.016144884915620272,-1,16,49,-1.0,-1.0,1.0,0.0,0.0,2
2016-09-09,4,4,4,3,0,-1,-1,-1,-1,3,mixed,0.009462390533891085,-1,16,1,-1.0,-1.0,1.0,0.0,1.0,4
2016-09-12,4,4,4,0,0,1,-1,-1,-1,4,mixed,0.004748129996954953,-1,16,1,-1.0,-1.0,1.0,0.0,0.0,1
2016-09-13,4,4,4,3,0,-1,-1,-1,-1,3,mixed,0.010934120167416461,-1,16,1,-1.0,-1.0,1.0,0.0,1.0,4
2016-09-14,4,4,4,3,0,-1,-1,-1,-1,3,mixed,0.011877558248488462,-1,16,2,-1.0,-1.0,1.0,0.0,1.0,4
2016-09-15,4,4,4,3,0,-1,-1,-1,-1,3,mixed,0.002041617790126349,-1,16,3,-1.0,-1.0,1.0,0.0,1.0,4
2016-09-16,4,4,4,3,0,-1,-1,-1,-1,3,mixed,0.006325665476139886,-1,16,4,-1.0,-1.0,1.0,0.0,1.0,4
2016-09-19,4,4,4,4,0,-1,-1,-1,-1,3,mixed,0.006549126562213292,-1,16,5,-1.0,-1.0,1.0,0.0,1.0,4
2016-09-20,4,4,4,4,0,-1,-1,-1,-1,3,mixed,0.00705377025658227,-1,16,6,-1.0,-1.0,1.0,0.0,1.0,4
2016-09-21,0,4,4,1,0,1,1,-1,-1,5,mixed,0.00273081062001046,-1,16,1,-1.0,-1.0,1.0,0.0,0.0,2
2016-09-22,0,4,4,1,0,1,1,-1,-1,7,strong,0.008182067163861939,-1,16,2,-1.0,-1.0,1.0,0.0,0.0,2
2016-09-23,0,4,4,1,0,1,1,-1,-1,6,lean,0.017037027847296105,-1,16,3,-1.0,-1.0,1.0,0.0,0.0,2
2016-09-26,0,4,4,4,0,-1,1,-1,-1,3,mixed,0.006029514383034451,-1,16,1,-1.0,-1.0,1.0,0.0,1.0,3
2016-09-27,0,4,4,1,0,1,1,-1,-1,5,mixed,0.014668000217345045,-1,16,1,-1.0,-1.0,1.0,0.0,0.0,2
2016-09-28,0,4,4,1,0,1,1,-1,-1,7,strong,0.019381198395272303,-1,16,2,-1.0,-1.0,1.0,0.0,0.0,2
2016-09-29,0,4,4,1,0,1,1,-1,-1,4,mixed,0.0017989955315089734,-1,16,3,-1.0,-1.0,1.0,0.0,0.0,2
2016-09-30,0,4,4,1,0,1,1,-1,-1,6,lean,0.01342549920427727,-1,16,4,-1.0,-1.0,1.0,0.0,0.0,2
2016-10-03,0,4,4,1,0,1,1,-1,-1,5,mixed,0.010216469777543091,-1,16,5,-1.0,-1.0,1.0,0.0,0.0,2
2016-10-04,0,4,4,1,0,1,1,-1,-1,4,mixed,0.0049895514591912216,-1,16,6,-1.0,-1.0,1.0,0.0,0.0,2
2016-10-05,0,4,4,1,0,1,1,-1,-1,4,mixed,0.0032935260982844827,-1,16,7,-1.0,-1.0,1.0,0.0,0.0,2
2016-10-06,0,4,4,1,0,1,1,-1,-1,4,mixed,0.003859775827709022,-1,16,8,-1.0,-1.0,1.0,0.0,0.0,2
2016-10-07,2,4,4,1,0,1,1,-1,-1,4,mixed,0.00024314392335789137,-1,16,9,-1.0,1.0,1.0,0.0,0.0,2
2016-10-10,2,4,2,2,0,1,1,-1,1,6,lean,0.00495574214063399,-1,16,10,-1.0,1.0,1.0,0.0,0.0,3
2016-10-11,2,4,4,5,0,-1,1,-1,-1,2,lean,0.008487645421184409,-1,16,1,-1.0,1.0,1.0,0.0,1.0,3
2016-10-12,2,4,2,5,0,-1,1,-1,1,2,lean,0.007602303608012839,-1,16,2,-1.0,1.0,1.0,0.0,1.0,2
2016-10-13,4,4,4,5,0,-1,-1,-1,-1,1,strong,0.00871249610042435,-1,16,3,-1.0,1.0,1.0,0.0,1.0,4
2016-10-14,4,4,4,5,0,-1,-1,-1,-1,1,strong,0.010168633494981538,-1,16,4,-1.0,1.0,1.0,0.0,1.0,4
2016-10-17,4,4,4,5,0,-1,-1,-1,-1,1,strong,0.013094901035414663,-1,16,5,-1.0,1.0,1.0,0.0,1.0,4
2016-10-18,2,3,2,5,0,-1,1,-1,1,1,strong,0.005089685960499857,-1,16,6,-1.0,1.0,1.0,0.0,1.0,2
2016-10-19,2,4,4,5,0,-1,1,-1,-1,2,lean,0.005808252193888475,-1,16,7,-1.0,1.0,1.0,0.0,1.0,3
2016-10-20,2,4,4,5,0,-1,1,-1,-1,1,strong,0.006820874990141945,-1,16,8,-1.0,1.0,1.0,0.0,1.0,3
2016-10-21,2,4,4,5,0,-1,1,-1,-1,1,strong,0.005875356648447072,-1,16,9,1.0,1.0,1.0,1.0,1.0,3
2016-10-24,2,3,3,2,0,1,1,-1,-1,4,mixed,0.0009945282282384227,-1,16,1,1.0,1.0,1.0,1.0,0.0,2
2016-10-25,2,3,2,5,0,-1,1,-1,1,2,lean,0.002602691298913662,-1,16,1,1.0,1.0,1.0,1.0,1.0,2
2016-10-26,2,4,4,5,0,-1,1,-1,-1,2,lean,0.0036566827325292817,-1,16,2,1.0,1.0,1.0,1.0,1.0,3
2016-10-27,2,4,4,5,0,-1,1,-1,-1,2,lean,0.006374621157512417,-1,16,3,1.0,1.0,1.0,1.0,1.0,3
2016-10-28,4,4,4,5,0,-1,-1,-1,-1,1,strong,0.00864049754140428,-1,16,4,1.0,1.0,1.0,1.0,1.0,4
2016-10-31,4,4,4,5,0,-1,-1,-1,-1,1,strong,0.008769297947373689,-1,16,5,1.0,1.0,1.0,1.0,1.0,4
2016-11-01,4,4,4,5,0,-1,-1,-1,-1,1,strong,0.015806362010610586,-1,16,6,1.0,1.0,1.0,1.0,1.0,4
2016-11-02,4,4,4,5,0,-1,-1,-1,-1,1,strong,0.022635794659177977,-1,16,7,1.0,1.0,1.0,1.0,1.0,4
2016-11-03,4,4,4,5,0,-1,-1,-1,-1,1,strong,0.026542515821080137,-1,16,8,1.0,1.0,1.0,1.0,1.0,4
2016-11-04,4,4,4,5,0,-1,-1,-1,-1,1,strong,0.027774303043165416,1,17,9,1.0,1.0,1.0,0.0,0.0,4
2016-11-07,4,4,4,5,0,-1,-1,-1,-1,2,lean,0.006747720474880703,1,17,10,1.0,1.0,1.0,0.0,0.0,4
2016-11-08,2,4,4,5,0,-1,1,-1,-1,3,mixed,0.0008206491179658659,1,17,11,1.0,1.0,1.0,0.0,0.0,3
2016-11-09,2,4,4,2,0,1,1,-1,-1,7,strong,0.011015817801569683,1,17,1,1.0,1.0,1.0,0.0,1.0,2
2016-11-10,0,4,4,2,0,1,1,-1,-1,7,strong,0.015889393081638503,1,17,2,1.0,1.0,1.0,0.0,1.0,2
2016-11-11,2,4,4,2,0,1,1,-1,-1,7,strong,0.014539477194234318,1,17,3,1.0,1.0,1.0,0.0,1.0,2
2016-11-14,2,4,2,2,0,1,1,-1,1,7,strong,0.01420530736881942,1,17,4,1.0,1.0,1.0,0.0,1.0,3
2016-11-15,2,4,2,2,0,1,1,-1,1,7,strong,0.018707569256636303,1,17,5,1.0,1.0,1.0,0.0,1.0,3
2016-11-16,2,4,2,2,0,1,1,-1,1,7,strong,0.014998072166685028,1,17,6,1.0,1.0,1.0,0.0,1.0,3
2016-11-17,2,3,3,2,0,1,1,-1,-1,8,unanimous,0.020931648397869096,1,17,7,1.0,1.0,1.0,0.0,1.0,2
2016-11-18,3,3,3,0,0,1,-1,-1,-1,8,unanimous,0.018671796167465282,1,17,8,1.0,1.0,1.0,0.0,1.0,1
2016-11-21,3,3,3,0,0,1,-1,-1,-1,8,unanimous,0.02373243236350764,1,17,9,1.0,1.0,1.0,0.0,1.0,1
2016-11-22,3,3,3,0,0,1,-1,-1,-1,8,unanimous,0.026097411901165324,1,17,10,1.0,1.0,1.0,0.0,1.0,1
2016-11-23,3,3,3,0,0,1,-1,-1,-1,8,unanimous,0.025367588170627786,1,17,11,1.0,1.0,1.0,0.0,1.0,1
2016-11-25,3,3,3,0,0,1,-1,-1,-1,8,unanimous,0.02777097395282191,1,17,12,1.0,1.0,1.0,0.0,1.0,1
2016-11-28,3,3,3,0,0,1,-1,-1,-1,8,unanimous,0.02230828274481711,1,17,13,1.0,1.0,1.0,0.0,1.0,1
2016-11-29,3,3,3,0,0,1,-1,-1,-1,8,unanimous,0.02344491245246072,1,17,14,1.0,1.0,1.0,0.0,1.0,1
2016-11-30,3,2,3,0,0,1,-1,1,-1,8,unanimous,0.020706686554708975,1,17,15,1.0,1.0,1.0,0.0,1.0,2
2016-12-01,3,2,3,0,0,1,-1,1,-1,8,unanimous,0.017031803970457005,1,17,16,1.0,1.0,-1.0,0.0,1.0,2
2016-12-02,3,3,3,0,0,1,-1,-1,-1,8,unanimous,0.017067332404870572,1,17,17,1.0,1.0,-1.0,0.0,1.0,1
2016-12-05,3,3,3,0,0,1,-1,-1,-1,8,unanimous,0.02266179434546567,1,17,18,1.0,1.0,-1.0,0.0,1.0,1
2016-12-06,3,1,3,0,0,1,-1,1,-1,8,unanimous,0.025159436531035362,1,17,19,1.0,1.0,-1.0,0.0,1.0,2
2016-12-07,3,1,3,0,0,1,-1,1,-1,8,unanimous,0.037648967662230914,1,17,20,1.0,1.0,-1.0,0.0,1.0,2
2016-12-08,3,1,1,0,0,1,-1,1,1,8,unanimous,0.03786980516324934,1,17,21,1.0,1.0,-1.0,0.0,1.0,3
2016-12-09,3,1,1,1,0,1,-1,1,1,8,unanimous,0.042260566885055084,1,17,22,1.0,1.0,-1.0,0.0,1.0,3
2016-12-12,3,1,1,1,0,1,-1,1,1,8,unanimous,0.04098876868298451,1,17,23,1.0,1.0,-1.0,0.0,1.0,3
2016-12-13,3,1,1,1,0,1,-1,1,1,8,unanimous,0.047136606594035735,1,17,24,1.0,1.0,-1.0,0.0,1.0,3
2016-12-14,3,1,1,1,0,1,-1,1,1,8,unanimous,0.037914844837153794,1,17,25,1.0,1.0,-1.0,0.0,1.0,3
2016-12-15,3,1,1,1,0,1,-1,1,1,8,unanimous,0.0412608433755135,1,17,26,1.0,1.0,-1.0,0.0,1.0,3
2016-12-16,1,1,1,1,0,1,1,1,1,8,unanimous,0.03582268675015987,1,17,27,1.0,1.0,-1.0,0.0,1.0,4
2016-12-19,1,1,1,1,0,1,1,1,1,8,unanimous,0.040267149204371244,1,17,28,1.0,1.0,-1.0,0.0,1.0,4
2016-12-20,1,1,1,1,0,1,1,1,1,8,unanimous,0.042876493177274044,1,17,29,1.0,1.0,-1.0,0.0,1.0,4
2016-12-21,1,1,1,1,0,1,1,1,1,8,unanimous,0.03968941750927657,1,17,30,1.0,1.0,-1.0,0.0,1.0,4
2016-12-22,1,1,1,1,0,1,1,1,1,8,unanimous,0.037193805257562884,1,17,31,1.0,1.0,-1.0,0.0,1.0,4
2016-12-23,1,1,1,1,0,1,1,1,1,8,unanimous,0.037575152461843064,1,17,32,1.0,1.0,-1.0,0.0,1.0,4
2016-12-27,1,1,1,1,0,1,1,1,1,8,unanimous,0.039020627269938934,1,17,33,1.0,1.0,-1.0,0.0,1.0,4
2016-12-28,1,1,1,1,0,1,1,1,1,7,strong,0.030111325760608154,1,17,34,1.0,1.0,-1.0,0.0,1.0,4
2016-12-29,1,1,1,1,0,1,1,1,1,7,strong,0.029077521598601552,1,17,35,1.0,1.0,-1.0,0.0,1.0,4
2016-12-30,0,1,1,1,0,1,1,1,1,6,lean,0.02387654037384479,1,17,36,1.0,1.0,-1.0,0.0,1.0,4
2017-01-03,3,1,1,2,0,1,-1,1,1,7,strong,0.03150479108198834,1,17,37,1.0,1.0,-1.0,0.0,1.0,3
2017-01-04,3,1,1,2,0,1,-1,1,1,8,unanimous,0.0362383124549821,1,17,38,1.0,1.0,-1.0,0.0,1.0,3
2017-01-05,1,1,1,2,0,1,1,1,1,7,strong,0.0346950470567281,1,17,39,1.0,1.0,-1.0,0.0,1.0,4
2017-01-06,1,1,1,2,0,1,1,1,1,8,unanimous,0.0370935090458111,1,17,40,1.0,1.0,-1.0,0.0,1.0,4
2017-01-09,1,1,1,2,0,1,1,1,1,8,unanimous,0.032634981055455925,1,17,41,1.0,1.0,-1.0,0.0,1.0,4
2017-01-10,1,1,1,2,0,1,1,1,1,8,unanimous,0.03161641938864146,1,17,42,1.0,1.0,-1.0,0.0,1.0,4
2017-01-11,1,1,1,2,0,1,1,1,1,8,unanimous,0.033336377788931615,1,17,43,1.0,1.0,-1.0,0.0,1.0,4
2017-01-12,1,1,1,2,0,1,1,1,1,7,strong,0.030147649866508308,1,17,44,1.0,1.0,-1.0,0.0,1.0,4
2017-01-13,1,1,1,2,0,1,1,1,1,8,unanimous,0.030963474846191885,1,17,45,1.0,1.0,-1.0,0.0,1.0,4
2017-01-17,1,1,1,2,0,1,1,1,1,8,unanimous,0.027105123466551806,1,17,46,1.0,1.0,-1.0,0.0,1.0,4
2017-01-18,1,1,1,2,0,1,1,1,1,8,unanimous,0.027873940462474045,1,17,47,1.0,1.0,1.0,0.0,1.0,4
2017-01-19,1,0,1,2,0,1,1,1,1,6,lean,0.023373700206243075,1,17,48,1.0,1.0,1.0,0.0,1.0,4
2017-01-20,1,1,1,2,0,1,1,1,1,8,unanimous,0.02581176557273812,1,17,49,1.0,1.0,1.0,0.0,1.0,4
2017-01-23,1,0,1,0,0,1,1,1,1,6,lean,0.022225136878716745,1,17,50,1.0,1.0,1.0,0.0,1.0,4
2017-01-24,1,1,1,0,0,1,1,1,1,8,unanimous,0.027667044881237612,1,17,51,1.0,1.0,1.0,0.0,1.0,4
2017-01-25,1,1,1,0,0,1,1,1,1,8,unanimous,0.034324678500199934,1,17,52,1.0,1.0,1.0,0.0,1.0,4
2017-01-26,1,1,1,0,0,1,1,1,1,8,unanimous,0.03234497285823368,1,17,53,1.0,1.0,1.0,0.0,1.0,4
2017-01-27,1,3,1,0,0,1,1,-1,1,8,unanimous,0.030246230258214823,1,17,54,1.0,1.0,1.0,0.0,1.0,3
2017-01-30,1,1,1,0,0,1,1,1,1,8,unanimous,0.023023586119847228,1,17,55,1.0,1.0,1.0,0.0,1.0,4
2017-01-31,1,2,1,0,0,1,1,1,1,8,unanimous,0.02079262592969322,1,17,56,1.0,-1.0,1.0,0.0,1.0,4
2017-02-01,1,1,1,0,0,1,1,1,1,8,unanimous,0.01967042740374436,1,17,57,1.0,-1.0,1.0,0.0,1.0,4
2017-02-02,1,1,1,0,0,1,1,1,1,8,unanimous,0.0187848223146877,1,17,58,1.0,-1.0,1.0,0.0,1.0,4
2017-02-03,1,3,1,0,0,1,1,-1,1,8,unanimous,0.024760022847686747,1,17,59,1.0,-1.0,1.0,0.0,1.0,3
2017-02-06,1,3,1,0,0,1,1,-1,1,8,unanimous,0.021525593358851625,1,17,60,1.0,-1.0,1.0,0.0,1.0,3
2017-02-07,1,3,1,0,0,1,1,-1,1,8,unanimous,0.020791776661783334,1,17,61,1.0,-1.0,1.0,0.0,1.0,3
2017-02-08,1,2,1,0,0,1,1,1,1,7,strong,0.02054249150959797,1,17,62,1.0,-1.0,1.0,0.0,1.0,4
2017-02-09,1,3,1,0,0,1,1,-1,1,8,unanimous,0.025188295528207005,1,17,63,1.0,-1.0,1.0,0.0,1.0,3
2017-02-10,1,3,1,0,0,1,1,-1,1,8,unanimous,0.027600796496787372,1,17,64,1.0,-1.0,1.0,0.0,1.0,3
2017-02-13,1,3,3,0,0,1,1,-1,-1,8,unanimous,0.03168729167311235,1,17,65,1.0,-1.0,1.0,0.0,1.0,2
2017-02-14,1,3,1,0,0,1,1,-1,1,8,unanimous,0.034455049669667726,1,17,66,-1.0,-1.0,1.0,1.0,1.0,3
2017-02-15,1,3,1,0,0,1,1,-1,1,8,unanimous,0.03816587878862354,1,17,67,-1.0,-1.0,1.0,1.0,1.0,3
2017-02-16,3,3,1,0,0,1,-1,-1,1,8,unanimous,0.03612559545867411,1,17,68,-1.0,-1.0,1.0,1.0,1.0,2
2017-02-17,3,3,3,0,0,1,-1,-1,-1,8,unanimous,0.03666639505011693,1,17,69,-1.0,-1.0,1.0,1.0,1.0,1
2017-02-21,3,1,3,0,0,1,-1,1,-1,8,unanimous,0.04235257616273813,1,17,70,-1.0,-1.0,1.0,1.0,1.0,2
2017-02-22,3,1,1,0,0,1,-1,1,1,8,unanimous,0.03920461968424915,1,17,71,-1.0,-1.0,1.0,1.0,1.0,3
2017-02-23,3,1,1,0,0,1,-1,1,1,8,unanimous,0.038535271787850434,1,17,72,-1.0,-1.0,1.0,1.0,1.0,3
2017-02-24,3,1,1,0,0,1,-1,1,1,8,unanimous,0.03880845139417066,1,17,73,-1.0,-1.0,1.0,1.0,1.0,3
2017-02-27,3,1,1,0,0,1,-1,1,1,8,unanimous,0.0386223963408856,1,17,74,-1.0,-1.0,1.0,1.0,1.0,3
2017-02-28,1,1,1,0,0,1,1,1,1,8,unanimous,0.0350053282203352,1,17,75,-1.0,-1.0,1.0,1.0,1.0,4
2017-03-01,1,1,1,1,0,1,1,1,1,8,unanimous,0.04886969968570953,-1,18,76,-1.0,-1.0,1.0,0.0,0.0,4
2017-03-02,3,1,1,1,0,1,-1,1,1,8,unanimous,0.04297788187870377,-1,18,77,-1.0,-1.0,1.0,0.0,0.0,3
2017-03-03,3,1,1,1,0,1,-1,1,1,8,unanimous,0.04291433687864066,-1,18,78,-1.0,-1.0,1.0,0.0,0.0,3
2017-03-06,3,1,1,1,0,1,-1,1,1,8,unanimous,0.0344820895423843,-1,18,79,-1.0,-1.0,1.0,0.0,0.0,3
2017-03-07,3,1,1,1,0,1,-1,1,1,8,unanimous,0.032017462252310946,-1,18,80,-1.0,-1.0,1.0,0.0,0.0,3
2017-03-08,1,1,1,1,0,1,1,1,1,8,unanimous,0.029581250337078147,-1,18,81,-1.0,-1.0,1.0,0.0,0.0,4
2017-03-09,1,1,1,1,0,1,1,1,1,8,unanimous,0.029684588088917052,-1,18,82,-1.0,-1.0,1.0,0.0,0.0,4
2017-03-10,1,1,1,1,0,1,1,1,1,8,unanimous,0.030039459720419104,-1,18,83,-1.0,-1.0,1.0,0.0,0.0,4
2017-03-13,1,1,1,1,0,1,1,1,1,8,unanimous,0.02967455511223316,-1,18,84,-1.0,-1.0,1.0,0.0,0.0,4
2017-03-14,1,1,1,1,0,1,1,1,1,7,strong,0.025523485813236713,-1,18,85,-1.0,-1.0,1.0,0.0,0.0,4
2017-03-15,1,1,1,0,0,1,1,1,1,7,strong,0.03288182693354835,-1,18,86,-1.0,-1.0,1.0,0.0,0.0,4
2017-03-16,1,1,1,0,0,1,1,1,1,7,strong,0.030400785142792985,-1,18,87,-1.0,1.0,1.0,0.0,0.0,4
2017-03-17,1,1,1,0,0,1,1,1,1,7,strong,0.02827773827452007,-1,18,88,-1.0,1.0,1.0,0.0,0.0,4
2017-03-20,1,1,1,0,0,1,1,1,1,7,strong,0.025553151403585828,-1,18,89,-1.0,1.0,1.0,0.0,0.0,4
2017-03-21,0,1,1,0,0,1,1,1,1,5,mixed,0.012527308515201563,-1,18,90,-1.0,1.0,1.0,0.0,0.0,4
2017-03-22,0,1,0,0,0,1,1,1,1,5,mixed,0.013790541276665014,-1,18,91,-1.0,1.0,1.0,0.0,0.0,4
2017-03-23,0,0,0,0,0,1,1,1,1,5,mixed,0.012132130327366486,-1,18,92,-1.0,1.0,1.0,0.0,0.0,4
2017-03-24,0,0,0,0,0,1,1,1,1,4,mixed,0.010740309101519685,-1,18,93,-1.0,1.0,1.0,0.0,0.0,4
2017-03-27,0,0,0,0,0,1,1,1,1,4,mixed,0.009049807123894582,-1,18,94,-1.0,1.0,1.0,0.0,0.0,4
2017-03-28,0,0,0,0,0,1,1,1,1,5,mixed,0.015520421903113868,-1,18,95,-1.0,1.0,1.0,0.0,0.0,4
2017-03-29,0,0,0,0,0,1,1,1,1,5,mixed,0.015728201109368234,-1,18,96,-1.0,1.0,1.0,0.0,0.0,4
2017-03-30,0,5,0,0,0,1,1,-1,1,6,lean,0.01786933448864758,-1,18,97,1.0,1.0,1.0,1.0,0.0,3
2017-03-31,0,5,0,0,0,1,1,-1,1,5,mixed,0.01495151638645853,-1,18,98,1.0,1.0,1.0,1.0,0.0,3
2017-04-03,0,5,0,0,0,1,1,-1,1,5,mixed,0.012657869272124644,-1,18,99,1.0,1.0,1.0,1.0,0.0,3
2017-04-04,0,3,0,1,0,1,1,-1,1,6,lean,0.0126221338157817,-1,18,100,1.0,1.0,1.0,1.0,0.0,3
2017-04-05,0,5,0,1,0,1,1,-1,1,5,mixed,0.008939209889601174,-1,18,101,1.0,1.0,1.0,1.0,0.0,3
2017-04-06,0,3,0,1,0,1,1,-1,1,5,mixed,0.010243511334938726,-1,18,102,1.0,1.0,1.0,1.0,0.0,3
2017-04-07,0,3,0,1,0,1,1,-1,1,5,mixed,0.00883292721830442,-1,18,103,1.0,1.0,1.0,1.0,0.0,3
2017-04-10,0,3,0,1,0,1,1,-1,1,5,mixed,0.008902158961455964,-1,18,104,1.0,1.0,1.0,1.0,0.0,3
2017-04-11,0,4,0,1,0,1,1,-1,1,4,mixed,0.006884791621193043,-1,18,105,1.0,1.0,1.0,1.0,0.0,3
2017-04-12,4,4,4,1,0,1,-1,-1,-1,4,mixed,0.002515820306121408,-1,18,106,1.0,1.0,1.0,1.0,0.0,1
2017-04-13,4,4,4,4,0,-1,-1,-1,-1,3,mixed,0.004859926203383047,1,19,1,1.0,1.0,1.0,0.0,0.0,4
2017-04-17,4,4,4,1,0,1,-1,-1,-1,4,mixed,0.0032504892731426427,1,19,1,1.0,1.0,1.0,0.0,1.0,1
2017-04-18,4,4,4,4,0,-1,-1,-1,-1,3,mixed,0.00021415207887587329,1,19,1,1.0,1.0,1.0,0.0,0.0,4
2017-04-19,4,4,4,4,0,-1,-1,-1,-1,3,mixed,0.0024919144714556918,1,19,2,1.0,1.0,1.0,0.0,0.0,4
2017-04-20,0,4,4,1,0,1,1,-1,-1,7,strong,0.004609354992502812,1,19,1,1.0,1.0,1.0,0.0,1.0,2
2017-04-21,0,4,4,1,0,1,1,-1,-1,5,mixed,0.0011643467441222466,1,19,2,1.0,1.0,1.0,0.0,1.0,2
2017-04-24,0,4,4,1,0,1,1,-1,-1,8,unanimous,0.01270767353199409,1,19,3,1.0,1.0,1.0,0.0,1.0,2
2017-04-25,0,4,4,1,0,1,1,-1,-1,8,unanimous,0.01968509610888347,1,19,4,1.0,1.0,1.0,0.0,1.0,2
2017-04-26,0,4,4,2,0,1,1,-1,-1,8,unanimous,0.015682338366526993,1,19,5,1.0,1.0,1.0,0.0,1.0,2
2017-04-27,0,4,4,2,0,1,1,-1,-1,8,unanimous,0.01835257790920697,1,19,6,1.0,1.0,1.0,0.0,1.0,2
2017-04-28,0,4,4,0,0,1,1,-1,-1,8,unanimous,0.023173391968590473,1,19,7,1.0,1.0,1.0,0.0,1.0,2
2017-05-01,0,4,0,0,0,1,1,-1,1,8,unanimous,0.016463414634146356,1,19,8,1.0,1.0,1.0,0.0,1.0,3
2017-05-02,0,4,0,0,0,1,1,-1,1,8,unanimous,0.020483688767021224,1,19,9,1.0,1.0,1.0,0.0,1.0,3
2017-05-03,0,4,0,0,0,1,1,-1,1,8,unanimous,0.02092011883317757,1,19,10,1.0,1.0,1.0,0.0,1.0,3
2017-05-04,0,4,0,0,0,1,1,-1,1,8,unanimous,0.015304357385776957,1,19,11,1.0,1.0,1.0,0.0,1.0,3
2017-05-05,3,3,3,0,0,1,-1,-1,-1,8,unanimous,0.021089612690603055,1,19,12,1.0,1.0,1.0,0.0,1.0,1
2017-05-08,3,3,3,0,0,1,-1,-1,-1,8,unanimous,0.018271322546312252,1,19,13,1.0,1.0,1.0,0.0,1.0,1
2017-05-09,3,3,3,0,0,1,-1,-1,-1,8,unanimous,0.0165879591565673,1,19,14,1.0,1.0,1.0,0.0,1.0,1
2017-05-10,3,3,3,0,0,1,-1,-1,-1,8,unanimous,0.019107052235024846,1,19,15,1.0,1.0,1.0,0.0,1.0,1
2017-05-11,2,3,3,0,0,1,1,-1,-1,8,unanimous,0.02067707312656497,1,19,16,1.0,1.0,-1.0,0.0,1.0,2
2017-05-12,2,3,3,0,0,1,1,-1,-1,8,unanimous,0.017420178194378355,1,19,17,1.0,1.0,-1.0,0.0,1.0,2
2017-05-15,2,3,3,0,0,1,1,-1,-1,8,unanimous,0.02219107241199425,1,19,18,1.0,1.0,-1.0,0.0,1.0,2
2017-05-16,2,3,3,0,0,1,1,-1,-1,8,unanimous,0.02062341403726009,1,19,19,1.0,1.0,-1.0,0.0,1.0,2
2017-05-17,4,5,4,3,0,-1,-1,-1,-1,3,mixed,0.0035425316656299,1,19,1,1.0,1.0,-1.0,0.0,0.0,4
2017-05-18,4,4,4,1,0,1,-1,-1,-1,4,mixed,0.0012258011851200568,1,19,1,1.0,1.0,-1.0,0.0,1.0,1
2017-05-19,4,5,4,1,0,1,-1,-1,-1,6,lean,0.007523909940233109,1,19,2,1.0,1.0,-1.0,0.0,1.0,1
2017-05-22,2,4,2,1,0,1,1,-1,1,7,strong,0.009945842842058683,1,19,3,1.0,1.0,-1.0,0.0,1.0,3
2017-05-23,2,4,2,1,0,1,1,-1,1,8,unanimous,0.011590586244703993,1,19,4,1.0,1.0,-1.0,0.0,1.0,3
2017-05-24,2,4,2,1,0,1,1,-1,1,8,unanimous,0.013799580400446265,1,19,5,1.0,1.0,-1.0,0.0,1.0,3
2017-05-25,2,3,2,1,0,1,1,-1,1,8,unanimous,0.01686062160912516,1,19,6,1.0,1.0,-1.0,0.0,1.0,3
2017-05-26,2,3,3,1,0,1,1,-1,-1,8,unanimous,0.016666886016759697,1,19,7,1.0,1.0,-1.0,0.0,1.0,2
2017-05-30,2,3,2,1,0,1,1,-1,1,8,unanimous,0.01491663668012222,1,19,8,1.0,1.0,-1.0,0.0,1.0,3
2017-05-31,2,5,2,1,0,1,1,-1,1,8,unanimous,0.015129774233193616,1,19,9,1.0,1.0,-1.0,0.0,1.0,3
2017-06-01,2,5,2,1,0,1,1,-1,1,8,unanimous,0.025378041911981786,1,19,10,1.0,1.0,-1.0,0.0,1.0,3
2017-06-02,2,3,2,1,0,1,1,-1,1,8,unanimous,0.030072976831530096,1,19,11,1.0,1.0,-1.0,0.0,1.0,3
2017-06-05,2,3,3,1,0,1,1,-1,-1,8,unanimous,0.024573360283613233,1,19,12,1.0,1.0,-1.0,0.0,1.0,2
2017-06-06,2,3,3,1,0,1,1,-1,-1,8,unanimous,0.021412024301411314,1,19,13,1.0,1.0,-1.0,0.0,1.0,2
2017-06-07,2,3,2,1,0,1,1,-1,1,8,unanimous,0.022555179752615895,1,19,14,1.0,1.0,-1.0,0.0,1.0,3
2017-06-08,2,5,2,1,0,1,1,-1,1,8,unanimous,0.022344888470003155,1,19,15,1.0,1.0,-1.0,0.0,1.0,3
2017-06-09,2,5,2,2,0,1,1,-1,1,8,unanimous,0.019125990283649585,1,19,16,1.0,1.0,-1.0,0.0,1.0,3
2017-06-12,2,5,2,2,0,1,1,-1,1,8,unanimous,0.01976216741178405,1,19,17,1.0,1.0,-1.0,0.0,1.0,3
2017-06-13,2,3,3,2,0,1,1,-1,-1,8,unanimous,0.02393076092175106,1,19,18,1.0,1.0,-1.0,0.0,1.0,2
2017-06-14,2,3,3,2,0,1,1,-1,-1,8,unanimous,0.02249282144393716,1,19,19,1.0,1.0,-1.0,0.0,1.0,2
2017-06-15,3,2,2,2,0,1,-1,1,1,8,unanimous,0.02704721991345893,1,19,20,1.0,1.0,-1.0,0.0,1.0,3
2017-06-16,2,2,2,2,0,1,1,1,1,7,strong,0.026690475993127682,1,19,21,1.0,1.0,-1.0,0.0,1.0,4
2017-06-19,3,3,3,2,0,1,-1,-1,-1,8,unanimous,0.029236254762984193,1,19,22,1.0,1.0,-1.0,0.0,1.0,1
2017-06-20,2,2,2,2,0,1,1,1,1,8,unanimous,0.019530737660816366,1,19,23,1.0,1.0,-1.0,0.0,1.0,4
2017-06-21,2,2,2,2,0,1,1,1,1,8,unanimous,0.018294983272329257,1,19,24,1.0,1.0,-1.0,0.0,1.0,4
2017-06-22,2,2,2,2,0,1,1,1,1,8,unanimous,0.01731097776848778,1,19,25,1.0,1.0,-1.0,0.0,1.0,4
2017-06-23,0,2,2,2,0,1,1,1,1,8,unanimous,0.018332470164502235,1,19,26,1.0,1.0,-1.0,0.0,1.0,4
2017-06-26,2,2,2,2,0,1,1,1,1,8,unanimous,0.01815428539501651,1,19,27,1.0,1.0,-1.0,0.0,1.0,4
2017-06-27,4,2,2,2,0,1,-1,1,1,6,lean,0.009628632231860168,1,19,28,1.0,1.0,-1.0,0.0,1.0,3
2017-06-28,0,2,0,2,0,1,1,1,1,8,unanimous,0.01785531162978804,1,19,29,1.0,1.0,-1.0,0.0,1.0,4
2017-06-29,4,5,4,2,0,1,-1,-1,-1,5,mixed,0.00877148982874898,1,19,30,1.0,1.0,-1.0,0.0,1.0,1
2017-06-30,4,4,4,2,0,1,-1,-1,-1,5,mixed,0.009822101657951277,1,19,31,1.0,1.0,-1.0,0.0,1.0,1
2017-07-03,4,3,4,0,0,1,-1,-1,-1,5,mixed,0.011644986742217478,1,19,32,1.0,1.0,-1.0,0.0,1.0,1
2017-07-05,4,3,4,0,0,1,-1,-1,-1,6,lean,0.01256734295249684,1,19,33,1.0,1.0,-1.0,0.0,1.0,1
2017-07-06,4,5,4,0,0,1,-1,-1,-1,4,mixed,0.002698577273031022,1,19,34,1.0,1.0,-1.0,0.0,1.0,1
2017-07-07,4,4,4,0,0,1,-1,-1,-1,5,mixed,0.008652630008725293,1,19,35,1.0,1.0,-1.0,0.0,1.0,1
2017-07-10,4,4,4,0,0,1,-1,-1,-1,5,mixed,0.00901118292908365,1,19,36,1.0,-1.0,-1.0,0.0,1.0,1
2017-07-11,4,4,4,0,0,1,-1,-1,-1,5,mixed,0.007546787871254734,1,19,37,1.0,-1.0,-1.0,0.0,1.0,1
2017-07-12,2,3,3,0,0,1,1,-1,-1,8,unanimous,0.014213847058633489,1,19,38,1.0,-1.0,-1.0,0.0,1.0,2
2017-07-13,2,3,3,0,0,1,1,-1,-1,8,unanimous,0.015358573267780451,1,19,39,1.0,-1.0,-1.0,0.0,1.0,2
2017-07-14,2,3,3,0,0,1,1,-1,-1,8,unanimous,0.01918312016063206,1,19,40,1.0,-1.0,-1.0,0.0,1.0,2
2017-07-17,2,3,3,0,0,1,1,-1,-1,8,unanimous,0.018418348540015006,1,19,41,1.0,-1.0,-1.0,0.0,1.0,2
2017-07-18,2,3,3,0,0,1,1,-1,-1,8,unanimous,0.018244043332096505,1,19,42,1.0,-1.0,-1.0,0.0,1.0,2
2017-07-19,3,3,3,0,0,1,-1,-1,-1,8,unanimous,0.02289810501638989,1,19,43,1.0,-1.0,-1.0,0.0,1.0,1
2017-07-20,3,3,3,0,0,1,-1,-1,-1,8,unanimous,0.025753482960791274,1,19,44,1.0,-1.0,-1.0,0.0,1.0,1
2017-07-21,3,3,3,0,0,1,-1,-1,-1,8,unanimous,0.021214600220286428,1,19,45,1.0,-1.0,-1.0,0.0,1.0,1
2017-07-24,3,3,3,1,0,1,-1,-1,-1,8,unanimous,0.019597472129412985,1,19,46,-1.0,-1.0,-1.0,1.0,1.0,1
2017-07-25,3,3,3,1,0,1,-1,-1,-1,8,unanimous,0.02186855462904269,1,19,47,-1.0,-1.0,-1.0,1.0,1.0,1
2017-07-26,3,3,3,1,0,1,-1,-1,-1,8,unanimous,0.023589267007659287,1,19,48,-1.0,-1.0,-1.0,1.0,1.0,1
2017-07-27,3,3,3,1,0,1,-1,-1,-1,8,unanimous,0.019991513822643303,1,19,49,-1.0,-1.0,-1.0,1.0,1.0,1
2017-07-28,3,3,3,1,0,1,-1,-1,-1,8,unanimous,0.02119661195517708,1,19,50,-1.0,-1.0,-1.0,1.0,1.0,1
2017-07-31,3,3,3,1,0,1,-1,-1,-1,8,unanimous,0.018981555192452815,1,19,51,-1.0,-1.0,-1.0,1.0,1.0,1
2017-08-01,3,3,3,1,0,1,-1,-1,-1,8,unanimous,0.01911688009519741,1,19,52,-1.0,-1.0,-1.0,1.0,1.0,1
2017-08-02,2,3,3,1,1,1,1,-1,-1,8,unanimous,0.01866758269777269,1,19,53,-1.0,-1.0,-1.0,1.0,1.0,2
2017-08-03,3,2,3,1,1,1,-1,1,-1,7,strong,0.0252450951104225,1,19,54,-1.0,-1.0,-1.0,1.0,1.0,2
2017-08-04,3,3,3,1,1,1,-1,-1,-1,8,unanimous,0.020853326572759845,1,19,55,-1.0,-1.0,-1.0,1.0,1.0,1
2017-08-07,3,3,3,1,1,1,-1,-1,-1,8,unanimous,0.021556599136354437,-1,20,56,-1.0,-1.0,-1.0,0.0,0.0,1
2017-08-08,3,3,3,1,1,1,-1,-1,-1,7,strong,0.019956157830232857,-1,20,57,-1.0,-1.0,-1.0,0.0,0.0,1
2017-08-09,3,0,0,1,1,1,-1,1,1,7,strong,0.014531563402888859,-1,20,58,-1.0,-1.0,-1.0,0.0,0.0,3
2017-08-10,4,0,4,4,1,-1,-1,1,-1,3,mixed,0.0004519306506587384,-1,20,1,-1.0,-1.0,-1.0,0.0,1.0,3
2017-08-11,4,0,0,2,1,1,-1,1,1,4,mixed,0.000258988803321647,-1,20,1,-1.0,-1.0,-1.0,0.0,0.0,3
2017-08-14,2,0,0,2,1,1,1,1,1,6,lean,0.009680650673217772,-1,20,2,-1.0,-1.0,-1.0,0.0,0.0,4
2017-08-15,2,0,0,2,1,1,1,1,1,6,lean,0.008607998860833743,-1,20,3,-1.0,-1.0,-1.0,0.0,0.0,4
2017-08-16,2,0,0,2,1,1,1,1,1,5,mixed,0.009529120584501283,-1,20,4,-1.0,-1.0,-1.0,0.0,0.0,4
2017-08-17,4,0,4,5,1,-1,-1,1,-1,3,mixed,0.006486544643435899,-1,20,1,-1.0,-1.0,-1.0,0.0,1.0,3
2017-08-18,4,4,4,5,1,-1,-1,-1,-1,3,mixed,0.008516240938497788,-1,20,2,-1.0,-1.0,-1.0,0.0,1.0,4
2017-08-21,4,4,4,3,1,-1,-1,-1,-1,3,mixed,0.007418196643475428,-1,20,3,-1.0,-1.0,-1.0,0.0,1.0,4
2017-08-22,4,4,4,0,1,1,-1,-1,-1,4,mixed,0.002411020876628922,-1,20,1,-1.0,-1.0,1.0,0.0,0.0,1
2017-08-23,4,4,4,3,1,-1,-1,-1,-1,3,mixed,0.0013208073164570067,-1,20,1,-1.0,-1.0,1.0,0.0,1.0,4
2017-08-24,4,4,4,0,1,1,-1,-1,-1,4,mixed,0.0003116109565736158,-1,20,1,-1.0,-1.0,1.0,0.0,0.0,1
2017-08-25,4,4,4,0,1,1,-1,-1,-1,4,mixed,0.0007081232206355148,-1,20,2,-1.0,-1.0,1.0,0.0,0.0,1
2017-08-28,4,4,4,3,1,-1,-1,-1,-1,3,mixed,0.001551839457907489,-1,20,1,-1.0,-1.0,1.0,0.0,1.0,4
2017-08-29,4,4,4,3,1,-1,-1,-1,-1,3,mixed,0.0007648177702370695,-1,20,2,-1.0,-1.0,1.0,0.0,1.0,4
2017-08-30,4,4,4,0,1,1,-1,-1,-1,6,lean,0.0037156069015460425,-1,20,1,-1.0,-1.0,1.0,0.0,0.0,1
2017-08-31,0,4,4,0,1,1,1,-1,-1,7,strong,0.015580689534188341,-1,20,2,-1.0,-1.0,1.0,0.0,0.0,2
2017-09-01,0,3,3,0,1,1,1,-1,-1,7,strong,0.017265958257479452,-1,20,3,-1.0,-1.0,1.0,0.0,0.0,2
2017-09-05,0,4,4,0,1,1,1,-1,-1,6,lean,0.010610931134437118,-1,20,4,-1.0,-1.0,1.0,0.0,0.0,2
2017-09-06,0,4,4,0,1,1,1,-1,-1,7,strong,0.005996222749050539,-1,20,5,-1.0,-1.0,1.0,0.0,0.0,2
2017-09-07,0,4,0,0,1,1,1,-1,1,7,strong,0.008543287395823551,-1,20,6,-1.0,-1.0,1.0,0.0,0.0,3
2017-09-08,0,3,0,1,1,1,1,-1,1,7,strong,0.009433529024995724,-1,20,7,-1.0,-1.0,1.0,0.0,0.0,3
2017-09-11,0,3,0,1,1,1,1,-1,1,8,unanimous,0.018805453554056273,-1,20,8,-1.0,-1.0,1.0,0.0,0.0,3
2017-09-12,0,3,3,1,1,1,1,-1,-1,8,unanimous,0.020925459303930083,-1,20,9,-1.0,-1.0,1.0,0.0,0.0,2
2017-09-13,0,3,3,1,1,1,1,-1,-1,8,unanimous,0.017975781867162643,-1,20,10,-1.0,-1.0,1.0,0.0,0.0,2
2017-09-14,0,3,3,1,1,1,1,-1,-1,8,unanimous,0.016342637758809286,-1,20,11,-1.0,-1.0,1.0,0.0,0.0,2
2017-09-15,3,3,3,1,1,1,-1,-1,-1,8,unanimous,0.025196985656873006,-1,20,12,-1.0,-1.0,1.0,0.0,0.0,1
2017-09-18,3,3,3,1,1,1,-1,-1,-1,8,unanimous,0.026159185738419133,-1,20,13,-1.0,-1.0,1.0,0.0,0.0,1
2017-09-19,3,3,3,1,1,1,-1,-1,-1,8,unanimous,0.0267753232331438,-1,20,14,-1.0,-1.0,1.0,0.0,0.0,1
2017-09-20,3,3,3,1,1,1,-1,-1,-1,8,unanimous,0.022218759243824437,-1,20,15,-1.0,-1.0,1.0,0.0,0.0,1
2017-09-21,3,3,3,1,1,1,-1,-1,-1,8,unanimous,0.02261859409137923,-1,20,16,-1.0,-1.0,1.0,0.0,0.0,1
2017-09-22,3,3,3,1,1,1,-1,-1,-1,8,unanimous,0.023632212867494395,-1,20,17,-1.0,-1.0,1.0,0.0,0.0,1
2017-09-25,3,3,3,1,1,1,-1,-1,-1,8,unanimous,0.020996256242487132,-1,20,18,-1.0,-1.0,1.0,0.0,0.0,1
2017-09-26,3,3,3,1,1,1,-1,-1,-1,8,unanimous,0.02063346633969443,-1,20,19,-1.0,-1.0,1.0,0.0,0.0,1
2017-09-27,3,1,3,1,1,1,-1,1,-1,8,unanimous,0.0242250072221063,-1,20,20,-1.0,-1.0,1.0,0.0,0.0,2
2017-09-28,3,1,1,1,1,1,-1,1,1,8,unanimous,0.020903870615956888,-1,20,21,-1.0,-1.0,1.0,0.0,0.0,3
2017-09-29,3,1,1,2,1,1,-1,1,1,8,unanimous,0.02018877609313896,-1,20,22,-1.0,-1.0,1.0,0.0,0.0,3
2017-10-02,3,1,1,2,1,1,-1,1,1,8,unanimous,0.023338762087823595,-1,20,23,-1.0,-1.0,1.0,0.0,0.0,3
2017-10-03,3,1,1,2,1,1,-1,1,1,8,unanimous,0.030273251624984066,-1,20,24,-1.0,-1.0,1.0,0.0,0.0,3
2017-10-04,3,1,1,2,1,1,-1,1,1,8,unanimous,0.028450491953356805,-1,20,25,-1.0,-1.0,1.0,0.0,0.0,3
2017-10-05,3,1,1,2,1,1,-1,1,1,8,unanimous,0.03407820646516757,-1,20,26,-1.0,-1.0,1.0,0.0,0.0,3
2017-10-06,3,1,1,2,1,1,-1,1,1,8,unanimous,0.03447970399699063,-1,20,27,-1.0,-1.0,1.0,0.0,0.0,3
2017-10-09,3,1,1,2,1,1,-1,1,1,8,unanimous,0.02600267285395985,-1,20,28,-1.0,-1.0,1.0,0.0,0.0,3
2017-10-10,3,1,1,2,1,1,-1,1,1,8,unanimous,0.02769070382805161,-1,20,29,-1.0,-1.0,1.0,0.0,0.0,3
2017-10-11,3,1,1,2,1,1,-1,1,1,8,unanimous,0.02884393763926396,-1,20,30,-1.0,-1.0,1.0,0.0,0.0,3
2017-10-12,3,1,1,2,1,1,-1,1,1,8,unanimous,0.02666215738641564,-1,20,31,-1.0,-1.0,1.0,0.0,0.0,3
2017-10-13,3,1,1,2,1,1,-1,1,1,8,unanimous,0.02700175376299374,-1,20,32,-1.0,-1.0,1.0,0.0,0.0,3
2017-10-16,3,1,1,2,1,1,-1,1,1,8,unanimous,0.02816793258287531,-1,20,33,-1.0,-1.0,1.0,0.0,0.0,3
2017-10-17,3,1,1,2,1,1,-1,1,1,8,unanimous,0.028240142478607955,-1,20,34,-1.0,-1.0,1.0,0.0,0.0,3
2017-10-18,3,1,1,2,1,1,-1,1,1,8,unanimous,0.02841681966430698,-1,20,35,-1.0,1.0,1.0,0.0,0.0,3
2017-10-19,3,1,1,2,1,1,-1,1,1,8,unanimous,0.028183475395678004,-1,20,36,-1.0,1.0,1.0,0.0,0.0,3
2017-10-20,3,1,1,2,1,1,-1,1,1,8,unanimous,0.03256029376050096,-1,20,37,-1.0,1.0,1.0,0.0,0.0,3
2017-10-23,3,1,1,2,1,1,-1,1,1,8,unanimous,0.02802048674852864,-1,20,38,-1.0,1.0,1.0,0.0,0.0,3
2017-10-24,3,1,1,2,1,1,-1,1,1,8,unanimous,0.02896589455849974,-1,20,39,-1.0,1.0,1.0,0.0,0.0,3
2017-10-25,1,1,1,2,1,1,1,1,1,8,unanimous,0.02380174351008535,-1,20,40,-1.0,1.0,1.0,0.0,0.0,4
2017-10-26,1,1,1,2,1,1,1,1,1,8,unanimous,0.024514067232026093,-1,20,41,-1.0,1.0,1.0,0.0,0.0,4
2017-10-27,1,1,1,2,1,1,1,1,1,8,unanimous,0.03174667333220338,-1,20,42,-1.0,1.0,1.0,0.0,0.0,4
2017-10-30,1,1,1,2,1,1,1,1,1,8,unanimous,0.02795894652719666,-1,20,43,-1.0,1.0,-1.0,0.0,0.0,4
2017-10-31,1,1,1,2,1,1,1,1,1,8,unanimous,0.02827115748579967,-1,20,44,-1.0,1.0,-1.0,0.0,0.0,4
2017-11-01,1,1,1,2,1,1,1,1,1,8,unanimous,0.029156456009010512,-1,20,45,1.0,1.0,-1.0,1.0,0.0,4
2017-11-02,1,1,1,2,1,1,1,1,1,8,unanimous,0.02864878257325032,-1,20,46,1.0,1.0,-1.0,1.0,0.0,4
2017-11-03,1,1,1,2,1,1,1,1,1,8,unanimous,0.030720164991005827,-1,20,47,1.0,1.0,-1.0,1.0,0.0,4
2017-11-06,1,1,1,2,1,1,1,1,1,8,unanimous,0.030992378947635624,-1,20,48,1.0,1.0,-1.0,1.0,0.0,4
2017-11-07,1,1,1,2,1,1,1,1,1,8,unanimous,0.029989398902076858,-1,20,49,1.0,1.0,-1.0,1.0,0.0,4
2017-11-08,1,1,1,2,1,1,1,1,1,8,unanimous,0.030564384906143993,-1,20,50,1.0,1.0,-1.0,1.0,0.0,4
2017-11-09,1,1,1,2,1,1,1,1,1,8,unanimous,0.026075667202803077,-1,20,51,1.0,1.0,-1.0,1.0,0.0,4
2017-11-10,1,1,1,2,1,1,1,1,1,8,unanimous,0.024185847572257613,-1,20,52,1.0,1.0,-1.0,1.0,0.0,4
2017-11-13,1,1,1,2,1,1,1,1,1,8,unanimous,0.02411691735218524,-1,20,53,1.0,1.0,-1.0,1.0,0.0,4
2017-11-14,1,1,1,2,1,1,1,1,1,8,unanimous,0.020829420723980974,-1,20,54,1.0,1.0,-1.0,1.0,0.0,4
2017-11-15,2,1,1,2,1,1,1,1,1,6,lean,0.01455368523287126,1,21,55,1.0,1.0,-1.0,0.0,1.0,4
2017-11-16,2,1,1,2,1,1,1,1,1,8,unanimous,0.021774385266082996,1,21,56,1.0,1.0,-1.0,0.0,1.0,4
2017-11-17,2,1,2,2,1,1,1,1,1,7,strong,0.018234868875075527,1,21,57,1.0,1.0,-1.0,0.0,1.0,4
2017-11-20,2,1,2,2,1,1,1,1,1,7,strong,0.018594303390094047,1,21,58,1.0,1.0,-1.0,0.0,1.0,4
2017-11-21,1,2,1,2,1,1,1,1,1,8,unanimous,0.02407280488926722,1,21,59,1.0,1.0,-1.0,0.0,1.0,4
2017-11-22,1,3,1,2,1,1,1,-1,1,8,unanimous,0.02234330330309664,1,21,60,1.0,1.0,-1.0,0.0,1.0,3
2017-11-24,1,3,3,2,1,1,1,-1,-1,8,unanimous,0.023440857489059108,1,21,61,1.0,1.0,-1.0,0.0,1.0,2
2017-11-27,1,2,1,2,1,1,1,1,1,8,unanimous,0.022213450823696856,1,21,62,1.0,1.0,-1.0,0.0,1.0,4
2017-11-28,1,2,1,2,1,1,1,1,1,8,unanimous,0.03094364416183293,1,21,63,1.0,1.0,-1.0,0.0,1.0,4
2017-11-29,1,5,1,2,1,1,1,-1,1,8,unanimous,0.029493727632092903,1,21,64,1.0,1.0,-1.0,0.0,1.0,3
2017-11-30,2,5,2,0,1,1,1,-1,1,8,unanimous,0.036350838996560886,1,21,65,1.0,1.0,-1.0,0.0,1.0,3
2017-12-01,2,5,2,0,1,1,1,-1,1,8,unanimous,0.03322538232132621,1,21,66,1.0,1.0,-1.0,0.0,1.0,3
2017-12-04,2,0,2,0,1,1,1,1,1,8,unanimous,0.031046170125359596,1,21,67,1.0,1.0,-1.0,0.0,1.0,4
2017-12-05,2,4,2,0,1,1,1,-1,1,8,unanimous,0.02643387099878558,1,21,68,1.0,1.0,-1.0,0.0,1.0,3
2017-12-06,2,0,2,0,1,1,1,1,1,8,unanimous,0.025464825766185584,1,21,69,1.0,1.0,-1.0,0.0,1.0,4
2017-12-07,2,2,2,0,1,1,1,1,1,8,unanimous,0.02747279918736234,1,21,70,1.0,1.0,-1.0,0.0,1.0,4
2017-12-08,3,2,2,0,1,1,-1,1,1,8,unanimous,0.031894893875029195,1,21,71,1.0,1.0,-1.0,0.0,1.0,3
2017-12-11,3,2,2,0,1,1,-1,1,1,8,unanimous,0.03402095610890565,1,21,72,1.0,1.0,-1.0,0.0,1.0,3
2017-12-12,3,2,2,0,1,1,-1,1,1,8,unanimous,0.03452162885310528,1,21,73,1.0,1.0,-1.0,0.0,1.0,3
2017-12-13,3,2,2,0,1,1,-1,1,1,8,unanimous,0.033062542134409845,1,21,74,1.0,1.0,-1.0,0.0,1.0,3
2017-12-14,3,2,2,0,1,1,-1,1,1,8,unanimous,0.03295232380583968,1,21,75,1.0,1.0,-1.0,0.0,1.0,3
2017-12-15,1,2,2,0,1,1,1,1,1,8,unanimous,0.03580739006085365,1,21,76,1.0,1.0,-1.0,0.0,1.0,4
2017-12-18,3,2,2,0,1,1,-1,1,1,8,unanimous,0.041376653466613456,1,21,77,1.0,1.0,-1.0,0.0,1.0,3
2017-12-19,3,2,2,1,1,1,-1,1,1,8,unanimous,0.03704314395098518,1,21,78,1.0,1.0,-1.0,0.0,1.0,3
2017-12-20,3,2,3,1,1,1,-1,1,-1,8,unanimous,0.03355511055666738,1,21,79,1.0,1.0,-1.0,0.0,1.0,2
2017-12-21,3,2,2,1,1,1,-1,1,1,8,unanimous,0.03438307925316708,1,21,80,1.0,1.0,-1.0,0.0,1.0,3
2017-12-22,3,3,3,1,1,1,-1,-1,-1,8,unanimous,0.032838181255626875,1,21,81,1.0,1.0,-1.0,0.0,1.0,1
2017-12-26,3,3,3,1,1,1,-1,-1,-1,8,unanimous,0.03077657100658715,1,21,82,1.0,1.0,-1.0,0.0,1.0,1
2017-12-27,3,3,3,1,1,1,-1,-1,-1,8,unanimous,0.030586125303139977,1,21,83,1.0,-1.0,-1.0,0.0,1.0,1
2017-12-28,3,3,3,1,1,1,-1,-1,-1,8,unanimous,0.03142714991700557,1,21,84,1.0,-1.0,-1.0,0.0,1.0,1
2017-12-29,2,0,2,1,1,1,1,1,1,8,unanimous,0.025431085859436875,1,21,85,1.0,-1.0,-1.0,0.0,1.0,4
2018-01-02,3,2,2,1,1,1,-1,1,1,8,unanimous,0.03269249568431265,1,21,86,1.0,-1.0,-1.0,0.0,1.0,3
2018-01-03,3,2,2,1,1,1,-1,1,1,8,unanimous,0.03792767021393173,1,21,87,1.0,-1.0,1.0,0.0,1.0,3
2018-01-04,3,2,2,1,1,1,-1,1,1,8,unanimous,0.040740577990303395,1,21,88,1.0,-1.0,1.0,0.0,1.0,3
2018-01-05,3,1,3,1,1,1,-1,1,-1,8,unanimous,0.046369577322126765,1,21,89,1.0,-1.0,1.0,0.0,1.0,2
2018-01-08,3,1,3,1,1,1,-1,1,-1,8,unanimous,0.046793092487909194,1,21,90,1.0,-1.0,1.0,0.0,1.0,2
2018-01-09,3,2,3,1,1,1,-1,1,-1,8,unanimous,0.046821188567653604,1,21,91,1.0,-1.0,1.0,0.0,1.0,2
2018-01-10,3,2,2,1,1,1,-1,1,1,8,unanimous,0.044537991329496096,1,21,92,1.0,-1.0,1.0,0.0,1.0,3
2018-01-11,3,2,2,2,1,1,-1,1,1,8,unanimous,0.05004421864804276,1,21,93,-1.0,-1.0,1.0,1.0,1.0,3
2018-01-12,3,2,3,2,1,1,-1,1,-1,8,unanimous,0.05514654162645516,1,21,94,-1.0,-1.0,1.0,1.0,1.0,2
2018-01-16,3,2,3,2,1,1,-1,1,-1,8,unanimous,0.050431208237720626,1,21,95,-1.0,-1.0,1.0,1.0,1.0,2
2018-01-17,3,2,3,2,1,1,-1,1,-1,8,unanimous,0.05799190924108055,1,21,96,-1.0,-1.0,1.0,1.0,1.0,2
2018-01-18,3,1,3,2,1,1,-1,1,-1,8,unanimous,0.055089611678258876,1,21,97,-1.0,-1.0,1.0,1.0,1.0,2
2018-01-19,3,1,3,2,1,1,-1,1,-1,8,unanimous,0.057809630167238724,1,21,98,-1.0,-1.0,1.0,1.0,1.0,2
2018-01-22,3,1,3,2,1,1,-1,1,-1,8,unanimous,0.06390632456274303,1,21,99,-1.0,-1.0,1.0,1.0,1.0,2
2018-01-23,3,1,1,2,1,1,-1,1,1,8,unanimous,0.06429071640073925,1,21,100,-1.0,-1.0,1.0,1.0,1.0,3
2018-01-24,3,2,3,2,1,1,-1,1,-1,8,unanimous,0.062101542529029996,1,21,101,-1.0,-1.0,1.0,1.0,1.0,2
2018-01-25,3,2,3,2,1,1,-1,1,-1,8,unanimous,0.06113537930621826,1,21,102,-1.0,-1.0,1.0,1.0,1.0,2
2018-01-26,3,1,1,2,1,1,-1,1,1,8,unanimous,0.07055075332988525,-1,22,103,-1.0,-1.0,1.0,0.0,0.0,3
2018-01-29,3,1,1,2,1,1,-1,1,1,8,unanimous,0.06248359826476302,-1,22,104,-1.0,-1.0,1.0,0.0,0.0,3
2018-01-30,2,1,1,2,1,1,1,1,1,8,unanimous,0.05272755314504618,-1,22,105,-1.0,-1.0,1.0,0.0,0.0,4
2018-01-31,2,1,1,2,1,1,1,1,1,8,unanimous,0.04951479736396791,-1,22,106,-1.0,-1.0,1.0,0.0,0.0,4
2018-02-01,2,1,1,2,1,1,1,1,1,8,unanimous,0.04748113545067767,-1,22,107,-1.0,-1.0,1.0,0.0,0.0,4
2018-02-02,5,5,5,2,1,1,-1,-1,-1,6,lean,0.02542530782237551,-1,22,108,-1.0,-1.0,1.0,0.0,0.0,1
2018-02-05,5,5,5,5,1,-1,-1,-1,-1,3,mixed,0.01731581308332042,-1,22,1,-1.0,-1.0,1.0,0.0,1.0,4
2018-02-06,5,5,5,5,1,-1,-1,-1,-1,3,mixed,0.0002201534992369858,-1,22,2,-1.0,-1.0,1.0,0.0,1.0,4
2018-02-07,5,5,5,5,1,-1,-1,-1,-1,3,mixed,0.005946518947861357,-1,22,3,-1.0,-1.0,1.0,0.0,1.0,4
2018-02-08,5,5,5,5,1,-1,-1,-1,-1,1,strong,0.04583127433854961,-1,22,4,-1.0,-1.0,1.0,0.0,1.0,4
2018-02-09,5,5,5,3,1,-1,-1,-1,-1,2,lean,0.03041567540955392,-1,22,5,-1.0,-1.0,1.0,0.0,1.0,4
2018-02-12,5,5,5,3,1,-1,-1,-1,-1,3,mixed,0.016534233132210918,-1,22,6,-1.0,-1.0,1.0,0.0,1.0,4
2018-02-13,5,4,5,3,1,-1,-1,-1,-1,3,mixed,0.014466639959462402,-1,22,7,-1.0,-1.0,1.0,0.0,1.0,4
2018-02-14,5,5,5,3,1,-1,-1,-1,-1,3,mixed,0.001535602308882611,-1,22,8,-1.0,-1.0,1.0,0.0,1.0,4
2018-02-15,5,4,5,0,1,1,-1,-1,-1,4,mixed,0.009664572606292166,-1,22,1,-1.0,-1.0,1.0,0.0,0.0,1
2018-02-16,5,4,5,0,1,1,-1,-1,-1,4,mixed,0.00910960989871068,-1,22,2,-1.0,-1.0,1.0,0.0,0.0,1
2018-02-20,5,4,4,0,1,1,-1,-1,-1,5,mixed,0.024132782471440573,-1,22,3,-1.0,-1.0,1.0,0.0,0.0,1
2018-02-21,5,4,4,0,1,1,-1,-1,-1,4,mixed,0.0022915324554382277,-1,22,4,-1.0,-1.0,1.0,0.0,0.0,1
2018-02-22,5,4,4,0,1,1,-1,-1,-1,4,mixed,0.008247181596724995,-1,22,5,-1.0,-1.0,1.0,0.0,0.0,1
2018-02-23,4,4,4,0,1,1,-1,-1,-1,7,strong,0.033007298431421805,-1,22,6,-1.0,-1.0,1.0,0.0,0.0,1
2018-02-26,4,4,4,0,1,1,-1,-1,-1,7,strong,0.04345127337884103,-1,22,7,-1.0,-1.0,1.0,0.0,0.0,1
2018-02-27,4,4,4,0,1,1,-1,-1,-1,6,lean,0.030238220877468636,-1,22,8,-1.0,-1.0,1.0,0.0,0.0,1
2018-02-28,4,4,4,0,1,1,-1,-1,-1,5,mixed,0.018588463548038447,-1,22,9,-1.0,-1.0,1.0,0.0,0.0,1
2018-03-01,4,4,4,4,1,-1,-1,-1,-1,3,mixed,0.007827686589100935,-1,22,1,-1.0,-1.0,1.0,0.0,1.0,4
2018-03-02,4,4,4,4,1,-1,-1,-1,-1,3,mixed,0.0023446285171242476,-1,22,2,-1.0,1.0,1.0,0.0,1.0,4
2018-03-05,4,4,4,1,1,1,-1,-1,-1,4,mixed,0.009963645152547662,-1,22,1,-1.0,1.0,1.0,0.0,0.0,1
2018-03-06,4,4,4,1,1,1,-1,-1,-1,7,strong,0.021481996307534668,-1,22,2,-1.0,1.0,1.0,0.0,0.0,1
2018-03-07,4,4,4,1,1,1,-1,-1,-1,6,lean,0.011610736278080402,-1,22,3,-1.0,1.0,1.0,0.0,0.0,1
2018-03-08,4,4,4,1,1,1,-1,-1,-1,7,strong,0.02092394557324695,-1,22,4,-1.0,1.0,1.0,0.0,0.0,1
2018-03-09,0,4,4,1,1,1,1,-1,-1,8,unanimous,0.04006930269396436,-1,22,5,-1.0,1.0,1.0,0.0,0.0,2
2018-03-12,0,4,4,1,1,1,1,-1,-1,8,unanimous,0.03801389999297744,-1,22,6,-1.0,1.0,1.0,0.0,0.0,2
2018-03-13,0,4,4,1,1,1,1,-1,-1,8,unanimous,0.031036046921860128,-1,22,7,-1.0,1.0,1.0,0.0,0.0,2
2018-03-14,0,4,4,1,1,1,1,-1,-1,8,unanimous,0.024707618707993317,-1,22,8,-1.0,1.0,1.0,0.0,0.0,2
2018-03-15,0,4,4,1,1,1,1,-1,-1,8,unanimous,0.023255478138077157,-1,22,9,-1.0,1.0,1.0,0.0,0.0,2
2018-03-16,4,4,4,1,1,1,-1,-1,-1,8,unanimous,0.022078411615515714,-1,22,10,1.0,1.0,1.0,1.0,0.0,1
2018-03-19,4,4,4,4,1,-1,-1,-1,-1,3,mixed,0.0029562315741731293,-1,22,1,1.0,1.0,1.0,1.0,1.0,4
2018-03-20,4,4,4,1,1,1,-1,-1,-1,4,mixed,0.0002502564117310424,-1,22,1,1.0,1.0,1.0,1.0,0.0,1
2018-03-21,4,4,4,1,1,1,-1,-1,-1,4,mixed,0.0039086015431130106,-1,22,2,1.0,1.0,1.0,1.0,0.0,1
2018-03-22,4,4,4,5,1,-1,-1,-1,-1,1,strong,0.022797688407889094,-1,22,1,1.0,1.0,1.0,1.0,1.0,4
2018-03-23,5,4,4,5,1,-1,-1,-1,-1,1,strong,0.05430238940229448,-1,22,2,1.0,1.0,1.0,1.0,1.0,4
2018-03-26,4,4,4,5,1,-1,-1,-1,-1,1,strong,0.02349656607086814,-1,22,3,1.0,1.0,1.0,1.0,1.0,4
2018-03-27,4,4,4,5,1,-1,-1,-1,-1,1,strong,0.039762621284666455,-1,22,4,1.0,1.0,1.0,1.0,1.0,4
2018-03-28,4,4,4,5,1,-1,-1,-1,-1,1,strong,0.040741570870398425,-1,22,5,1.0,1.0,1.0,1.0,1.0,4
2018-03-29,4,4,4,5,1,-1,-1,-1,-1,1,strong,0.020803727168816843,-1,22,6,1.0,1.0,1.0,1.0,1.0,4
2018-04-02,4,4,4,5,1,-1,-1,-1,-1,0,unanimous,0.0460894997966006,1,23,7,1.0,1.0,1.0,0.0,0.0,4
2018-04-03,4,4,4,5,1,-1,-1,-1,-1,1,strong,0.03172089572698322,1,23,8,1.0,1.0,1.0,0.0,0.0,4
2018-04-04,4,4,4,5,1,-1,-1,-1,-1,1,strong,0.019163433622499504,1,23,9,1.0,1.0,1.0,0.0,0.0,4
2018-04-05,4,4,4,5,1,-1,-1,-1,-1,1,strong,0.012105485393127502,1,23,10,1.0,1.0,1.0,0.0,0.0,4
2018-04-06,4,4,4,5,1,-1,-1,-1,-1,1,strong,0.034220076930414844,1,23,11,1.0,1.0,1.0,0.0,0.0,4
2018-04-09,4,4,4,5,1,-1,-1,-1,-1,2,lean,0.031011119946863674,1,23,12,1.0,1.0,1.0,0.0,0.0,4
2018-04-10,4,4,4,5,1,-1,-1,-1,-1,1,strong,0.013987496226017804,1,23,13,1.0,1.0,1.0,0.0,0.0,4
2018-04-11,4,4,4,5,1,-1,-1,-1,-1,2,lean,0.019629719424312242,1,23,14,1.0,1.0,1.0,0.0,0.0,4
2018-04-12,4,4,4,5,1,-1,-1,-1,-1,3,mixed,0.01108613291102123,1,23,15,1.0,1.0,1.0,0.0,0.0,4
2018-04-13,4,4,4,5,1,-1,-1,-1,-1,3,mixed,0.013678833516511224,1,23,16,1.0,1.0,1.0,0.0,0.0,4
2018-04-16,4,4,4,3,1,-1,-1,-1,-1,3,mixed,0.004807806417206795,1,23,17,1.0,1.0,1.0,0.0,0.0,4
2018-04-17,0,4,4,0,1,1,1,-1,-1,5,mixed,0.006307156239774736,1,23,1,1.0,1.0,1.0,0.0,1.0,2
2018-04-18,0,4,4,0,1,1,1,-1,-1,6,lean,0.007226026567707433,1,23,2,1.0,1.0,1.0,0.0,1.0,2
2018-04-19,0,4,4,0,1,1,1,-1,-1,4,mixed,0.0014389439385766867,1,23,3,1.0,1.0,1.0,0.0,1.0,2
2018-04-20,0,4,4,0,1,1,1,-1,-1,4,mixed,0.009865796245308034,1,23,4,1.0,1.0,1.0,0.0,1.0,2
2018-04-23,0,4,0,0,1,1,1,-1,1,4,mixed,0.008307612570191414,1,23,5,1.0,1.0,1.0,0.0,1.0,3
2018-04-24,0,4,4,3,1,-1,1,-1,-1,1,strong,0.009105880944380473,1,23,1,1.0,1.0,1.0,0.0,0.0,3
2018-04-25,0,3,0,3,1,-1,1,-1,1,2,lean,0.003970231868220653,1,23,2,1.0,1.0,1.0,0.0,0.0,2
2018-04-26,0,3,3,0,1,1,1,-1,-1,4,mixed,0.0011061183366279925,1,23,1,1.0,1.0,1.0,0.0,1.0,2
2018-04-27,0,3,0,0,1,1,1,-1,1,4,mixed,0.005097499065239042,1,23,2,1.0,1.0,1.0,0.0,1.0,3
2018-04-30,0,3,3,3,1,-1,1,-1,-1,2,lean,0.011249802123522334,1,23,1,1.0,1.0,1.0,0.0,0.0,3
2018-05-01,0,3,3,3,1,-1,1,-1,-1,2,lean,0.008280288199078445,1,23,2,1.0,1.0,1.0,0.0,0.0,3
2018-05-02,0,3,0,3,1,-1,1,-1,1,1,strong,0.009229275489193611,1,23,3,1.0,1.0,1.0,0.0,0.0,2
2018-05-03,4,4,4,4,1,-1,-1,-1,-1,1,strong,0.01628908919093064,1,23,4,1.0,1.0,1.0,0.0,0.0,4
2018-05-04,0,3,3,4,1,-1,1,-1,-1,3,mixed,0.0023822527386436754,1,23,5,1.0,1.0,1.0,0.0,0.0,3
2018-05-07,0,3,3,1,1,1,1,-1,-1,6,lean,0.003775273210263941,1,23,1,1.0,1.0,1.0,0.0,1.0,2
2018-05-08,0,4,4,1,1,1,1,-1,-1,6,lean,0.005632580738774151,1,23,2,1.0,1.0,1.0,0.0,1.0,2
2018-05-09,0,3,0,1,1,1,1,-1,1,7,strong,0.015490471258846505,1,23,3,1.0,1.0,1.0,0.0,1.0,3
2018-05-10,0,3,3,1,1,1,1,-1,-1,8,unanimous,0.02169612850270697,1,23,4,1.0,1.0,1.0,0.0,1.0,2
2018-05-11,0,3,3,1,1,1,1,-1,-1,8,unanimous,0.021193545970500938,1,23,5,1.0,1.0,1.0,0.0,1.0,2
2018-05-14,0,3,3,1,1,1,1,-1,-1,7,strong,0.020979695036694834,1,23,6,1.0,1.0,1.0,0.0,1.0,2
2018-05-15,0,3,3,1,1,1,1,-1,-1,7,strong,0.013774138639356726,1,23,7,1.0,1.0,1.0,0.0,1.0,2
2018-05-16,0,3,3,1,1,1,1,-1,-1,8,unanimous,0.017708249222301964,1,23,8,1.0,1.0,1.0,0.0,1.0,2
2018-05-17,0,3,3,1,1,1,1,-1,-1,8,unanimous,0.016299307367194316,1,23,9,1.0,1.0,1.0,0.0,1.0,2
2018-05-18,0,3,3,1,1,1,1,-1,-1,8,unanimous,0.015787155253288554,1,23,10,1.0,1.0,1.0,0.0,1.0,2
2018-05-21,0,3,3,1,1,1,1,-1,-1,7,strong,0.022092903698623156,1,23,11,1.0,1.0,1.0,0.0,1.0,2
2018-05-22,0,3,3,1,1,1,1,-1,-1,7,strong,0.01927736366401278,1,23,12,1.0,1.0,1.0,0.0,1.0,2
2018-05-23,0,3,3,1,1,1,1,-1,-1,7,strong,0.018197249161533313,1,23,13,1.0,1.0,1.0,0.0,1.0,2
2018-05-24,0,3,3,2,1,1,1,-1,-1,8,unanimous,0.016085909526936004,1,23,14,1.0,1.0,1.0,0.0,1.0,2
2018-05-25,0,3,0,2,1,1,1,-1,1,7,strong,0.016043682683315574,1,23,15,1.0,1.0,1.0,0.0,1.0,3
2018-05-29,0,2,0,2,1,1,1,1,1,4,mixed,0.0017174803993117438,1,23,16,1.0,1.0,1.0,0.0,1.0,4
2018-05-30,0,2,2,2,1,1,1,1,1,8,unanimous,0.014425960646786251,1,23,17,1.0,1.0,1.0,0.0,1.0,4
2018-05-31,0,2,2,2,1,1,1,1,1,4,mixed,0.007624427009762291,1,23,18,1.0,1.0,1.0,0.0,1.0,4
2018-06-01,0,2,2,2,1,1,1,1,1,8,unanimous,0.018408826475113438,1,23,19,1.0,1.0,1.0,0.0,1.0,4
2018-06-04,0,2,2,2,1,1,1,1,1,8,unanimous,0.021867828245114906,1,23,20,1.0,1.0,1.0,0.0,1.0,4
2018-06-05,0,2,2,2,1,1,1,1,1,7,strong,0.021307315096641744,1,23,21,1.0,1.0,1.0,0.0,1.0,4
2018-06-06,0,2,2,2,1,1,1,1,1,7,strong,0.02877068806685934,1,23,22,1.0,1.0,1.0,0.0,1.0,4
2018-06-07,0,2,2,2,1,1,1,1,1,8,unanimous,0.02619869369609129,1,23,23,1.0,1.0,1.0,0.0,1.0,4
2018-06-08,3,3,3,2,1,1,-1,-1,-1,8,unanimous,0.025091791161302224,1,23,24,1.0,1.0,1.0,0.0,1.0,1
2018-06-11,3,3,3,2,1,1,-1,-1,-1,8,unanimous,0.02621800463437629,1,23,25,1.0,1.0,1.0,0.0,1.0,1
2018-06-12,3,3,3,2,1,1,-1,-1,-1,8,unanimous,0.029560109788841604,1,23,26,1.0,1.0,1.0,0.0,1.0,1
2018-06-13,3,2,3,2,1,1,-1,1,-1,8,unanimous,0.024126833264592307,1,23,27,1.0,1.0,1.0,0.0,1.0,2
2018-06-14,3,2,3,2,1,1,-1,1,-1,8,unanimous,0.026740962187404183,1,23,28,1.0,1.0,1.0,0.0,1.0,2
2018-06-15,2,2,2,2,1,1,1,1,1,8,unanimous,0.024865398086763135,1,23,29,1.0,1.0,1.0,0.0,1.0,4
2018-06-18,3,3,3,2,1,1,-1,-1,-1,8,unanimous,0.024091297793732758,1,23,30,1.0,1.0,1.0,0.0,1.0,1
2018-06-19,2,2,2,2,1,1,1,1,1,8,unanimous,0.020388454137477252,1,23,31,1.0,1.0,1.0,0.0,1.0,4
2018-06-20,2,3,2,2,1,1,1,-1,1,7,strong,0.02246536718937686,1,23,32,1.0,1.0,1.0,0.0,1.0,3
2018-06-21,2,2,2,2,1,1,1,1,1,6,lean,0.016539483590274684,1,23,33,1.0,1.0,1.0,0.0,1.0,4
2018-06-22,2,2,2,2,1,1,1,1,1,6,lean,0.018633670215805975,1,23,34,1.0,1.0,1.0,0.0,1.0,4
2018-06-25,2,2,2,2,1,1,1,1,1,4,mixed,0.005233568811782052,1,23,35,1.0,1.0,1.0,0.0,1.0,4
2018-06-26,2,2,2,0,1,1,1,1,1,5,mixed,0.007810940275942313,1,23,36,1.0,1.0,-1.0,0.0,1.0,4
2018-06-27,2,2,2,3,1,-1,1,1,1,2,lean,0.0024585710438926878,1,23,1,1.0,1.0,-1.0,0.0,0.0,1
2018-06-28,2,2,2,0,1,1,1,1,1,5,mixed,0.0040643515741407565,1,23,1,1.0,1.0,-1.0,0.0,1.0,4
2018-06-29,2,2,2,0,1,1,1,1,1,4,mixed,0.0037763608103018598,1,23,2,1.0,1.0,-1.0,0.0,1.0,4
2018-07-02,2,3,2,0,1,1,1,-1,1,4,mixed,0.006115384257938228,1,23,3,1.0,1.0,-1.0,0.0,1.0,3
2018-07-03,2,3,2,0,1,1,1,-1,1,4,mixed,0.0004645077994163138,1,23,4,1.0,1.0,-1.0,0.0,1.0,3
2018-07-05,2,3,2,0,1,1,1,-1,1,4,mixed,0.008658656280422838,1,23,5,1.0,1.0,-1.0,0.0,1.0,3
2018-07-06,2,3,3,0,1,1,1,-1,-1,7,strong,0.016415919991934258,1,23,6,1.0,1.0,-1.0,0.0,1.0,2
2018-07-09,2,3,3,0,1,1,1,-1,-1,8,unanimous,0.024434787475846265,1,23,7,1.0,1.0,-1.0,0.0,1.0,2
2018-07-10,3,3,3,0,1,1,-1,-1,-1,8,unanimous,0.0274783155499827,1,23,8,1.0,1.0,-1.0,0.0,1.0,1
2018-07-11,3,3,3,0,1,1,-1,-1,-1,7,strong,0.019375242405146875,1,23,9,1.0,1.0,-1.0,0.0,1.0,1
2018-07-12,3,3,3,0,1,1,-1,-1,-1,8,unanimous,0.03204378821926013,1,23,10,1.0,1.0,-1.0,0.0,1.0,1
2018-07-13,3,3,3,0,1,1,-1,-1,-1,8,unanimous,0.030342946058127485,1,23,11,1.0,1.0,-1.0,0.0,1.0,1
2018-07-16,3,3,3,1,1,1,-1,-1,-1,8,unanimous,0.02860883295590988,1,23,12,1.0,1.0,-1.0,0.0,1.0,1
2018-07-17,3,3,3,1,1,1,-1,-1,-1,8,unanimous,0.029485179637635528,1,23,13,1.0,1.0,-1.0,0.0,1.0,1
2018-07-18,3,3,3,1,1,1,-1,-1,-1,8,unanimous,0.03636859456262931,1,23,14,1.0,1.0,-1.0,0.0,1.0,1
2018-07-19,3,3,3,1,1,1,-1,-1,-1,8,unanimous,0.02571390537276519,1,23,15,1.0,1.0,-1.0,0.0,1.0,1
2018-07-20,1,3,3,1,1,1,1,-1,-1,8,unanimous,0.02379028676860173,1,23,16,1.0,1.0,-1.0,0.0,1.0,2
2018-07-23,1,3,3,1,1,1,1,-1,-1,8,unanimous,0.02476682069671199,1,23,17,1.0,1.0,-1.0,0.0,1.0,2
2018-07-24,1,3,1,1,1,1,1,-1,1,8,unanimous,0.036636589690174026,1,23,18,1.0,1.0,-1.0,0.0,1.0,3
2018-07-25,1,1,1,1,1,1,1,1,1,8,unanimous,0.04322100539026241,1,23,19,1.0,1.0,-1.0,0.0,1.0,4
2018-07-26,1,1,1,1,1,1,1,1,1,8,unanimous,0.042172044872232806,1,23,20,1.0,1.0,-1.0,0.0,1.0,4
2018-07-27,1,1,1,1,1,1,1,1,1,8,unanimous,0.03545332032983095,1,23,21,1.0,1.0,-1.0,0.0,1.0,4
2018-07-30,1,1,1,1,1,1,1,1,1,8,unanimous,0.02953937847038124,1,23,22,1.0,1.0,-1.0,0.0,1.0,4
2018-07-31,1,2,1,1,1,1,1,1,1,8,unanimous,0.031807831183048085,1,23,23,1.0,1.0,-1.0,0.0,1.0,4
2018-08-01,1,1,1,1,1,1,1,1,1,7,strong,0.03291585184127943,1,23,24,1.0,1.0,-1.0,0.0,1.0,4
2018-08-02,1,1,1,1,1,1,1,1,1,8,unanimous,0.03204910272995687,1,23,25,1.0,1.0,-1.0,0.0,1.0,4
2018-08-03,1,1,1,1,1,1,1,1,1,8,unanimous,0.028352149040826058,1,23,26,1.0,1.0,-1.0,0.0,1.0,4
2018-08-06,1,1,1,2,1,1,1,1,1,8,unanimous,0.030331236654846938,1,23,27,1.0,1.0,-1.0,0.0,1.0,4
2018-08-07,1,1,1,2,1,1,1,1,1,8,unanimous,0.032334616148835704,1,23,28,1.0,1.0,-1.0,0.0,1.0,4
2018-08-08,1,1,1,2,1,1,1,1,1,8,unanimous,0.031319581155547005,1,23,29,1.0,1.0,-1.0,0.0,1.0,4
2018-08-09,1,1,1,2,1,1,1,1,1,8,unanimous,0.029052375143860054,1,23,30,1.0,1.0,-1.0,0.0,1.0,4
2018-08-10,1,1,1,2,1,1,1,1,1,8,unanimous,0.021311291017008238,1,23,31,1.0,1.0,-1.0,0.0,1.0,4
2018-08-13,1,1,1,2,1,1,1,1,1,7,strong,0.016695297058785252,1,23,32,1.0,1.0,-1.0,0.0,1.0,4
2018-08-14,1,1,1,2,1,1,1,1,1,8,unanimous,0.022287711677758115,1,23,33,1.0,1.0,-1.0,0.0,1.0,4
2018-08-15,1,2,1,2,1,1,1,1,1,7,strong,0.014154866940879751,1,23,34,1.0,1.0,-1.0,0.0,1.0,4
2018-08-16,1,1,1,2,1,1,1,1,1,8,unanimous,0.02134039356299222,1,23,35,1.0,1.0,-1.0,0.0,1.0,4
2018-08-17,1,1,1,2,1,1,1,1,1,8,unanimous,0.023943135304097862,1,23,36,1.0,1.0,-1.0,0.0,1.0,4
2018-08-20,1,1,1,2,1,1,1,1,1,8,unanimous,0.025581331982326705,1,23,37,1.0,1.0,-1.0,0.0,1.0,4
2018-08-21,1,1,1,0,1,1,1,1,1,8,unanimous,0.026789309127103977,1,23,38,1.0,1.0,-1.0,0.0,1.0,4
2018-08-22,1,1,1,0,1,1,1,1,1,8,unanimous,0.025376483942711858,1,23,39,1.0,-1.0,-1.0,0.0,1.0,4
2018-08-23,1,1,1,0,1,1,1,1,1,8,unanimous,0.022907783695883976,1,23,40,1.0,-1.0,-1.0,0.0,1.0,4
2018-08-24,1,1,1,0,1,1,1,1,1,8,unanimous,0.02803282674861296,1,23,41,1.0,-1.0,-1.0,0.0,1.0,4
2018-08-27,1,1,1,0,1,1,1,1,1,8,unanimous,0.03461189800682363,1,23,42,1.0,-1.0,-1.0,0.0,1.0,4
2018-08-28,1,1,1,0,1,1,1,1,1,8,unanimous,0.03399511664713617,1,23,43,1.0,-1.0,-1.0,0.0,1.0,4
2018-08-29,1,1,1,0,1,1,1,1,1,8,unanimous,0.03860649531407123,1,23,44,1.0,-1.0,-1.0,0.0,1.0,4
2018-08-30,1,1,1,0,1,1,1,1,1,8,unanimous,0.03350046235718618,1,23,45,1.0,-1.0,-1.0,0.0,1.0,4
2018-08-31,1,1,1,0,1,1,1,1,1,8,unanimous,0.03286658761452954,1,23,46,1.0,-1.0,-1.0,0.0,1.0,4
2018-09-04,1,1,1,0,1,1,1,1,1,8,unanimous,0.03054727846483396,1,23,47,1.0,-1.0,-1.0,0.0,1.0,4
2018-09-05,1,2,1,0,1,1,1,1,1,8,unanimous,0.0271490097619832,1,23,48,1.0,-1.0,-1.0,0.0,1.0,4
2018-09-06,1,0,1,0,1,1,1,1,1,8,unanimous,0.02298361947435823,1,23,49,-1.0,-1.0,-1.0,1.0,1.0,4
2018-09-07,1,0,1,0,1,1,1,1,1,8,unanimous,0.020211846837871472,1,23,50,-1.0,-1.0,-1.0,1.0,1.0,4
2018-09-10,1,1,1,1,1,1,1,1,1,8,unanimous,0.021542375464418395,1,23,51,-1.0,-1.0,-1.0,1.0,1.0,4
2018-09-11,1,1,1,1,1,1,1,1,1,7,strong,0.02461596224358098,1,23,52,-1.0,-1.0,-1.0,1.0,1.0,4
2018-09-12,1,1,1,1,1,1,1,1,1,7,strong,0.02429407713044851,1,23,53,-1.0,-1.0,-1.0,1.0,1.0,4
2018-09-13,1,1,1,0,1,1,1,1,1,7,strong,0.029547003447768283,1,23,54,-1.0,-1.0,-1.0,1.0,1.0,4
2018-09-14,1,1,1,0,1,1,1,1,1,8,unanimous,0.028152641402966805,1,23,55,-1.0,-1.0,-1.0,1.0,1.0,4
2018-09-17,1,1,1,0,1,1,1,1,1,7,strong,0.02179869842386095,1,23,56,-1.0,-1.0,-1.0,1.0,1.0,4
2018-09-18,1,1,1,0,1,1,1,1,1,8,unanimous,0.026241088581109517,1,23,57,-1.0,-1.0,-1.0,1.0,1.0,4
2018-09-19,1,1,1,0,1,1,1,1,1,8,unanimous,0.02636860751515857,1,23,58,-1.0,-1.0,-1.0,1.0,1.0,4
2018-09-20,1,1,1,0,1,1,1,1,1,8,unanimous,0.03287380799162365,-1,24,59,-1.0,-1.0,-1.0,0.0,0.0,4
2018-09-21,1,1,1,0,1,1,1,1,1,8,unanimous,0.031180148945300412,-1,24,60,-1.0,-1.0,-1.0,0.0,0.0,4
2018-09-24,1,1,1,0,1,1,1,1,1,8,unanimous,0.026523348482635156,-1,24,61,-1.0,-1.0,-1.0,0.0,0.0,4
2018-09-25,1,2,1,0,1,1,1,1,1,8,unanimous,0.024082725549154027,-1,24,62,-1.0,-1.0,-1.0,0.0,0.0,4
2018-09-26,1,0,1,0,1,1,1,1,1,8,unanimous,0.019760595012567106,-1,24,63,-1.0,-1.0,-1.0,0.0,0.0,4
2018-09-27,1,2,1,0,1,1,1,1,1,7,strong,0.021340691782456567,-1,24,64,-1.0,-1.0,1.0,0.0,0.0,4
2018-09-28,1,2,2,0,1,1,1,1,1,8,unanimous,0.020302180650029755,-1,24,65,-1.0,-1.0,1.0,0.0,0.0,4
2018-10-01,1,2,2,0,1,1,1,1,1,8,unanimous,0.02296300456181144,-1,24,66,-1.0,-1.0,1.0,0.0,0.0,4
2018-10-02,1,2,2,1,1,1,1,1,1,8,unanimous,0.021761156570677564,-1,24,67,-1.0,-1.0,1.0,0.0,0.0,4
2018-10-03,1,2,2,1,1,1,1,1,1,8,unanimous,0.021705909858179884,-1,24,68,-1.0,-1.0,1.0,0.0,0.0,4
2018-10-04,2,2,2,0,1,1,1,1,1,6,lean,0.012763026696651969,-1,24,69,-1.0,-1.0,1.0,0.0,0.0,4
2018-10-05,2,2,2,0,1,1,1,1,1,5,mixed,0.006668387925658492,-1,24,70,-1.0,-1.0,1.0,0.0,0.0,4
2018-10-08,2,2,2,0,1,1,1,1,1,5,mixed,0.005780632055609081,-1,24,71,-1.0,-1.0,1.0,0.0,0.0,4
2018-10-09,2,2,2,0,1,1,1,1,1,4,mixed,0.0038628623415452035,-1,24,72,-1.0,-1.0,1.0,0.0,0.0,4
2018-10-10,4,5,5,3,1,-1,-1,-1,-1,1,strong,0.030417575688349574,-1,24,1,-1.0,-1.0,1.0,0.0,1.0,4
2018-10-11,5,5,5,3,1,-1,-1,-1,-1,0,unanimous,0.05187565387618287,-1,24,2,-1.0,-1.0,1.0,0.0,1.0,4
2018-10-12,5,5,5,3,1,-1,-1,-1,-1,1,strong,0.0366755646386252,-1,24,3,-1.0,-1.0,1.0,0.0,1.0,4
2018-10-15,5,4,5,3,1,-1,-1,-1,-1,0,unanimous,0.04261966710004361,-1,24,4,-1.0,-1.0,1.0,0.0,1.0,4
2018-10-16,5,4,4,3,1,-1,-1,-1,-1,2,lean,0.020340615610169976,-1,24,5,-1.0,-1.0,1.0,0.0,1.0,4
2018-10-17,5,4,4,3,1,-1,-1,-1,-1,1,strong,0.020535252251796976,-1,24,6,-1.0,-1.0,1.0,0.0,1.0,4
2018-10-18,5,4,4,3,1,-1,-1,-1,-1,1,strong,0.035211543785251154,-1,24,7,-1.0,-1.0,1.0,0.0,1.0,4
2018-10-19,5,4,4,3,1,-1,-1,-1,-1,0,unanimous,0.03282926844011169,-1,24,8,-1.0,-1.0,1.0,0.0,1.0,4
2018-10-22,5,4,4,3,1,-1,-1,-1,-1,0,unanimous,0.03439406592501948,-1,24,9,-1.0,-1.0,1.0,0.0,1.0,4
2018-10-23,5,4,4,4,1,-1,-1,-1,-1,0,unanimous,0.03706060815732437,-1,24,10,-1.0,-1.0,1.0,0.0,1.0,4
2018-10-24,5,4,4,4,1,-1,-1,-1,-1,0,unanimous,0.06442425922183315,-1,24,11,-1.0,-1.0,1.0,0.0,1.0,4
2018-10-25,5,4,4,4,1,-1,-1,-1,-1,0,unanimous,0.04229011933679083,-1,24,12,-1.0,-1.0,1.0,0.0,1.0,4
2018-10-26,5,4,4,4,1,-1,-1,-1,-1,0,unanimous,0.0627814947382066,-1,24,13,-1.0,-1.0,1.0,0.0,1.0,4
2018-10-29,5,4,4,4,1,-1,-1,-1,-1,0,unanimous,0.06937184567516153,-1,24,14,-1.0,-1.0,1.0,0.0,1.0,4
2018-10-30,5,4,4,4,1,-1,-1,-1,-1,0,unanimous,0.05235787016661364,-1,24,15,-1.0,-1.0,1.0,0.0,1.0,4
2018-10-31,5,4,4,4,1,-1,-1,-1,-1,0,unanimous,0.04069082637989685,-1,24,16,-1.0,-1.0,1.0,0.0,1.0,4
2018-11-01,5,4,4,4,1,-1,-1,-1,-1,0,unanimous,0.02954131112269387,-1,24,17,-1.0,-1.0,1.0,0.0,1.0,4
2018-11-02,5,4,4,4,1,-1,-1,-1,-1,0,unanimous,0.03595514732008653,-1,24,18,-1.0,-1.0,1.0,0.0,1.0,4
2018-11-05,4,4,4,4,1,-1,-1,-1,-1,0,unanimous,0.029966556552225576,-1,24,19,-1.0,-1.0,1.0,0.0,1.0,4
2018-11-06,4,4,4,4,1,-1,-1,-1,-1,2,lean,0.023408211546279256,-1,24,20,-1.0,-1.0,1.0,0.0,1.0,4
2018-11-07,0,4,4,1,1,1,1,-1,-1,4,mixed,0.010025254012925755,-1,24,1,-1.0,-1.0,1.0,0.0,0.0,2
2018-11-08,0,4,4,1,1,1,1,-1,-1,4,mixed,0.015519010104621644,-1,24,2,-1.0,-1.0,1.0,0.0,0.0,2
2018-11-09,0,4,4,1,1,1,1,-1,-1,4,mixed,0.004991038113629331,-1,24,3,-1.0,-1.0,1.0,0.0,0.0,2
2018-11-12,4,4,4,4,1,-1,-1,-1,-1,1,strong,0.01333516802264656,-1,24,1,-1.0,-1.0,1.0,0.0,1.0,4
2018-11-13,4,4,4,5,1,-1,-1,-1,-1,1,strong,0.03130092028042153,-1,24,2,-1.0,-1.0,1.0,0.0,1.0,4
2018-11-14,4,4,4,5,1,-1,-1,-1,-1,0,unanimous,0.03740154050175892,-1,24,3,-1.0,-1.0,1.0,0.0,1.0,4
2018-11-15,4,4,4,5,1,-1,-1,-1,-1,1,strong,0.014130861773856696,-1,24,4,-1.0,-1.0,1.0,0.0,1.0,4
2018-11-16,4,4,4,5,1,-1,-1,-1,-1,2,lean,0.011515679936815237,-1,24,5,-1.0,-1.0,1.0,0.0,1.0,4
2018-11-19,4,4,4,5,1,-1,-1,-1,-1,0,unanimous,0.026209909164941703,-1,24,6,-1.0,-1.0,1.0,0.0,1.0,4
2018-11-20,4,4,4,5,1,-1,-1,-1,-1,0,unanimous,0.045172857596754934,-1,24,7,-1.0,-1.0,1.0,0.0,1.0,4
2018-11-21,4,4,4,5,1,-1,-1,-1,-1,0,unanimous,0.046971658790330606,-1,24,8,-1.0,-1.0,1.0,0.0,1.0,4
2018-11-23,4,4,4,5,1,-1,-1,-1,-1,0,unanimous,0.05130764245223096,-1,24,9,-1.0,1.0,1.0,0.0,1.0,4
2018-11-26,4,4,4,5,1,-1,-1,-1,-1,1,strong,0.03291386338710667,-1,24,10,-1.0,1.0,1.0,0.0,1.0,4
2018-11-27,0,4,4,5,1,-1,1,-1,-1,1,strong,0.026771309392328746,-1,24,11,-1.0,1.0,1.0,0.0,1.0,3
2018-11-28,0,4,4,5,1,-1,1,-1,-1,3,mixed,0.00145744735578468,-1,24,12,-1.0,1.0,1.0,0.0,1.0,3
2018-11-29,0,4,4,5,1,-1,1,-1,-1,3,mixed,0.0019466116035866676,-1,24,13,-1.0,1.0,1.0,0.0,1.0,3
2018-11-30,0,4,4,2,1,1,1,-1,-1,4,mixed,0.007173400641236616,-1,24,1,-1.0,1.0,1.0,0.0,0.0,2
2018-12-03,0,4,4,2,1,1,1,-1,-1,5,mixed,0.019388144003914087,-1,24,2,-1.0,1.0,1.0,0.0,0.0,2
2018-12-04,4,4,4,5,1,-1,-1,-1,-1,1,strong,0.014166351551424983,-1,24,1,-1.0,1.0,1.0,0.0,1.0,4
2018-12-06,4,4,4,5,1,-1,-1,-1,-1,1,strong,0.022070142650139513,-1,24,2,-1.0,1.0,1.0,0.0,1.0,4
2018-12-07,4,4,4,5,1,-1,-1,-1,-1,0,unanimous,0.049096149764657815,-1,24,3,-1.0,1.0,1.0,0.0,1.0,4
2018-12-10,4,4,4,3,1,-1,-1,-1,-1,1,strong,0.0470331320063293,-1,24,4,1.0,1.0,1.0,1.0,1.0,4
2018-12-11,4,4,4,3,1,-1,-1,-1,-1,0,unanimous,0.04713597878512732,-1,24,5,1.0,1.0,1.0,1.0,1.0,4
2018-12-12,4,4,4,3,1,-1,-1,-1,-1,0,unanimous,0.028347007210660635,-1,24,6,1.0,1.0,1.0,1.0,1.0,4
2018-12-13,4,4,4,3,1,-1,-1,-1,-1,0,unanimous,0.03518150966434086,-1,24,7,1.0,1.0,1.0,1.0,1.0,4
2018-12-14,4,0,4,3,1,-1,-1,1,-1,0,unanimous,0.05302028894599187,-1,24,8,1.0,1.0,1.0,1.0,1.0,3
2018-12-17,4,4,4,3,1,-1,-1,-1,-1,0,unanimous,0.08346398688051648,-1,24,9,1.0,1.0,1.0,1.0,1.0,4
2018-12-18,4,4,4,3,1,-1,-1,-1,-1,0,unanimous,0.0808159881130448,-1,24,10,1.0,1.0,1.0,1.0,1.0,4
2018-12-19,4,5,4,3,1,-1,-1,-1,-1,0,unanimous,0.07702560099286093,-1,24,11,1.0,1.0,1.0,1.0,1.0,4
2018-12-20,4,5,4,3,1,-1,-1,-1,-1,0,unanimous,0.09261902575675651,-1,24,12,1.0,1.0,1.0,1.0,1.0,4
2018-12-21,5,5,5,3,1,-1,-1,-1,-1,0,unanimous,0.11036345392967561,-1,24,13,1.0,1.0,1.0,1.0,1.0,4
2018-12-24,5,4,5,3,1,-1,-1,-1,-1,0,unanimous,0.13815557649664978,1,25,14,1.0,1.0,1.0,0.0,0.0,4
2018-12-26,4,4,4,3,1,-1,-1,-1,-1,0,unanimous,0.08337723551126719,1,25,15,1.0,1.0,1.0,0.0,0.0,4
2018-12-27,4,4,4,3,1,-1,-1,-1,-1,0,unanimous,0.07768302281835804,1,25,16,1.0,1.0,1.0,0.0,0.0,4
2018-12-28,4,4,4,4,1,-1,-1,-1,-1,0,unanimous,0.08545776058984256,1,25,17,1.0,1.0,1.0,0.0,0.0,4
2018-12-31,4,4,4,4,1,-1,-1,-1,-1,0,unanimous,0.07334380965956999,1,25,18,1.0,1.0,1.0,0.0,0.0,4
2019-01-02,4,4,4,4,1,-1,-1,-1,-1,0,unanimous,0.06931835679772425,1,25,19,1.0,1.0,1.0,0.0,0.0,4
2019-01-03,4,4,4,4,1,-1,-1,-1,-1,0,unanimous,0.09386296710132003,1,25,20,1.0,1.0,1.0,0.0,0.0,4
2019-01-04,4,4,4,4,1,-1,-1,-1,-1,1,strong,0.054628932405420105,1,25,21,1.0,1.0,1.0,0.0,0.0,4
2019-01-07,0,4,4,4,1,-1,1,-1,-1,2,lean,0.044970993069799015,1,25,22,1.0,1.0,1.0,0.0,0.0,3
2019-01-08,0,4,0,4,1,-1,1,-1,1,2,lean,0.02278975299918451,1,25,23,1.0,1.0,1.0,0.0,0.0,2
2019-01-09,0,4,0,3,1,-1,1,-1,1,2,lean,0.020410377941208147,1,25,24,1.0,1.0,1.0,0.0,0.0,2
2019-01-10,0,3,0,3,1,-1,1,-1,1,2,lean,0.01545849188926085,1,25,25,1.0,1.0,1.0,0.0,0.0,2
2019-01-11,0,0,0,3,1,-1,1,1,1,2,lean,0.021111159278187186,1,25,26,1.0,1.0,1.0,0.0,0.0,1
2019-01-14,0,0,0,3,1,-1,1,1,1,2,lean,0.02548232214838375,1,25,27,1.0,1.0,1.0,0.0,0.0,1
2019-01-15,0,0,0,0,1,1,1,1,1,4,mixed,0.003629331937064273,1,25,1,1.0,1.0,1.0,0.0,1.0,4
2019-01-16,0,0,0,0,1,1,1,1,1,4,mixed,0.0070135124598051934,1,25,2,1.0,1.0,1.0,0.0,1.0,4
2019-01-17,0,0,0,0,1,1,1,1,1,4,mixed,0.01566381681520368,1,25,3,1.0,1.0,1.0,0.0,1.0,4
2019-01-18,0,3,0,0,1,1,1,-1,1,5,mixed,0.028997365707323586,1,25,4,1.0,1.0,1.0,0.0,1.0,3
2019-01-22,0,3,0,0,1,1,1,-1,1,4,mixed,0.014772501869647514,1,25,5,1.0,1.0,1.0,0.0,1.0,3
2019-01-23,0,0,0,0,1,1,1,1,1,5,mixed,0.017103587300980605,1,25,6,1.0,1.0,1.0,0.0,1.0,4
2019-01-24,0,0,0,0,1,1,1,1,1,5,mixed,0.018394344139074037,1,25,7,1.0,1.0,1.0,0.0,1.0,4
2019-01-25,0,3,3,0,1,1,1,-1,-1,6,lean,0.025563321626659863,1,25,8,1.0,1.0,1.0,0.0,1.0,2
2019-01-28,0,0,0,0,1,1,1,1,1,6,lean,0.018000297343942928,1,25,9,1.0,1.0,1.0,0.0,1.0,4
2019-01-29,0,0,0,1,1,1,1,1,1,5,mixed,0.0184033115514729,1,25,10,1.0,1.0,1.0,0.0,1.0,4
2019-01-30,0,0,0,1,1,1,1,1,1,5,mixed,0.026388914310243705,1,25,11,1.0,1.0,1.0,0.0,1.0,4
2019-01-31,3,3,3,1,1,1,-1,-1,-1,5,mixed,0.03254317400316398,1,25,12,1.0,1.0,1.0,0.0,1.0,1
2019-02-01,3,3,3,1,1,1,-1,-1,-1,5,mixed,0.027722104359782396,1,25,13,1.0,1.0,1.0,0.0,1.0,1
2019-02-04,3,1,3,1,1,1,-1,1,-1,6,lean,0.03446382261953873,1,25,14,1.0,1.0,1.0,0.0,1.0,2
2019-02-05,3,1,1,1,1,1,-1,1,1,6,lean,0.038280326806180986,1,25,15,1.0,1.0,1.0,0.0,1.0,3
2019-02-06,3,1,1,1,1,1,-1,1,1,6,lean,0.034012964001546186,1,25,16,1.0,1.0,1.0,0.0,1.0,3
2019-02-07,3,1,1,1,1,1,-1,1,1,6,lean,0.023547225495965773,1,25,17,1.0,1.0,1.0,0.0,1.0,3
2019-02-08,3,1,1,1,1,1,-1,1,1,6,lean,0.017168746237390287,1,25,18,1.0,1.0,1.0,0.0,1.0,3
2019-02-11,3,1,1,1,1,1,-1,1,1,6,lean,0.02433757103237033,1,25,19,1.0,1.0,1.0,0.0,1.0,3
2019-02-12,3,1,1,1,1,1,-1,1,1,8,unanimous,0.038156751743886996,1,25,20,1.0,1.0,1.0,0.0,1.0,3
2019-02-13,3,1,1,1,1,1,-1,1,1,8,unanimous,0.026151858535766292,1,25,21,1.0,1.0,1.0,0.0,1.0,3
2019-02-14,3,1,1,1,1,1,-1,1,1,8,unanimous,0.020937952728165565,1,25,22,1.0,1.0,1.0,0.0,1.0,3
2019-02-15,3,1,1,1,1,1,-1,1,1,8,unanimous,0.02969607808888941,1,25,23,1.0,1.0,1.0,0.0,1.0,3
2019-02-19,3,1,1,1,1,1,-1,1,1,8,unanimous,0.032027955285385046,1,25,24,1.0,1.0,1.0,0.0,1.0,3
2019-02-20,3,1,1,2,1,1,-1,1,1,8,unanimous,0.051283822709032534,1,25,25,1.0,1.0,1.0,0.0,1.0,3
2019-02-21,3,1,1,2,1,1,-1,1,1,8,unanimous,0.045028958531073804,1,25,26,1.0,1.0,1.0,0.0,1.0,3
2019-02-22,3,1,1,2,1,1,-1,1,1,8,unanimous,0.053500376308865616,1,25,27,1.0,1.0,1.0,0.0,1.0,3
2019-02-25,3,1,1,2,1,1,-1,1,1,8,unanimous,0.04386814236120962,1,25,28,1.0,1.0,1.0,0.0,1.0,3
2019-02-26,3,1,1,2,1,1,-1,1,1,8,unanimous,0.03999068841908826,1,25,29,1.0,1.0,1.0,0.0,1.0,3
2019-02-27,3,1,1,2,1,1,-1,1,1,8,unanimous,0.03885212123006665,1,25,30,1.0,1.0,1.0,0.0,1.0,3
2019-02-28,3,1,1,2,1,1,-1,1,1,8,unanimous,0.036611637414371456,1,25,31,1.0,1.0,1.0,0.0,1.0,3
2019-03-01,3,1,1,2,1,1,-1,1,1,8,unanimous,0.035520990491569315,1,25,32,1.0,1.0,1.0,0.0,1.0,3
2019-03-04,3,1,1,2,1,1,-1,1,1,8,unanimous,0.03089362594902678,1,25,33,1.0,1.0,1.0,0.0,1.0,3
2019-03-05,3,1,1,2,1,1,-1,1,1,8,unanimous,0.03211508500573146,1,25,34,1.0,1.0,1.0,0.0,1.0,3
2019-03-06,3,1,1,2,1,1,-1,1,1,7,strong,0.02444650311550345,1,25,35,1.0,1.0,1.0,0.0,1.0,3
2019-03-07,3,1,1,2,1,1,-1,1,1,5,mixed,0.014616571771491005,1,25,36,1.0,1.0,1.0,0.0,1.0,3
2019-03-08,3,1,1,2,1,1,-1,1,1,5,mixed,0.013495834451429656,1,25,37,1.0,1.0,1.0,0.0,1.0,3
2019-03-11,3,1,1,2,1,1,-1,1,1,7,strong,0.02709738967862263,1,25,38,1.0,1.0,1.0,0.0,1.0,3
2019-03-12,3,1,1,2,1,1,-1,1,1,7,strong,0.029274363118071856,1,25,39,1.0,1.0,1.0,0.0,1.0,3
2019-03-13,3,1,1,2,1,1,-1,1,1,8,unanimous,0.029904224682923308,1,25,40,1.0,1.0,1.0,0.0,1.0,3
2019-03-14,3,1,1,2,1,1,-1,1,1,8,unanimous,0.027229797159368463,1,25,41,1.0,1.0,1.0,0.0,1.0,3
2019-03-15,1,1,1,2,1,1,1,1,1,8,unanimous,0.030307220344603203,1,25,42,1.0,1.0,1.0,0.0,1.0,4
2019-03-18,1,1,1,2,1,1,1,1,1,8,unanimous,0.032199383293368466,1,25,43,1.0,1.0,1.0,0.0,1.0,4
2019-03-19,1,1,1,2,1,1,1,1,1,8,unanimous,0.030604469013126856,1,25,44,1.0,1.0,1.0,0.0,1.0,4
2019-03-20,1,1,1,2,1,1,1,1,1,8,unanimous,0.025929002826916348,1,25,45,1.0,1.0,1.0,0.0,1.0,4
2019-03-21,1,1,1,2,1,1,1,1,1,8,unanimous,0.037111877038937924,1,25,46,1.0,1.0,1.0,0.0,1.0,4
2019-03-22,1,2,1,2,1,1,1,1,1,8,unanimous,0.02058045759184246,1,25,47,1.0,1.0,1.0,0.0,1.0,4
2019-03-25,1,3,1,2,1,1,1,-1,1,7,strong,0.015386562396763503,1,25,48,1.0,1.0,1.0,0.0,1.0,3
2019-03-26,1,3,3,2,1,1,1,-1,-1,8,unanimous,0.022358431048588145,1,25,49,1.0,1.0,1.0,0.0,1.0,2
2019-03-27,1,3,3,2,1,1,1,-1,-1,7,strong,0.017726131138688705,1,25,50,1.0,1.0,1.0,0.0,1.0,2
2019-03-28,1,3,3,2,1,1,1,-1,-1,8,unanimous,0.02119766227510189,1,25,51,1.0,1.0,1.0,0.0,1.0,2
2019-03-29,1,3,1,2,1,1,1,-1,1,8,unanimous,0.027694411910549777,1,25,52,1.0,1.0,1.0,0.0,1.0,3
2019-04-01,1,3,3,2,1,1,1,-1,-1,8,unanimous,0.03871098637137371,1,25,53,1.0,1.0,1.0,0.0,1.0,2
2019-04-02,1,3,3,2,1,1,1,-1,-1,8,unanimous,0.03857932089935168,1,25,54,1.0,1.0,1.0,0.0,1.0,2
2019-04-03,1,3,1,2,1,1,1,-1,1,8,unanimous,0.04048722309696218,1,25,55,1.0,1.0,1.0,0.0,1.0,3
2019-04-04,1,3,3,2,1,1,1,-1,-1,8,unanimous,0.04530819576528056,1,25,56,1.0,1.0,1.0,0.0,1.0,2
2019-04-05,1,3,3,2,1,1,1,-1,-1,8,unanimous,0.04922955499533255,1,25,57,1.0,1.0,1.0,0.0,1.0,2
2019-04-08,1,3,1,2,1,1,1,-1,1,8,unanimous,0.04730629895427796,1,25,58,1.0,1.0,1.0,0.0,1.0,3
2019-04-09,1,3,1,2,1,1,1,-1,1,8,unanimous,0.04091903926254892,1,25,59,1.0,1.0,1.0,0.0,1.0,3
2019-04-10,1,3,1,2,1,1,1,-1,1,8,unanimous,0.04250840170274417,1,25,60,1.0,1.0,1.0,0.0,1.0,3
2019-04-11,1,3,1,2,1,1,1,-1,1,8,unanimous,0.040914080279551235,1,25,61,1.0,1.0,1.0,0.0,1.0,3
2019-04-12,1,1,1,2,1,1,1,1,1,8,unanimous,0.04562442486657392,1,25,62,1.0,1.0,1.0,0.0,1.0,4
2019-04-15,1,3,1,2,1,1,1,-1,1,8,unanimous,0.043439940075033046,1,25,63,1.0,1.0,1.0,0.0,1.0,3
2019-04-16,1,3,1,2,1,1,1,-1,1,8,unanimous,0.04255755058658828,1,25,64,1.0,1.0,1.0,0.0,1.0,3
2019-04-17,1,1,1,2,1,1,1,1,1,8,unanimous,0.0387734550376293,1,25,65,1.0,1.0,1.0,0.0,1.0,4
2019-04-18,1,1,1,2,1,1,1,1,1,8,unanimous,0.03876176909776907,1,25,66,1.0,1.0,1.0,0.0,1.0,4
2019-04-22,1,1,1,2,1,1,1,1,1,8,unanimous,0.03820242443968347,1,25,67,1.0,1.0,1.0,0.0,1.0,4
2019-04-23,1,1,1,2,1,1,1,1,1,8,unanimous,0.046126308040384645,1,25,68,1.0,1.0,1.0,0.0,1.0,4
2019-04-24,1,1,1,2,1,1,1,1,1,8,unanimous,0.04145083596557986,1,25,69,1.0,1.0,1.0,0.0,1.0,4
2019-04-25,1,1,1,2,1,1,1,1,1,8,unanimous,0.041282566601632986,1,25,70,1.0,1.0,1.0,0.0,1.0,4
2019-04-26,1,1,1,2,1,1,1,1,1,8,unanimous,0.042499567732671606,1,25,71,1.0,1.0,1.0,0.0,1.0,4
2019-04-29,1,1,1,2,1,1,1,1,1,8,unanimous,0.042166577272237604,1,25,72,1.0,1.0,1.0,0.0,1.0,4
2019-04-30,1,1,1,2,1,1,1,1,1,8,unanimous,0.0417162817058796,1,25,73,1.0,1.0,1.0,0.0,1.0,4
2019-05-01,1,1,1,2,1,1,1,1,1,8,unanimous,0.03319181193374798,1,25,74,1.0,1.0,-1.0,0.0,1.0,4
2019-05-02,1,1,1,2,1,1,1,1,1,8,unanimous,0.03005322424123491,1,25,75,1.0,1.0,-1.0,0.0,1.0,4
2019-05-03,1,1,1,2,1,1,1,1,1,8,unanimous,0.03824287593554554,1,25,76,1.0,1.0,-1.0,0.0,1.0,4
2019-05-06,1,1,1,2,1,1,1,1,1,8,unanimous,0.032538772854154074,1,25,77,1.0,1.0,-1.0,0.0,1.0,4
2019-05-07,1,1,1,2,1,1,1,1,1,5,mixed,0.014976314562129112,1,25,78,1.0,1.0,-1.0,0.0,1.0,4
2019-05-08,1,0,1,2,1,1,1,1,1,6,lean,0.012366700560074162,1,25,79,1.0,1.0,-1.0,0.0,1.0,4
2019-05-09,1,0,1,2,1,1,1,1,1,4,mixed,0.008578368032119865,1,25,80,1.0,1.0,-1.0,0.0,1.0,4
2019-05-10,1,1,1,2,1,1,1,1,1,5,mixed,0.011560796982667876,1,25,81,1.0,1.0,-1.0,0.0,1.0,4
2019-05-13,2,5,2,5,1,-1,1,-1,1,3,mixed,0.013698355349063052,1,25,1,1.0,1.0,-1.0,0.0,0.0,2
2019-05-14,2,0,0,3,1,-1,1,1,1,3,mixed,0.005854109937180052,1,25,2,1.0,1.0,-1.0,0.0,0.0,1
2019-05-15,2,0,0,3,1,-1,1,1,1,3,mixed,0.00033994442185258933,1,25,3,1.0,1.0,-1.0,0.0,0.0,1
2019-05-16,2,5,5,0,1,1,1,-1,-1,4,mixed,0.008089464287791892,1,25,1,1.0,1.0,-1.0,0.0,1.0,2
2019-05-17,2,0,0,0,1,1,1,1,1,4,mixed,0.0016640931143365734,1,25,2,1.0,1.0,-1.0,0.0,1.0,4
2019-05-20,2,0,0,3,1,-1,1,1,1,3,mixed,0.005518830117144047,1,25,1,1.0,1.0,-1.0,0.0,0.0,1
2019-05-21,2,0,0,0,1,1,1,1,1,4,mixed,0.0026908578006327177,1,25,1,1.0,1.0,-1.0,0.0,1.0,4
2019-05-22,0,0,0,3,2,-1,1,1,1,3,mixed,0.0005520286615068315,1,25,1,1.0,1.0,-1.0,0.0,0.0,1
2019-05-23,0,5,0,3,2,-1,1,-1,1,3,mixed,0.0130001899246035,1,25,2,1.0,1.0,-1.0,0.0,0.0,2
2019-05-24,0,0,0,3,2,-1,1,1,1,3,mixed,0.011857291543772686,1,25,3,1.0,1.0,-1.0,0.0,0.0,1
2019-05-28,0,4,0,3,2,-1,1,-1,1,2,lean,0.0033829070803039762,1,25,4,1.0,1.0,-1.0,0.0,0.0,2
2019-05-29,0,4,4,3,2,-1,1,-1,-1,1,strong,0.01846551308200106,1,25,5,1.0,1.0,-1.0,0.0,0.0,3
2019-05-30,0,4,4,3,2,-1,1,-1,-1,1,strong,0.022267109544276353,1,25,6,1.0,1.0,-1.0,0.0,0.0,3
2019-05-31,0,4,4,3,2,-1,1,-1,-1,0,unanimous,0.03673953743588876,1,25,7,1.0,1.0,-1.0,0.0,0.0,3
2019-06-03,0,4,4,4,2,-1,1,-1,-1,0,unanimous,0.03590195135945362,1,25,8,1.0,1.0,-1.0,0.0,0.0,3
2019-06-04,0,4,4,4,2,-1,1,-1,-1,3,mixed,0.010635882232776561,1,25,9,1.0,1.0,-1.0,0.0,0.0,3
2019-06-05,0,4,4,4,2,-1,1,-1,-1,3,mixed,0.0009496263769919189,1,25,10,1.0,1.0,-1.0,0.0,0.0,3
2019-06-06,0,4,0,1,2,1,1,-1,1,4,mixed,0.006140336943853408,1,25,1,1.0,1.0,-1.0,0.0,1.0,3
2019-06-07,3,5,3,1,2,1,-1,-1,-1,8,unanimous,0.017784214918243002,1,25,2,1.0,1.0,-1.0,0.0,1.0,1
2019-06-10,3,5,3,1,2,1,-1,-1,-1,8,unanimous,0.021670656736726523,1,25,3,1.0,1.0,-1.0,0.0,1.0,1
2019-06-11,3,5,3,1,2,1,-1,-1,-1,8,unanimous,0.025010224339085507,1,25,4,1.0,1.0,-1.0,0.0,1.0,1
2019-06-12,3,3,3,1,2,1,-1,-1,-1,8,unanimous,0.017024181280910433,1,25,5,1.0,1.0,-1.0,0.0,1.0,1
2019-06-13,3,3,3,1,2,1,-1,-1,-1,8,unanimous,0.020509717643009462,1,25,6,1.0,1.0,-1.0,0.0,1.0,1
2019-06-14,3,4,3,1,2,1,-1,-1,-1,8,unanimous,0.021735516153392753,1,25,7,1.0,1.0,-1.0,0.0,1.0,1
2019-06-17,3,3,3,1,2,1,-1,-1,-1,8,unanimous,0.01906297525259859,1,25,8,1.0,1.0,-1.0,0.0,1.0,1
2019-06-18,3,4,3,1,2,1,-1,-1,-1,8,unanimous,0.03151314630756186,1,25,9,1.0,1.0,-1.0,0.0,1.0,1
2019-06-19,3,4,3,1,2,1,-1,-1,-1,8,unanimous,0.03352240947733642,1,25,10,1.0,1.0,-1.0,0.0,1.0,1
2019-06-20,3,3,3,1,2,1,-1,-1,-1,8,unanimous,0.03746892334509144,1,25,11,1.0,1.0,-1.0,0.0,1.0,1
2019-06-21,2,3,3,1,2,1,1,-1,-1,8,unanimous,0.03934092003268852,1,25,12,1.0,1.0,-1.0,0.0,1.0,2
2019-06-24,3,4,3,1,2,1,-1,-1,-1,8,unanimous,0.03675034555119472,1,25,13,1.0,1.0,-1.0,0.0,1.0,1
2019-06-25,3,4,3,2,2,1,-1,-1,-1,8,unanimous,0.026679950316397028,1,25,14,1.0,1.0,-1.0,0.0,1.0,1
2019-06-26,3,2,3,2,2,1,-1,1,-1,8,unanimous,0.01598956936425555,1,25,15,1.0,1.0,-1.0,0.0,1.0,2
2019-06-27,3,3,3,2,2,1,-1,-1,-1,8,unanimous,0.019772071049433126,1,25,16,1.0,-1.0,-1.0,0.0,1.0,1
2019-06-28,0,3,3,2,2,1,1,-1,-1,8,unanimous,0.025318880896758378,1,25,17,1.0,-1.0,-1.0,0.0,1.0,2
2019-07-01,1,2,2,2,2,1,1,1,1,8,unanimous,0.032773551287381464,1,25,18,1.0,-1.0,-1.0,0.0,1.0,4
2019-07-02,1,2,2,2,2,1,1,1,1,8,unanimous,0.03532266265922557,1,25,19,1.0,-1.0,-1.0,0.0,1.0,4
2019-07-03,1,3,3,2,2,1,1,-1,-1,8,unanimous,0.04190627632738009,1,25,20,1.0,-1.0,-1.0,0.0,1.0,2
2019-07-05,1,3,3,2,2,1,1,-1,-1,8,unanimous,0.03917485952235866,1,25,21,1.0,-1.0,-1.0,0.0,1.0,2
2019-07-08,1,3,3,2,2,1,1,-1,-1,8,unanimous,0.033475010017508855,1,25,22,1.0,-1.0,-1.0,0.0,1.0,2
2019-07-09,1,2,1,2,2,1,1,1,1,8,unanimous,0.03117833623552635,1,25,23,1.0,-1.0,1.0,0.0,1.0,4
2019-07-10,1,2,2,2,2,1,1,1,1,8,unanimous,0.035866216027175435,1,25,24,1.0,-1.0,1.0,0.0,1.0,4
2019-07-11,1,2,2,2,2,1,1,1,1,8,unanimous,0.03759640017735655,1,25,25,1.0,-1.0,1.0,0.0,1.0,4
2019-07-12,1,2,1,2,2,1,1,1,1,8,unanimous,0.0405240367253108,1,25,26,-1.0,-1.0,1.0,1.0,1.0,4
2019-07-15,1,1,1,2,2,1,1,1,1,8,unanimous,0.03975462332538415,1,25,27,-1.0,-1.0,1.0,1.0,1.0,4
2019-07-16,1,2,1,2,2,1,1,1,1,8,unanimous,0.035153955956898075,1,25,28,-1.0,-1.0,1.0,1.0,1.0,4
2019-07-17,1,2,2,2,2,1,1,1,1,8,unanimous,0.02740348820430727,1,25,29,-1.0,-1.0,1.0,1.0,1.0,4
2019-07-18,1,2,2,2,2,1,1,1,1,7,strong,0.029847064610515006,1,25,30,-1.0,-1.0,1.0,1.0,1.0,4
2019-07-19,3,2,2,2,2,1,-1,1,1,7,strong,0.022621451990076813,1,25,31,-1.0,-1.0,1.0,1.0,1.0,3
2019-07-22,3,2,3,2,2,1,-1,1,-1,8,unanimous,0.024052339733788286,1,25,32,-1.0,-1.0,1.0,1.0,1.0,2
2019-07-23,3,2,3,2,2,1,-1,1,-1,8,unanimous,0.029333430561903517,1,25,33,-1.0,-1.0,1.0,1.0,1.0,2
2019-07-24,1,2,1,2,2,1,1,1,1,8,unanimous,0.033839424882589286,1,25,34,-1.0,-1.0,1.0,1.0,1.0,4
2019-07-25,1,2,1,2,2,1,1,1,1,8,unanimous,0.02992668799040754,1,25,35,-1.0,-1.0,1.0,1.0,1.0,4
2019-07-26,1,2,2,2,2,1,1,1,1,8,unanimous,0.03375242850871352,-1,26,36,-1.0,-1.0,1.0,0.0,0.0,4
2019-07-29,1,2,2,2,2,1,1,1,1,8,unanimous,0.03424395216606446,-1,26,37,-1.0,-1.0,1.0,0.0,0.0,4
2019-07-30,2,2,2,2,2,1,1,1,1,8,unanimous,0.022414870865586023,-1,26,38,-1.0,-1.0,1.0,0.0,0.0,4
2019-07-31,0,2,2,2,2,1,1,1,1,6,lean,0.01607510250141797,-1,26,39,-1.0,-1.0,1.0,0.0,0.0,4
2019-08-01,0,2,0,2,2,1,1,1,1,4,mixed,0.013440279901818841,-1,26,40,-1.0,-1.0,1.0,0.0,0.0,4
2019-08-02,0,5,0,2,2,1,1,-1,1,4,mixed,0.005774134602073322,-1,26,41,-1.0,-1.0,1.0,0.0,0.0,3
2019-08-05,5,5,5,5,2,-1,-1,-1,-1,1,strong,0.02510580933461437,-1,26,1,-1.0,-1.0,1.0,0.0,1.0,4
2019-08-06,5,4,5,5,2,-1,-1,-1,-1,2,lean,0.011717838631503108,-1,26,2,-1.0,-1.0,1.0,0.0,1.0,4
2019-08-07,5,5,5,5,2,-1,-1,-1,-1,2,lean,0.011353372580162446,-1,26,3,-1.0,-1.0,1.0,0.0,1.0,4
2019-08-08,5,5,5,2,2,1,-1,-1,-1,4,mixed,0.006986524213238643,-1,26,1,-1.0,-1.0,1.0,0.0,0.0,1
2019-08-09,5,4,4,3,2,-1,-1,-1,-1,3,mixed,0.00013359938086510148,-1,26,1,-1.0,-1.0,1.0,0.0,1.0,4
2019-08-12,5,4,4,3,2,-1,-1,-1,-1,2,lean,0.012855079069197028,-1,26,2,-1.0,-1.0,1.0,0.0,1.0,4
2019-08-13,5,4,4,0,2,1,-1,-1,-1,4,mixed,0.0021084743630316316,-1,26,1,-1.0,-1.0,1.0,0.0,0.0,1
2019-08-14,5,4,5,3,2,-1,-1,-1,-1,2,lean,0.028518288779842083,-1,26,1,-1.0,-1.0,1.0,0.0,1.0,4
2019-08-15,5,4,4,3,2,-1,-1,-1,-1,1,strong,0.02584855293538757,-1,26,2,-1.0,-1.0,1.0,0.0,1.0,4
2019-08-16,5,4,4,3,2,-1,-1,-1,-1,2,lean,0.011209120019028074,-1,26,3,-1.0,-1.0,1.0,0.0,1.0,4
2019-08-19,4,4,4,0,2,1,-1,-1,-1,5,mixed,0.0053607099877455155,-1,26,1,-1.0,-1.0,1.0,0.0,0.0,1
2019-08-20,4,4,4,3,2,-1,-1,-1,-1,3,mixed,0.0029512338263266713,-1,26,1,-1.0,-1.0,1.0,0.0,1.0,4
2019-08-21,4,4,4,0,2,1,-1,-1,-1,4,mixed,0.005023905547804075,-1,26,1,-1.0,-1.0,1.0,0.0,0.0,1
2019-08-22,4,4,4,0,2,1,-1,-1,-1,4,mixed,0.00014997648737424818,-1,26,2,-1.0,-1.0,1.0,0.0,0.0,1
2019-08-23,5,4,4,3,2,-1,-1,-1,-1,2,lean,0.024581116756937638,-1,26,1,-1.0,-1.0,1.0,0.0,1.0,4
2019-08-26,5,4,4,3,2,-1,-1,-1,-1,2,lean,0.010271351476656143,-1,26,2,-1.0,-1.0,1.0,0.0,1.0,4
2019-08-27,5,4,4,3,2,-1,-1,-1,-1,2,lean,0.014444337031685128,-1,26,3,-1.0,-1.0,1.0,0.0,1.0,4
2019-08-28,4,4,4,4,2,-1,-1,-1,-1,3,mixed,0.002443392497257335,-1,26,4,-1.0,-1.0,1.0,0.0,1.0,4
2019-08-29,4,4,4,1,2,1,-1,-1,-1,5,mixed,0.01129647861543881,-1,26,1,-1.0,-1.0,1.0,0.0,0.0,1
2019-08-30,3,4,3,1,2,1,-1,-1,-1,5,mixed,0.012065941768655497,-1,26,2,-1.0,-1.0,1.0,0.0,0.0,1
2019-09-03,3,4,3,1,2,1,-1,-1,-1,4,mixed,0.003722814091042581,-1,26,3,-1.0,-1.0,1.0,0.0,0.0,1
2019-09-04,3,4,3,1,2,1,-1,-1,-1,6,lean,0.013969745404090905,-1,26,4,-1.0,1.0,1.0,0.0,0.0,1
2019-09-05,3,4,4,1,2,1,-1,-1,-1,8,unanimous,0.025681595513560307,-1,26,5,-1.0,1.0,1.0,0.0,0.0,1
2019-09-06,3,4,4,1,2,1,-1,-1,-1,8,unanimous,0.022281446541552175,-1,26,6,-1.0,1.0,1.0,0.0,0.0,1
2019-09-09,3,4,3,1,2,1,-1,-1,-1,8,unanimous,0.024745267584941888,-1,26,7,-1.0,1.0,1.0,0.0,0.0,1
2019-09-10,3,3,3,1,2,1,-1,-1,-1,8,unanimous,0.031016387730781636,-1,26,8,-1.0,1.0,1.0,0.0,0.0,1
2019-09-11,3,3,3,1,2,1,-1,-1,-1,8,unanimous,0.029447697542665185,-1,26,9,-1.0,1.0,1.0,0.0,0.0,1
2019-09-12,3,3,3,1,2,1,-1,-1,-1,8,unanimous,0.031243187515589632,-1,26,10,-1.0,1.0,1.0,0.0,0.0,1
2019-09-13,3,3,3,1,2,1,-1,-1,-1,8,unanimous,0.027535443494536405,-1,26,11,-1.0,1.0,1.0,0.0,0.0,1
2019-09-16,3,3,3,1,2,1,-1,-1,-1,8,unanimous,0.023849551338784747,-1,26,12,-1.0,1.0,1.0,0.0,0.0,1
2019-09-17,3,3,3,1,2,1,-1,-1,-1,8,unanimous,0.02729815023490123,-1,26,13,-1.0,1.0,1.0,0.0,0.0,1
2019-09-18,3,3,3,1,2,1,-1,-1,-1,8,unanimous,0.022931873370659495,-1,26,14,1.0,1.0,1.0,1.0,0.0,1
2019-09-19,3,3,3,1,2,1,-1,-1,-1,8,unanimous,0.027391372976463102,-1,26,15,1.0,1.0,1.0,1.0,0.0,1
2019-09-20,0,3,3,2,2,1,1,-1,-1,8,unanimous,0.02310110245025121,-1,26,16,1.0,1.0,1.0,1.0,0.0,2
2019-09-23,3,3,3,2,2,1,-1,-1,-1,8,unanimous,0.02234793559925874,-1,26,17,1.0,1.0,1.0,1.0,0.0,1
2019-09-24,3,2,3,2,2,1,-1,1,-1,6,lean,0.010237345758694505,-1,26,18,1.0,1.0,1.0,1.0,0.0,2
2019-09-25,3,3,3,2,2,1,-1,-1,-1,7,strong,0.01669569636860413,-1,26,19,1.0,1.0,1.0,1.0,0.0,1
2019-09-26,3,3,3,2,2,1,-1,-1,-1,6,lean,0.014262850629063073,-1,26,20,1.0,1.0,1.0,1.0,0.0,1
2019-09-27,3,1,3,2,2,1,-1,1,-1,5,mixed,0.008786020586877386,-1,26,21,1.0,1.0,1.0,1.0,0.0,2
2019-09-30,3,3,3,2,2,1,-1,-1,-1,5,mixed,0.013507977085280065,-1,26,22,1.0,1.0,1.0,1.0,0.0,1
2019-10-01,3,2,2,2,2,1,-1,1,1,4,mixed,0.00011398008942531401,-1,26,23,1.0,1.0,1.0,1.0,0.0,3
2019-10-02,0,2,0,5,2,-1,1,1,1,1,strong,0.018632795736719387,1,27,1,1.0,1.0,1.0,0.0,0.0,1
2019-10-03,0,2,0,5,2,-1,1,1,1,1,strong,0.014732713419437493,1,27,2,1.0,1.0,1.0,0.0,0.0,1
2019-10-04,0,0,0,2,2,1,1,1,1,4,mixed,4.021617507454778e-06,1,27,1,1.0,1.0,1.0,0.0,1.0,4
2019-10-07,0,0,0,5,2,-1,1,1,1,2,lean,0.004138206152805246,1,27,1,1.0,1.0,1.0,0.0,0.0,1
2019-10-08,0,0,0,5,2,-1,1,1,1,1,strong,0.019568024053992383,1,27,2,1.0,1.0,1.0,0.0,0.0,1
2019-10-09,0,0,0,5,2,-1,1,1,1,1,strong,0.009724809686162184,1,27,3,1.0,1.0,1.0,0.0,0.0,1
2019-10-10,0,0,0,5,2,-1,1,1,1,2,lean,0.0029129392134996657,1,27,4,1.0,1.0,1.0,0.0,0.0,1
2019-10-11,3,3,3,2,2,1,-1,-1,-1,6,lean,0.00797373031934523,1,27,1,1.0,1.0,1.0,0.0,1.0,1
2019-10-14,3,3,3,2,2,1,-1,-1,-1,5,mixed,0.005890451246046369,1,27,2,1.0,1.0,1.0,0.0,1.0,1
2019-10-15,3,3,3,2,2,1,-1,-1,-1,7,strong,0.016819114196179208,1,27,3,1.0,1.0,1.0,0.0,1.0,1
2019-10-16,3,3,3,0,2,1,-1,-1,-1,6,lean,0.014904764831766282,1,27,4,1.0,1.0,1.0,0.0,1.0,1
2019-10-17,3,3,3,0,2,1,-1,-1,-1,6,lean,0.017787791425272648,1,27,5,1.0,1.0,1.0,0.0,1.0,1
2019-10-18,3,3,3,0,2,1,-1,-1,-1,6,lean,0.011449314166934066,1,27,6,1.0,1.0,1.0,0.0,1.0,1
2019-10-21,3,3,3,0,2,1,-1,-1,-1,7,strong,0.0209085259927021,1,27,7,1.0,1.0,1.0,0.0,1.0,1
2019-10-22,3,3,3,0,2,1,-1,-1,-1,7,strong,0.017482577640756336,1,27,8,1.0,1.0,1.0,0.0,1.0,1
2019-10-23,3,3,3,0,2,1,-1,-1,-1,7,strong,0.019494374928578306,1,27,9,1.0,1.0,1.0,0.0,1.0,1
2019-10-24,3,3,3,0,2,1,-1,-1,-1,8,unanimous,0.02069848093740112,1,27,10,1.0,1.0,1.0,0.0,1.0,1
2019-10-25,3,3,3,0,2,1,-1,-1,-1,8,unanimous,0.0228250944136138,1,27,11,1.0,1.0,1.0,0.0,1.0,1
2019-10-28,3,3,3,0,2,1,-1,-1,-1,8,unanimous,0.028877097346390435,1,27,12,1.0,1.0,1.0,0.0,1.0,1
2019-10-29,1,3,3,0,2,1,1,-1,-1,8,unanimous,0.028767801886996347,1,27,13,1.0,1.0,1.0,0.0,1.0,2
2019-10-30,1,3,3,0,2,1,1,-1,-1,8,unanimous,0.031054402773520118,1,27,14,1.0,1.0,1.0,0.0,1.0,2
2019-10-31,1,3,3,0,2,1,1,-1,-1,8,unanimous,0.027208189339018918,1,27,15,1.0,1.0,1.0,0.0,1.0,2
2019-11-01,1,3,3,0,2,1,1,-1,-1,8,unanimous,0.03596793977420176,1,27,16,1.0,1.0,1.0,0.0,1.0,2
2019-11-04,1,3,3,1,2,1,1,-1,-1,8,unanimous,0.038709293257587984,1,27,17,1.0,1.0,1.0,0.0,1.0,2
2019-11-05,1,3,1,1,2,1,1,-1,1,8,unanimous,0.03670468189903553,1,27,18,1.0,1.0,1.0,0.0,1.0,3
2019-11-06,1,1,1,1,2,1,1,1,1,8,unanimous,0.03677373117438576,1,27,19,1.0,1.0,1.0,0.0,1.0,4
2019-11-07,1,1,1,1,2,1,1,1,1,8,unanimous,0.03887559972158894,1,27,20,1.0,1.0,1.0,0.0,1.0,4
2019-11-08,1,1,1,1,2,1,1,1,1,8,unanimous,0.03970477824427887,1,27,21,1.0,1.0,1.0,0.0,1.0,4
2019-11-11,1,1,1,1,2,1,1,1,1,8,unanimous,0.03847154172836087,1,27,22,1.0,1.0,1.0,0.0,1.0,4
2019-11-12,1,1,1,1,2,1,1,1,1,8,unanimous,0.03643020460958757,1,27,23,1.0,1.0,1.0,0.0,1.0,4
2019-11-13,1,1,1,1,2,1,1,1,1,8,unanimous,0.036067224116331786,1,27,24,1.0,1.0,1.0,0.0,1.0,4
2019-11-14,1,1,1,1,2,1,1,1,1,8,unanimous,0.03594505507363188,1,27,25,1.0,1.0,1.0,0.0,1.0,4
2019-11-15,1,1,1,1,2,1,1,1,1,8,unanimous,0.04302571141636713,1,27,26,1.0,1.0,1.0,0.0,1.0,4
2019-11-18,1,1,1,1,2,1,1,1,1,8,unanimous,0.04136151828565515,1,27,27,1.0,1.0,1.0,0.0,1.0,4
2019-11-19,1,1,1,1,2,1,1,1,1,8,unanimous,0.039802172992295826,1,27,28,1.0,1.0,1.0,0.0,1.0,4
2019-11-20,1,1,1,1,2,1,1,1,1,8,unanimous,0.03447932256829467,1,27,29,1.0,1.0,-1.0,0.0,1.0,4
2019-11-21,1,1,1,1,2,1,1,1,1,8,unanimous,0.031744409003619856,1,27,30,1.0,1.0,-1.0,0.0,1.0,4
2019-11-22,1,1,1,1,2,1,1,1,1,8,unanimous,0.03287051155943632,1,27,31,1.0,1.0,-1.0,0.0,1.0,4
2019-11-25,1,1,1,1,2,1,1,1,1,8,unanimous,0.03908263819715785,1,27,32,1.0,1.0,-1.0,0.0,1.0,4
2019-11-26,1,1,1,2,2,1,1,1,1,8,unanimous,0.03996067965580319,1,27,33,1.0,1.0,-1.0,0.0,1.0,4
2019-11-27,1,1,1,2,2,1,1,1,1,8,unanimous,0.04286200719055333,1,27,34,1.0,1.0,-1.0,0.0,1.0,4
2019-11-29,1,1,1,2,2,1,1,1,1,8,unanimous,0.03804873928932051,1,27,35,1.0,1.0,-1.0,0.0,1.0,4
2019-12-02,2,1,1,2,2,1,1,1,1,7,strong,0.02879057970326171,1,27,36,1.0,1.0,-1.0,0.0,1.0,4
2019-12-03,2,1,1,2,2,1,1,1,1,6,lean,0.021558374649657375,1,27,37,1.0,1.0,-1.0,0.0,1.0,4
2019-12-04,2,1,1,2,2,1,1,1,1,7,strong,0.02708703456062511,1,27,38,1.0,1.0,-1.0,0.0,1.0,4
2019-12-05,2,1,1,2,2,1,1,1,1,8,unanimous,0.027936453006228157,1,27,39,1.0,1.0,-1.0,0.0,1.0,4
2019-12-06,2,1,1,2,2,1,1,1,1,8,unanimous,0.03615544791682179,1,27,40,1.0,1.0,-1.0,0.0,1.0,4
2019-12-09,2,1,1,2,2,1,1,1,1,8,unanimous,0.03234863809768618,1,27,41,1.0,1.0,-1.0,0.0,1.0,4
2019-12-10,2,1,1,2,2,1,1,1,1,7,strong,0.03053934494005861,1,27,42,1.0,1.0,-1.0,0.0,1.0,4
2019-12-11,2,1,1,2,2,1,1,1,1,8,unanimous,0.032666317750142615,1,27,43,1.0,1.0,-1.0,0.0,1.0,4
2019-12-12,2,1,1,0,2,1,1,1,1,8,unanimous,0.04016929522890389,1,27,44,1.0,1.0,-1.0,0.0,1.0,4
2019-12-13,2,1,1,0,2,1,1,1,1,8,unanimous,0.039373633766960126,1,27,45,1.0,1.0,-1.0,0.0,1.0,4
2019-12-16,2,1,1,0,2,1,1,1,1,8,unanimous,0.045252676294117666,1,27,46,1.0,1.0,-1.0,0.0,1.0,4
2019-12-17,2,1,1,0,2,1,1,1,1,8,unanimous,0.04451263674942152,1,27,47,1.0,1.0,-1.0,0.0,1.0,4
2019-12-18,2,1,1,0,2,1,1,1,1,8,unanimous,0.042899468648083916,1,27,48,1.0,1.0,-1.0,0.0,1.0,4
2019-12-19,2,1,1,0,2,1,1,1,1,8,unanimous,0.04605781145306276,1,27,49,1.0,1.0,-1.0,0.0,1.0,4
2019-12-20,2,1,1,0,2,1,1,1,1,8,unanimous,0.04955328042498153,1,27,50,1.0,1.0,-1.0,0.0,1.0,4
2019-12-23,2,1,1,0,2,1,1,1,1,8,unanimous,0.04901192540260002,1,27,51,1.0,1.0,-1.0,0.0,1.0,4
2019-12-24,2,3,3,0,2,1,1,-1,-1,8,unanimous,0.04752582675079753,1,27,52,1.0,1.0,-1.0,0.0,1.0,2
2019-12-26,2,3,3,0,2,1,1,-1,-1,8,unanimous,0.05090419674013669,1,27,53,1.0,1.0,-1.0,0.0,1.0,2
2019-12-27,2,3,3,0,2,1,1,-1,-1,8,unanimous,0.04909350402746138,1,27,54,1.0,1.0,-1.0,0.0,1.0,2
2019-12-30,2,1,1,0,2,1,1,1,1,8,unanimous,0.04183139987456119,1,27,55,1.0,1.0,-1.0,0.0,1.0,4
2019-12-31,2,1,1,0,2,1,1,1,1,8,unanimous,0.04323321068304675,1,27,56,1.0,1.0,-1.0,0.0,1.0,4
2020-01-02,1,1,1,1,2,1,1,1,1,8,unanimous,0.05053950966093468,1,27,57,1.0,1.0,-1.0,0.0,1.0,4
2020-01-03,1,1,1,1,2,1,1,1,1,8,unanimous,0.0409957782060113,1,27,58,1.0,1.0,-1.0,0.0,1.0,4
2020-01-06,2,1,1,1,2,1,1,1,1,8,unanimous,0.04272536997493814,1,27,59,1.0,1.0,-1.0,0.0,1.0,4
2020-01-07,2,1,1,1,2,1,1,1,1,8,unanimous,0.03842095170037685,1,27,60,1.0,1.0,-1.0,0.0,1.0,4
2020-01-08,2,1,1,1,2,1,1,1,1,8,unanimous,0.041721385202780015,1,27,61,1.0,1.0,-1.0,0.0,1.0,4
2020-01-09,1,1,1,1,2,1,1,1,1,8,unanimous,0.04657188275007029,1,27,62,1.0,1.0,-1.0,0.0,1.0,4
2020-01-10,1,1,1,1,2,1,1,1,1,8,unanimous,0.042393596900363484,1,27,63,1.0,1.0,-1.0,0.0,1.0,4
2020-01-13,1,1,1,1,2,1,1,1,1,8,unanimous,0.04760685267177511,1,27,64,1.0,1.0,-1.0,0.0,1.0,4
2020-01-14,1,1,1,1,2,1,1,1,1,8,unanimous,0.04466418983707454,1,27,65,1.0,1.0,-1.0,0.0,1.0,4
2020-01-15,1,1,1,1,2,1,1,1,1,8,unanimous,0.044917388082581944,1,27,66,1.0,1.0,-1.0,0.0,1.0,4
2020-01-16,1,1,1,1,2,1,1,1,1,8,unanimous,0.05139788246172228,1,27,67,1.0,1.0,-1.0,0.0,1.0,4
2020-01-17,1,1,1,1,2,1,1,1,1,8,unanimous,0.05341433484795266,1,27,68,1.0,1.0,-1.0,0.0,1.0,4
2020-01-21,1,1,1,1,2,1,1,1,1,8,unanimous,0.04923804054482672,1,27,69,1.0,-1.0,-1.0,0.0,1.0,4
2020-01-22,2,1,1,1,2,1,1,1,1,8,unanimous,0.047928484581112096,1,27,70,1.0,-1.0,-1.0,0.0,1.0,4
2020-01-23,2,1,1,1,2,1,1,1,1,8,unanimous,0.04748861696196782,1,27,71,1.0,-1.0,-1.0,0.0,1.0,4
2020-01-24,2,1,1,1,2,1,1,1,1,8,unanimous,0.03732570356556908,1,27,72,1.0,-1.0,-1.0,0.0,1.0,4
2020-01-27,0,1,1,2,2,1,1,1,1,6,lean,0.020588950209882828,1,27,73,1.0,-1.0,-1.0,0.0,1.0,4
2020-01-28,0,1,0,2,2,1,1,1,1,7,strong,0.02931910788357528,1,27,74,1.0,-1.0,-1.0,0.0,1.0,4
2020-01-29,0,1,1,2,2,1,1,1,1,6,lean,0.027241072256864785,1,27,75,1.0,-1.0,-1.0,0.0,1.0,4
2020-01-30,2,1,1,2,2,1,1,1,1,7,strong,0.029214688870262684,1,27,76,1.0,-1.0,-1.0,0.0,1.0,4
2020-01-31,0,5,5,2,2,1,1,-1,-1,4,mixed,0.010637052407730052,1,27,77,1.0,-1.0,-1.0,0.0,1.0,2
2020-02-03,0,5,0,0,2,1,1,-1,1,6,lean,0.016975580714960747,1,27,78,1.0,-1.0,-1.0,0.0,1.0,3
2020-02-04,0,5,5,0,2,1,1,-1,-1,7,strong,0.030599571322847408,1,27,79,-1.0,-1.0,-1.0,1.0,1.0,2
2020-02-05,2,5,5,0,2,1,1,-1,-1,8,unanimous,0.04030495393135092,1,27,80,-1.0,-1.0,-1.0,1.0,1.0,2
2020-02-06,2,5,5,0,2,1,1,-1,-1,8,unanimous,0.04226205210375511,1,27,81,-1.0,-1.0,-1.0,1.0,1.0,2
2020-02-07,2,5,5,0,2,1,1,-1,-1,8,unanimous,0.035743358173719875,1,27,82,-1.0,-1.0,-1.0,1.0,1.0,2
2020-02-10,2,3,3,0,2,1,1,-1,-1,8,unanimous,0.041563877423837825,1,27,83,-1.0,-1.0,-1.0,1.0,1.0,2
2020-02-11,2,5,2,0,2,1,1,-1,1,8,unanimous,0.04187686516118483,1,27,84,-1.0,-1.0,-1.0,1.0,1.0,3
2020-02-12,2,3,2,0,2,1,1,-1,1,8,unanimous,0.04671950546685877,1,27,85,-1.0,-1.0,-1.0,1.0,1.0,3
2020-02-13,2,3,3,0,2,1,1,-1,-1,8,unanimous,0.043861646153077194,1,27,86,-1.0,-1.0,-1.0,1.0,1.0,2
2020-02-14,2,3,3,0,2,1,1,-1,-1,8,unanimous,0.04574928305141124,1,27,87,-1.0,-1.0,-1.0,1.0,1.0,2
2020-02-18,2,5,5,0,2,1,1,-1,-1,8,unanimous,0.04025189406887819,1,27,88,-1.0,-1.0,1.0,1.0,1.0,2
2020-02-19,2,3,3,0,2,1,1,-1,-1,8,unanimous,0.04343653624987576,-1,28,89,-1.0,-1.0,1.0,0.0,0.0,2
2020-02-20,2,5,2,0,2,1,1,-1,1,8,unanimous,0.038352766983577036,-1,28,90,-1.0,-1.0,1.0,0.0,0.0,3
2020-02-21,0,0,0,1,2,1,1,1,1,7,strong,0.026795330320667277,-1,28,91,-1.0,-1.0,1.0,0.0,0.0,4
2020-02-24,5,5,5,4,2,-1,-1,-1,-1,3,mixed,0.008023673421015287,-1,28,1,-1.0,-1.0,1.0,0.0,1.0,4
2020-02-25,5,5,5,4,2,-1,-1,-1,-1,1,strong,0.0368964754016734,-1,28,2,-1.0,-1.0,1.0,0.0,1.0,4
2020-02-26,5,5,5,4,2,-1,-1,-1,-1,1,strong,0.04376846048126559,-1,28,3,-1.0,-1.0,1.0,0.0,1.0,4
2020-02-27,5,5,5,4,2,-1,-1,-1,-1,0,unanimous,0.09185455982432789,-1,28,4,-1.0,-1.0,1.0,0.0,1.0,4
2020-02-28,5,5,5,4,2,-1,-1,-1,-1,0,unanimous,0.10014918648414173,-1,28,5,-1.0,-1.0,1.0,0.0,1.0,4
2020-03-02,5,5,5,4,2,-1,-1,-1,-1,1,strong,0.04377992573937117,-1,28,6,-1.0,-1.0,1.0,0.0,1.0,4
2020-03-03,5,5,5,4,2,-1,-1,-1,-1,0,unanimous,0.08123378503631784,-1,28,7,-1.0,-1.0,1.0,0.0,1.0,4
2020-03-04,5,4,5,3,2,-1,-1,-1,-1,2,lean,0.036833061024374336,-1,28,8,-1.0,-1.0,1.0,0.0,1.0,4
2020-03-05,5,4,5,3,2,-1,-1,-1,-1,0,unanimous,0.07234602851554217,-1,28,9,-1.0,-1.0,1.0,0.0,1.0,4
2020-03-06,5,4,5,3,2,-1,-1,-1,-1,0,unanimous,0.08525214137684212,-1,28,10,-1.0,-1.0,1.0,0.0,1.0,4
2020-03-09,5,4,5,3,2,-1,-1,-1,-1,0,unanimous,0.1676675074219307,-1,28,11,-1.0,-1.0,1.0,0.0,1.0,4
2020-03-10,5,4,5,3,2,-1,-1,-1,-1,0,unanimous,0.10065659858902287,-1,28,12,-1.0,-1.0,1.0,0.0,1.0,4
2020-03-11,5,5,5,3,2,-1,-1,-1,-1,0,unanimous,0.15583034960795072,-1,28,13,-1.0,-1.0,1.0,0.0,1.0,4
2020-03-12,5,5,5,3,2,-1,-1,-1,-1,0,unanimous,0.27735927537545546,-1,28,14,-1.0,-1.0,1.0,0.0,1.0,4
2020-03-13,5,4,5,3,2,-1,-1,-1,-1,0,unanimous,0.1669267233738525,-1,28,15,-1.0,-1.0,1.0,0.0,1.0,4
2020-03-16,5,4,5,3,2,-1,-1,-1,-1,0,unanimous,0.32456110749241174,-1,28,16,-1.0,-1.0,1.0,0.0,1.0,4
2020-03-17,5,4,4,3,2,-1,-1,-1,-1,0,unanimous,0.24700876745808764,-1,28,17,-1.0,-1.0,1.0,0.0,1.0,4
2020-03-18,5,4,4,3,2,-1,-1,-1,-1,0,unanimous,0.30671134043218773,-1,28,18,-1.0,-1.0,1.0,0.0,1.0,4
2020-03-19,5,4,4,3,2,-1,-1,-1,-1,0,unanimous,0.2907588231566347,-1,28,19,-1.0,-1.0,1.0,0.0,1.0,4
2020-03-20,5,4,4,3,2,-1,-1,-1,-1,0,unanimous,0.33907048291805264,-1,28,20,-1.0,-1.0,1.0,0.0,1.0,4
2020-03-23,5,4,4,4,2,-1,-1,-1,-1,0,unanimous,0.36812892074649817,-1,28,21,-1.0,-1.0,1.0,0.0,1.0,4
2020-03-24,5,4,4,4,2,-1,-1,-1,-1,0,unanimous,0.24116126540110816,-1,28,22,-1.0,-1.0,1.0,0.0,1.0,4
2020-03-25,5,4,4,4,2,-1,-1,-1,-1,0,unanimous,0.22611578191068937,-1,28,23,-1.0,-1.0,1.0,0.0,1.0,4
2020-03-26,5,4,4,4,2,-1,-1,-1,-1,1,strong,0.1381975137292597,-1,28,24,-1.0,-1.0,1.0,0.0,1.0,4
2020-03-27,5,4,4,4,2,-1,-1,-1,-1,0,unanimous,0.17128297131699677,-1,28,25,-1.0,-1.0,1.0,0.0,1.0,4
2020-03-30,4,4,4,4,2,-1,-1,-1,-1,1,strong,0.15365484206509095,-1,28,26,-1.0,-1.0,1.0,0.0,1.0,4
2020-03-31,4,4,4,4,2,-1,-1,-1,-1,1,strong,0.1620295733775936,-1,28,27,-1.0,-1.0,1.0,0.0,1.0,4
2020-04-01,4,4,4,4,2,-1,-1,-1,-1,1,strong,0.2254224336810038,-1,28,28,-1.0,-1.0,1.0,0.0,1.0,4
2020-04-02,4,4,4,4,2,-1,-1,-1,-1,1,strong,0.19669953629800907,-1,28,29,-1.0,-1.0,1.0,0.0,1.0,4
2020-04-03,4,4,4,4,2,-1,-1,-1,-1,1,strong,0.19437053576246055,-1,28,30,-1.0,-1.0,1.0,0.0,1.0,4
2020-04-06,4,4,4,4,2,-1,-1,-1,-1,2,lean,0.07382761116155567,-1,28,31,-1.0,-1.0,1.0,0.0,1.0,4
2020-04-07,4,4,4,4,2,-1,-1,-1,-1,2,lean,0.08378552976913589,-1,28,32,-1.0,-1.0,1.0,0.0,1.0,4
2020-04-08,4,4,4,4,2,-1,-1,-1,-1,3,mixed,0.027198517584633652,-1,28,33,-1.0,-1.0,1.0,0.0,1.0,4
2020-04-09,4,4,4,4,2,-1,-1,-1,-1,3,mixed,0.006744175196056634,-1,28,34,-1.0,-1.0,1.0,0.0,1.0,4
2020-04-13,4,4,4,4,2,-1,-1,-1,-1,3,mixed,0.011597422381061318,-1,28,35,-1.0,-1.0,1.0,0.0,1.0,4
2020-04-14,4,4,4,1,2,1,-1,-1,-1,4,mixed,0.023984782648889813,-1,28,1,-1.0,-1.0,1.0,0.0,0.0,1
2020-04-15,4,4,4,2,2,1,-1,-1,-1,4,mixed,0.006827709809988924,-1,28,2,-1.0,1.0,1.0,0.0,0.0,1
2020-04-16,4,4,4,2,2,1,-1,-1,-1,4,mixed,0.018092216327894706,-1,28,3,-1.0,1.0,1.0,0.0,0.0,1
2020-04-17,4,4,4,2,2,1,-1,-1,-1,4,mixed,0.04883175645855198,-1,28,4,-1.0,1.0,1.0,0.0,0.0,1
2020-04-20,4,4,4,2,2,1,-1,-1,-1,4,mixed,0.03572108506998084,-1,28,5,-1.0,1.0,1.0,0.0,0.0,1
2020-04-21,4,4,4,2,2,1,-1,-1,-1,4,mixed,0.00897948194099929,-1,28,6,-1.0,1.0,1.0,0.0,0.0,1
2020-04-22,4,3,4,2,2,1,-1,-1,-1,4,mixed,0.03478185509175635,-1,28,7,-1.0,1.0,1.0,0.0,0.0,1
2020-04-23,4,0,4,2,2,1,-1,1,-1,4,mixed,0.017092024992781285,-1,28,8,-1.0,1.0,1.0,0.0,0.0,2
2020-04-24,4,0,4,2,2,1,-1,1,-1,4,mixed,0.016540085463075282,-1,28,9,-1.0,1.0,1.0,0.0,0.0,2
2020-04-27,3,0,3,2,2,1,-1,1,-1,4,mixed,0.040594375659760984,-1,28,10,-1.0,1.0,1.0,0.0,0.0,2
2020-04-28,3,0,3,2,2,1,-1,1,-1,4,mixed,0.0060522089671734,-1,28,11,-1.0,1.0,1.0,0.0,0.0,2
2020-04-29,3,0,3,2,2,1,-1,1,-1,5,mixed,0.0531210650159345,-1,28,12,1.0,1.0,1.0,1.0,0.0,2
2020-04-30,3,0,3,2,2,1,-1,1,-1,5,mixed,0.03875797374081813,-1,28,13,1.0,1.0,1.0,1.0,0.0,2
2020-05-01,3,0,0,5,2,-1,-1,1,1,3,mixed,0.010358672716346717,-1,28,1,1.0,1.0,1.0,1.0,1.0,2
2020-05-04,3,0,0,2,2,1,-1,1,1,4,mixed,0.0068877485075184985,-1,28,1,1.0,1.0,1.0,1.0,0.0,3
2020-05-05,3,0,0,2,2,1,-1,1,1,5,mixed,0.017892706680588732,-1,28,2,1.0,1.0,1.0,1.0,0.0,3
2020-05-06,3,0,0,2,2,1,-1,1,1,5,mixed,0.007127654994262045,-1,28,3,1.0,1.0,1.0,1.0,0.0,3
2020-05-07,3,0,3,2,2,1,-1,1,-1,5,mixed,0.019067672737569263,-1,28,4,1.0,1.0,1.0,1.0,0.0,2
2020-05-08,3,0,0,2,2,1,-1,1,1,5,mixed,0.03176327976066917,-1,28,5,1.0,1.0,1.0,1.0,0.0,3
2020-05-11,3,0,0,2,2,1,-1,1,1,5,mixed,0.028404821555559456,-1,28,6,1.0,1.0,1.0,1.0,0.0,3
2020-05-12,3,0,0,2,2,1,-1,1,1,5,mixed,0.006527186618261904,-1,28,7,1.0,1.0,1.0,1.0,0.0,3
2020-05-13,3,0,3,5,2,-1,-1,1,-1,3,mixed,0.012749157400440803,1,29,1,1.0,1.0,1.0,0.0,0.0,3
2020-05-14,3,0,3,5,2,-1,-1,1,-1,3,mixed,0.0015877080065962446,1,29,2,1.0,1.0,1.0,0.0,0.0,3
2020-05-15,3,0,0,2,2,1,-1,1,1,4,mixed,0.0027349477710870707,1,29,1,1.0,1.0,1.0,0.0,1.0,3
2020-05-18,3,0,3,2,2,1,-1,1,-1,5,mixed,0.03763483829322811,1,29,2,1.0,1.0,1.0,0.0,1.0,2
2020-05-19,3,0,0,2,2,1,-1,1,1,5,mixed,0.01864561061551595,1,29,3,1.0,1.0,1.0,0.0,1.0,3
2020-05-20,3,0,0,2,2,1,-1,1,1,5,mixed,0.04145570283234534,1,29,4,1.0,1.0,1.0,0.0,1.0,3
2020-05-21,3,0,0,2,2,1,-1,1,1,5,mixed,0.022831894121575713,1,29,5,1.0,1.0,1.0,0.0,1.0,3
2020-05-22,3,0,0,2,2,1,-1,1,1,5,mixed,0.021814462182609518,1,29,6,1.0,1.0,1.0,0.0,1.0,3
2020-05-26,3,0,3,2,2,1,-1,1,-1,7,strong,0.0323355631718405,1,29,7,1.0,1.0,1.0,0.0,1.0,2
2020-05-27,3,3,3,2,2,1,-1,-1,-1,7,strong,0.054678084282487216,1,29,8,1.0,1.0,1.0,0.0,1.0,1
2020-05-28,3,3,3,0,2,1,-1,-1,-1,8,unanimous,0.04055094841075746,1,29,9,1.0,1.0,1.0,0.0,1.0,1
2020-05-29,3,2,3,0,2,1,-1,1,-1,7,strong,0.04332020208678877,1,29,10,1.0,1.0,1.0,0.0,1.0,2
2020-06-01,3,3,3,0,2,1,-1,-1,-1,8,unanimous,0.06284260406654696,1,29,11,1.0,1.0,1.0,0.0,1.0,1
2020-06-02,3,3,3,0,2,1,-1,-1,-1,8,unanimous,0.04717014046039991,1,29,12,1.0,1.0,1.0,0.0,1.0,1
2020-06-03,1,3,3,0,2,1,1,-1,-1,8,unanimous,0.07727494334459895,1,29,13,1.0,1.0,1.0,0.0,1.0,2
2020-06-04,1,3,1,0,2,1,1,-1,1,8,unanimous,0.07033784438640323,1,29,14,1.0,1.0,1.0,0.0,1.0,3
2020-06-05,1,1,1,0,2,1,1,1,1,8,unanimous,0.09117428860231702,1,29,15,1.0,1.0,1.0,0.0,1.0,4
2020-06-08,1,1,1,0,2,1,1,1,1,8,unanimous,0.09361180235242506,1,29,16,1.0,1.0,1.0,0.0,1.0,4
2020-06-09,1,1,1,0,2,1,1,1,1,8,unanimous,0.08636559099840757,1,29,17,1.0,1.0,-1.0,0.0,1.0,4
2020-06-10,1,1,1,0,2,1,1,1,1,8,unanimous,0.0801601854902304,1,29,18,1.0,1.0,-1.0,0.0,1.0,4
2020-06-11,2,1,2,0,2,1,1,1,1,5,mixed,0.019070703122199606,1,29,19,1.0,1.0,-1.0,0.0,1.0,4
2020-06-12,2,0,2,0,2,1,1,1,1,6,lean,0.03198946161212346,1,29,20,1.0,1.0,-1.0,0.0,1.0,4
2020-06-15,2,1,2,0,2,1,1,1,1,8,unanimous,0.040893182249198023,1,29,21,1.0,1.0,-1.0,0.0,1.0,4
2020-06-16,2,1,2,1,2,1,1,1,1,8,unanimous,0.05467017372929861,1,29,22,1.0,1.0,-1.0,0.0,1.0,4
2020-06-17,2,0,2,1,2,1,1,1,1,7,strong,0.05673463912689558,1,29,23,1.0,1.0,-1.0,0.0,1.0,4
2020-06-18,2,0,2,1,2,1,1,1,1,8,unanimous,0.046136208700754855,1,29,24,1.0,1.0,-1.0,0.0,1.0,4
2020-06-19,2,1,2,1,2,1,1,1,1,7,strong,0.048173823800318094,1,29,25,1.0,1.0,-1.0,0.0,1.0,4
2020-06-22,2,1,2,1,2,1,1,1,1,7,strong,0.05209026404468642,1,29,26,1.0,1.0,-1.0,0.0,1.0,4
2020-06-23,2,1,1,1,2,1,1,1,1,7,strong,0.044556721923154075,1,29,27,1.0,1.0,-1.0,0.0,1.0,4
2020-06-24,2,1,2,1,2,1,1,1,1,6,lean,0.0143985516029973,1,29,28,1.0,1.0,-1.0,0.0,1.0,4
2020-06-25,2,3,2,1,2,1,1,-1,1,7,strong,0.026480631388556497,1,29,29,1.0,1.0,-1.0,0.0,1.0,3
2020-06-26,2,2,2,4,2,-1,1,1,1,3,mixed,0.0015268318329340058,1,29,1,1.0,1.0,-1.0,0.0,0.0,1
2020-06-29,2,3,2,1,2,1,1,-1,1,5,mixed,0.011470701730096566,1,29,1,1.0,1.0,-1.0,0.0,1.0,3
2020-06-30,2,3,3,1,2,1,1,-1,-1,6,lean,0.025500805796046522,1,29,2,1.0,1.0,-1.0,0.0,1.0,2
2020-07-01,2,3,3,1,2,1,1,-1,-1,7,strong,0.030205380798267956,1,29,3,1.0,1.0,-1.0,0.0,1.0,2
2020-07-02,2,3,3,1,2,1,1,-1,-1,8,unanimous,0.03441269339143527,1,29,4,1.0,1.0,-1.0,0.0,1.0,2
2020-07-06,2,3,3,1,2,1,1,-1,-1,7,strong,0.049313316746680824,1,29,5,1.0,1.0,-1.0,0.0,1.0,2
2020-07-07,2,3,3,1,2,1,1,-1,-1,7,strong,0.03863951472808713,1,29,6,1.0,1.0,-1.0,0.0,1.0,2
2020-07-08,2,3,3,1,2,1,1,-1,-1,7,strong,0.04586314451932105,1,29,7,1.0,1.0,-1.0,0.0,1.0,2
2020-07-09,2,3,3,2,2,1,1,-1,-1,7,strong,0.04016378013381372,1,29,8,1.0,1.0,-1.0,0.0,1.0,2
2020-07-10,2,3,3,2,2,1,1,-1,-1,8,unanimous,0.05743725013268508,1,29,9,1.0,1.0,-1.0,0.0,1.0,2
2020-07-13,2,3,3,2,2,1,1,-1,-1,8,unanimous,0.04632638080140794,1,29,10,1.0,1.0,-1.0,0.0,1.0,2
2020-07-14,2,3,3,2,2,1,1,-1,-1,8,unanimous,0.05292788314664598,1,29,11,1.0,1.0,-1.0,0.0,1.0,2
2020-07-15,2,3,3,2,2,1,1,-1,-1,8,unanimous,0.061084693503283605,1,29,12,1.0,1.0,-1.0,0.0,1.0,2
2020-07-16,2,3,3,2,2,1,1,-1,-1,8,unanimous,0.05748531702222759,1,29,13,1.0,1.0,-1.0,0.0,1.0,2
2020-07-17,2,3,3,2,2,1,1,-1,-1,8,unanimous,0.059733515714933016,1,29,14,1.0,1.0,-1.0,0.0,1.0,2
2020-07-20,2,3,3,2,2,1,1,-1,-1,8,unanimous,0.06585979041570567,1,29,15,1.0,1.0,-1.0,0.0,1.0,2
2020-07-21,2,3,3,2,2,1,1,-1,-1,8,unanimous,0.06526567080988444,1,29,16,1.0,1.0,-1.0,0.0,1.0,2
2020-07-22,2,3,3,2,2,1,1,-1,-1,8,unanimous,0.06864706654827002,1,29,17,1.0,1.0,-1.0,0.0,1.0,2
2020-07-23,2,3,3,2,2,1,1,-1,-1,8,unanimous,0.05727729088300748,1,29,18,1.0,1.0,-1.0,0.0,1.0,2
2020-07-24,2,3,3,2,2,1,1,-1,-1,8,unanimous,0.04742019831168098,1,29,19,1.0,1.0,-1.0,0.0,1.0,2
2020-07-27,2,3,3,2,2,1,1,-1,-1,8,unanimous,0.0609545436098744,1,29,20,1.0,1.0,-1.0,0.0,1.0,2
2020-07-28,2,3,3,2,2,1,1,-1,-1,8,unanimous,0.051329201159395654,1,29,21,1.0,1.0,-1.0,0.0,1.0,2
2020-07-29,2,3,3,2,2,1,1,-1,-1,8,unanimous,0.054278112437775694,1,29,22,1.0,1.0,-1.0,0.0,1.0,2
2020-07-30,2,3,3,2,2,1,1,-1,-1,8,unanimous,0.04868179936756045,1,29,23,1.0,1.0,-1.0,0.0,1.0,2
2020-07-31,2,1,1,2,2,1,1,1,1,8,unanimous,0.05386216212801387,1,29,24,1.0,1.0,-1.0,0.0,1.0,4
2020-08-03,2,3,1,2,2,1,1,-1,1,8,unanimous,0.05860195895757403,1,29,25,1.0,1.0,-1.0,0.0,1.0,3
2020-08-04,2,1,1,2,2,1,1,1,1,8,unanimous,0.060119971426334295,1,29,26,1.0,1.0,-1.0,0.0,1.0,4
2020-08-05,2,1,1,2,2,1,1,1,1,8,unanimous,0.06420785979084609,1,29,27,1.0,-1.0,-1.0,0.0,1.0,4
2020-08-06,1,1,1,2,2,1,1,1,1,8,unanimous,0.06786839427424729,1,29,28,1.0,-1.0,1.0,0.0,1.0,4
2020-08-07,1,1,1,2,2,1,1,1,1,8,unanimous,0.06578185308096884,1,29,29,1.0,-1.0,1.0,0.0,1.0,4
2020-08-10,1,1,1,2,2,1,1,1,1,8,unanimous,0.06582098785388624,1,29,30,1.0,-1.0,1.0,0.0,1.0,4
2020-08-11,1,1,1,2,2,1,1,1,1,8,unanimous,0.055790909249993526,1,29,31,1.0,-1.0,1.0,0.0,1.0,4
2020-08-12,1,1,1,2,2,1,1,1,1,8,unanimous,0.06691993227161774,1,29,32,1.0,-1.0,1.0,0.0,1.0,4
2020-08-13,1,1,1,2,2,1,1,1,1,8,unanimous,0.06270766648421122,1,29,33,1.0,-1.0,1.0,0.0,1.0,4
2020-08-14,1,1,1,2,2,1,1,1,1,8,unanimous,0.060527320714142796,1,29,34,1.0,-1.0,1.0,0.0,1.0,4
2020-08-17,2,1,1,2,2,1,1,1,1,8,unanimous,0.060939644373668944,1,29,35,1.0,-1.0,1.0,0.0,1.0,4
2020-08-18,2,1,1,2,2,1,1,1,1,8,unanimous,0.06096496302683596,1,29,36,1.0,-1.0,1.0,0.0,1.0,4
2020-08-19,2,1,1,2,2,1,1,1,1,8,unanimous,0.054811901208329905,1,29,37,-1.0,-1.0,1.0,1.0,1.0,4
2020-08-20,2,1,1,2,2,1,1,1,1,8,unanimous,0.05609224049454409,1,29,38,-1.0,-1.0,1.0,1.0,1.0,4
2020-08-21,2,1,1,2,2,1,1,1,1,8,unanimous,0.057554127294150215,1,29,39,-1.0,-1.0,1.0,1.0,1.0,4
2020-08-24,1,1,1,2,2,1,1,1,1,8,unanimous,0.06518272577760686,1,29,40,-1.0,-1.0,1.0,1.0,1.0,4
2020-08-25,1,1,1,2,2,1,1,1,1,8,unanimous,0.06668418995912007,1,29,41,-1.0,-1.0,1.0,1.0,1.0,4
2020-08-26,1,1,1,2,2,1,1,1,1,8,unanimous,0.07433624610266965,1,29,42,-1.0,-1.0,1.0,1.0,1.0,4
2020-08-27,1,1,1,2,2,1,1,1,1,8,unanimous,0.07415140250106877,1,29,43,-1.0,-1.0,1.0,1.0,1.0,4
2020-08-28,1,1,1,2,2,1,1,1,1,8,unanimous,0.0785447474857709,1,29,44,-1.0,-1.0,1.0,1.0,1.0,4
2020-08-31,1,1,1,2,2,1,1,1,1,8,unanimous,0.07499690418097582,1,29,45,-1.0,-1.0,1.0,1.0,1.0,4
2020-09-01,1,1,1,2,2,1,1,1,1,8,unanimous,0.08061793768248338,1,29,46,-1.0,-1.0,1.0,1.0,1.0,4
2020-09-02,1,1,1,2,2,1,1,1,1,8,unanimous,0.09301914471473016,-1,30,47,-1.0,-1.0,1.0,0.0,0.0,4
2020-09-03,2,1,1,2,2,1,1,1,1,8,unanimous,0.05808426262550259,-1,30,48,-1.0,-1.0,1.0,0.0,0.0,4
2020-09-04,2,1,1,2,2,1,1,1,1,7,strong,0.04812055949885208,-1,30,49,-1.0,-1.0,1.0,0.0,0.0,4
2020-09-08,2,0,2,2,2,1,1,1,1,4,mixed,0.018983779822059232,-1,30,50,-1.0,-1.0,1.0,0.0,0.0,4
2020-09-09,2,1,2,2,2,1,1,1,1,6,lean,0.03703339563056163,-1,30,51,-1.0,-1.0,1.0,0.0,0.0,4
2020-09-10,0,0,0,2,2,1,1,1,1,4,mixed,0.018404827038707716,-1,30,52,-1.0,-1.0,1.0,0.0,0.0,4
2020-09-11,0,0,0,2,2,1,1,1,1,4,mixed,0.017782805663508428,-1,30,53,-1.0,-1.0,1.0,0.0,0.0,4
2020-09-14,0,0,0,2,2,1,1,1,1,6,lean,0.029010341725199895,-1,30,54,-1.0,-1.0,1.0,0.0,0.0,4
2020-09-15,3,0,3,2,2,1,-1,1,-1,6,lean,0.032627748398336154,-1,30,55,-1.0,-1.0,1.0,0.0,0.0,2
2020-09-16,3,2,3,2,2,1,-1,1,-1,5,mixed,0.026720257732162356,-1,30,56,-1.0,-1.0,1.0,0.0,0.0,2
2020-09-17,0,5,0,0,2,1,1,-1,1,4,mixed,0.01717978519680352,-1,30,57,-1.0,-1.0,1.0,0.0,0.0,3
2020-09-18,0,5,0,0,2,1,1,-1,1,4,mixed,0.004499123955794437,-1,30,58,-1.0,-1.0,1.0,0.0,0.0,3
2020-09-21,0,0,0,3,2,-1,1,1,1,3,mixed,0.00837238235105775,-1,30,1,-1.0,-1.0,1.0,0.0,1.0,1
2020-09-22,0,0,0,0,2,1,1,1,1,4,mixed,0.0007327190316103183,-1,30,1,-1.0,-1.0,1.0,0.0,0.0,4
2020-09-23,0,4,4,3,2,-1,1,-1,-1,3,mixed,0.024920924722325877,-1,30,1,-1.0,-1.0,1.0,0.0,1.0,3
2020-09-24,0,4,4,3,2,-1,1,-1,-1,3,mixed,0.022581425566689406,-1,30,2,-1.0,-1.0,1.0,0.0,1.0,3
2020-09-25,0,4,4,3,2,-1,1,-1,-1,3,mixed,0.00717259631142575,-1,30,3,-1.0,-1.0,1.0,0.0,1.0,3
2020-09-28,0,4,4,0,2,1,1,-1,-1,4,mixed,0.00794442364111314,-1,30,1,-1.0,-1.0,1.0,0.0,0.0,2
2020-09-29,0,4,4,0,2,1,1,-1,-1,4,mixed,0.002273497190539042,-1,30,2,-1.0,-1.0,1.0,0.0,0.0,2
2020-09-30,0,4,4,0,2,1,1,-1,-1,5,mixed,0.009482703301711193,-1,30,3,-1.0,-1.0,1.0,0.0,0.0,2
2020-10-01,0,4,4,0,2,1,1,-1,-1,6,lean,0.013729938173931533,-1,30,4,-1.0,-1.0,1.0,0.0,0.0,2
2020-10-02,0,4,4,0,2,1,1,-1,-1,6,lean,0.008645854417107857,-1,30,5,-1.0,1.0,1.0,0.0,0.0,2
2020-10-05,0,4,4,0,2,1,1,-1,-1,7,strong,0.03741713178679906,-1,30,6,-1.0,1.0,1.0,0.0,0.0,2
2020-10-06,0,4,4,1,2,1,1,-1,-1,7,strong,0.013507976191245774,-1,30,7,-1.0,1.0,1.0,0.0,0.0,2
2020-10-07,0,4,4,1,2,1,1,-1,-1,8,unanimous,0.05139799443929671,-1,30,8,-1.0,1.0,1.0,0.0,0.0,2
2020-10-08,3,4,4,1,2,1,-1,-1,-1,8,unanimous,0.057571787348552284,-1,30,9,-1.0,1.0,1.0,0.0,0.0,1
2020-10-09,3,4,4,1,2,1,-1,-1,-1,8,unanimous,0.05138704140779993,-1,30,10,-1.0,1.0,1.0,0.0,0.0,1
2020-10-12,3,4,3,1,2,1,-1,-1,-1,8,unanimous,0.05167190343575112,-1,30,11,-1.0,1.0,1.0,0.0,0.0,1
2020-10-13,3,4,4,1,2,1,-1,-1,-1,8,unanimous,0.050245866054356436,-1,30,12,-1.0,1.0,1.0,0.0,0.0,1
2020-10-14,3,4,4,1,2,1,-1,-1,-1,8,unanimous,0.036022302106316295,-1,30,13,-1.0,1.0,1.0,0.0,0.0,1
2020-10-15,3,4,4,1,2,1,-1,-1,-1,8,unanimous,0.03626693774867684,-1,30,14,-1.0,1.0,1.0,0.0,0.0,1
2020-10-16,0,5,3,1,2,1,1,-1,-1,8,unanimous,0.0471725166201975,-1,30,15,1.0,1.0,1.0,1.0,0.0,2
2020-10-19,0,5,0,1,2,1,1,-1,1,8,unanimous,0.04157419167374521,-1,30,16,1.0,1.0,1.0,1.0,0.0,3
2020-10-20,0,4,0,1,2,1,1,-1,1,8,unanimous,0.03704490243933567,-1,30,17,1.0,1.0,1.0,1.0,0.0,3
2020-10-21,0,5,0,1,2,1,1,-1,1,8,unanimous,0.04172064588568103,-1,30,18,1.0,1.0,1.0,1.0,0.0,3
2020-10-22,0,5,0,1,2,1,1,-1,1,8,unanimous,0.04565830058448028,-1,30,19,1.0,1.0,1.0,1.0,0.0,3
2020-10-23,3,4,3,1,2,1,-1,-1,-1,7,strong,0.0479717425338384,-1,30,20,1.0,1.0,1.0,1.0,0.0,1
2020-10-26,0,4,4,1,2,1,1,-1,-1,5,mixed,0.014516409574962585,-1,30,21,1.0,1.0,1.0,1.0,0.0,2
2020-10-27,0,4,4,1,2,1,1,-1,-1,4,mixed,0.016282858320627702,-1,30,22,1.0,1.0,1.0,1.0,0.0,2
2020-10-28,0,4,4,5,2,-1,1,-1,-1,1,strong,0.028116516778934786,-1,30,1,1.0,1.0,1.0,1.0,1.0,3
2020-10-29,0,4,4,5,2,-1,1,-1,-1,2,lean,0.021355767364883205,-1,30,2,1.0,1.0,1.0,1.0,1.0,3
2020-10-30,0,4,4,5,2,-1,1,-1,-1,1,strong,0.024220465118223844,1,31,3,1.0,1.0,1.0,0.0,0.0,3
2020-11-02,0,4,4,5,2,-1,1,-1,-1,1,strong,0.02167617546167011,1,31,4,1.0,1.0,1.0,0.0,0.0,3
2020-11-03,0,4,4,2,2,1,1,-1,-1,4,mixed,0.0024308556494495592,1,31,1,1.0,1.0,1.0,0.0,1.0,2
2020-11-04,0,4,4,2,2,1,1,-1,-1,8,unanimous,0.01822728488525449,1,31,2,1.0,1.0,1.0,0.0,1.0,2
2020-11-05,0,4,4,2,2,1,1,-1,-1,8,unanimous,0.03620661037978734,1,31,3,1.0,1.0,1.0,0.0,1.0,2
2020-11-06,0,4,4,2,2,1,1,-1,-1,8,unanimous,0.03469096077494771,1,31,4,1.0,1.0,1.0,0.0,1.0,2
2020-11-09,0,4,4,2,2,1,1,-1,-1,8,unanimous,0.044945134296271005,1,31,5,1.0,1.0,1.0,0.0,1.0,2
2020-11-10,0,4,4,2,2,1,1,-1,-1,8,unanimous,0.04367473872078831,1,31,6,1.0,1.0,1.0,0.0,1.0,2
2020-11-11,3,4,3,2,2,1,-1,-1,-1,8,unanimous,0.05118871857705698,1,31,7,1.0,1.0,1.0,0.0,1.0,1
2020-11-12,3,4,3,2,2,1,-1,-1,-1,8,unanimous,0.04584660819778685,1,31,8,1.0,1.0,1.0,0.0,1.0,1
2020-11-13,3,2,3,0,2,1,-1,1,-1,8,unanimous,0.055685228795485764,1,31,9,1.0,1.0,1.0,0.0,1.0,2
2020-11-16,3,2,3,0,2,1,-1,1,-1,8,unanimous,0.06334593512590991,1,31,10,1.0,1.0,1.0,0.0,1.0,2
2020-11-17,3,2,3,0,2,1,-1,1,-1,8,unanimous,0.05211867774338985,1,31,11,1.0,1.0,1.0,0.0,1.0,2
2020-11-18,3,2,3,0,2,1,-1,1,-1,8,unanimous,0.03713619683176406,1,31,12,1.0,1.0,1.0,0.0,1.0,2
2020-11-19,3,2,3,0,2,1,-1,1,-1,8,unanimous,0.03862181781028995,1,31,13,1.0,1.0,1.0,0.0,1.0,2
2020-11-20,3,3,3,0,2,1,-1,-1,-1,8,unanimous,0.03000425257502759,1,31,14,1.0,1.0,1.0,0.0,1.0,1
2020-11-23,3,2,3,0,2,1,-1,1,-1,8,unanimous,0.04175254226808989,1,31,15,1.0,1.0,1.0,0.0,1.0,2
2020-11-24,3,2,3,0,2,1,-1,1,-1,8,unanimous,0.056632808831401094,1,31,16,1.0,1.0,1.0,0.0,1.0,2
2020-11-25,1,2,2,0,2,1,1,1,1,8,unanimous,0.05462787876224218,1,31,17,1.0,1.0,1.0,0.0,1.0,4
2020-11-27,1,3,3,0,2,1,1,-1,-1,8,unanimous,0.056661118254998866,1,31,18,1.0,1.0,1.0,0.0,1.0,2
2020-11-30,1,2,2,0,2,1,1,1,1,8,unanimous,0.05144815055379759,1,31,19,1.0,1.0,1.0,0.0,1.0,4
2020-12-01,1,2,2,0,2,1,1,1,1,8,unanimous,0.06429848690738427,1,31,20,1.0,1.0,1.0,0.0,1.0,4
2020-12-02,1,2,2,0,2,1,1,1,1,8,unanimous,0.07197072861159837,1,31,21,1.0,1.0,1.0,0.0,1.0,4
2020-12-03,1,2,2,1,2,1,1,1,1,8,unanimous,0.060893668205063145,1,31,22,1.0,1.0,1.0,0.0,1.0,4
2020-12-04,1,2,2,1,2,1,1,1,1,8,unanimous,0.06617380971011066,1,31,23,1.0,1.0,1.0,0.0,1.0,4
2020-12-07,1,2,2,1,2,1,1,1,1,8,unanimous,0.06271854935148657,1,31,24,1.0,1.0,1.0,0.0,1.0,4
2020-12-08,1,2,2,1,2,1,1,1,1,8,unanimous,0.06391166338667165,1,31,25,1.0,1.0,1.0,0.0,1.0,4
2020-12-09,1,2,2,1,2,1,1,1,1,8,unanimous,0.05502161205040279,1,31,26,1.0,1.0,1.0,0.0,1.0,4
2020-12-10,1,2,2,1,2,1,1,1,1,8,unanimous,0.05247798690878713,1,31,27,1.0,1.0,1.0,0.0,1.0,4
2020-12-11,1,2,2,1,2,1,1,1,1,8,unanimous,0.04983858450178724,1,31,28,1.0,1.0,1.0,0.0,1.0,4
2020-12-14,1,2,2,1,2,1,1,1,1,8,unanimous,0.044079997406959226,1,31,29,1.0,1.0,1.0,0.0,1.0,4
2020-12-15,2,2,2,1,2,1,1,1,1,8,unanimous,0.05459310918564497,1,31,30,1.0,1.0,1.0,0.0,1.0,4
2020-12-16,2,2,2,1,2,1,1,1,1,8,unanimous,0.05453033265318752,1,31,31,1.0,1.0,1.0,0.0,1.0,4
2020-12-17,1,2,2,1,2,1,1,1,1,8,unanimous,0.0578290394310359,1,31,32,1.0,1.0,1.0,0.0,1.0,4
2020-12-18,2,2,2,1,2,1,1,1,1,8,unanimous,0.05233485848947883,1,31,33,1.0,1.0,1.0,0.0,1.0,4
2020-12-21,2,2,2,1,2,1,1,1,1,8,unanimous,0.046733407715645714,1,31,34,1.0,1.0,1.0,0.0,1.0,4
2020-12-22,1,2,2,1,2,1,1,1,1,7,strong,0.04317496096915774,1,31,35,1.0,1.0,1.0,0.0,1.0,4
2020-12-23,2,2,2,1,2,1,1,1,1,8,unanimous,0.04227217908813119,1,31,36,1.0,1.0,1.0,0.0,1.0,4
2020-12-24,0,3,2,1,2,1,1,-1,1,8,unanimous,0.04415058564338292,1,31,37,1.0,1.0,1.0,0.0,1.0,3
2020-12-28,2,2,2,2,2,1,1,1,1,8,unanimous,0.05095366431891346,1,31,38,1.0,1.0,1.0,0.0,1.0,4
2020-12-29,2,2,2,2,2,1,1,1,1,8,unanimous,0.04707540208743899,1,31,39,1.0,1.0,1.0,0.0,1.0,4
2020-12-30,2,2,2,2,2,1,1,1,1,8,unanimous,0.04690587974944316,1,31,40,1.0,1.0,1.0,0.0,1.0,4
2020-12-31,2,3,2,2,2,1,1,-1,1,8,unanimous,0.05132900182581723,1,31,41,1.0,1.0,1.0,0.0,1.0,3
2021-01-04,0,2,2,2,2,1,1,1,1,7,strong,0.035580119569163515,1,31,42,1.0,1.0,1.0,0.0,1.0,4
2021-01-05,0,2,0,2,2,1,1,1,1,8,unanimous,0.04120834583040145,1,31,43,1.0,1.0,1.0,0.0,1.0,4
2021-01-06,0,2,2,2,2,1,1,1,1,8,unanimous,0.04552257498392187,1,31,44,1.0,1.0,1.0,0.0,1.0,4
2021-01-07,3,2,2,2,2,1,-1,1,1,8,unanimous,0.05853355787788295,1,31,45,1.0,1.0,1.0,0.0,1.0,3
2021-01-08,3,2,2,2,2,1,-1,1,1,8,unanimous,0.0623823378080246,1,31,46,1.0,1.0,1.0,0.0,1.0,3
2021-01-11,3,2,3,2,2,1,-1,1,-1,8,unanimous,0.0546970769361812,1,31,47,1.0,1.0,1.0,0.0,1.0,2
2021-01-12,3,2,2,2,2,1,-1,1,1,8,unanimous,0.053679741001424364,1,31,48,1.0,1.0,1.0,0.0,1.0,3
2021-01-13,3,3,3,2,2,1,-1,-1,-1,8,unanimous,0.05441638315675268,1,31,49,1.0,1.0,1.0,0.0,1.0,1
2021-01-14,3,2,2,2,2,1,-1,1,1,8,unanimous,0.049143862252922,1,31,50,1.0,1.0,1.0,0.0,1.0,3
2021-01-15,3,2,2,2,2,1,-1,1,1,8,unanimous,0.0406725240570045,1,31,51,1.0,1.0,1.0,0.0,1.0,3
2021-01-19,3,2,3,2,2,1,-1,1,-1,8,unanimous,0.046930657068932735,1,31,52,1.0,1.0,1.0,0.0,1.0,2
2021-01-20,3,3,3,2,2,1,-1,-1,-1,8,unanimous,0.05850979223151709,1,31,53,1.0,1.0,1.0,0.0,1.0,1
2021-01-21,3,3,3,2,2,1,-1,-1,-1,8,unanimous,0.05710790168687674,1,31,54,1.0,1.0,1.0,0.0,1.0,1
2021-01-22,2,3,2,2,2,1,1,-1,1,8,unanimous,0.05226591305200756,1,31,55,1.0,1.0,1.0,0.0,1.0,3
2021-01-25,2,3,2,2,2,1,1,-1,1,8,unanimous,0.0536986318513335,1,31,56,1.0,1.0,1.0,0.0,1.0,3
2021-01-26,2,2,2,2,2,1,1,1,1,8,unanimous,0.049714950403723424,1,31,57,1.0,1.0,1.0,0.0,1.0,4
2021-01-27,0,5,5,2,2,1,1,-1,-1,6,lean,0.022232591615859554,1,31,58,1.0,1.0,1.0,0.0,1.0,2
2021-01-28,0,5,5,2,2,1,1,-1,-1,6,lean,0.029532257604015566,1,31,59,1.0,1.0,1.0,0.0,1.0,2
2021-01-29,0,5,5,2,2,1,1,-1,-1,4,mixed,0.00824472005646304,1,31,60,1.0,1.0,1.0,0.0,1.0,2
2021-02-01,0,5,0,2,2,1,1,-1,1,7,strong,0.022362824493693645,1,31,61,1.0,1.0,1.0,0.0,1.0,3
2021-02-02,3,5,5,2,2,1,-1,-1,-1,8,unanimous,0.03430035167334611,1,31,62,1.0,1.0,1.0,0.0,1.0,1
2021-02-03,3,5,3,2,2,1,-1,-1,-1,7,strong,0.03387580326880557,1,31,63,1.0,1.0,1.0,0.0,1.0,1
2021-02-04,3,3,3,2,2,1,-1,-1,-1,8,unanimous,0.042844832084137474,1,31,64,1.0,1.0,1.0,0.0,1.0,1
2021-02-05,3,3,3,2,2,1,-1,-1,-1,8,unanimous,0.04516003749079234,1,31,65,1.0,1.0,1.0,0.0,1.0,1
2021-02-08,3,3,3,2,2,1,-1,-1,-1,8,unanimous,0.050695974493775164,1,31,66,1.0,1.0,1.0,0.0,1.0,1
2021-02-09,3,3,3,2,2,1,-1,-1,-1,8,unanimous,0.04815164868383326,1,31,67,1.0,1.0,1.0,0.0,1.0,1
2021-02-10,3,3,3,2,2,1,-1,-1,-1,8,unanimous,0.04620074486461423,1,31,68,1.0,1.0,-1.0,0.0,1.0,1
2021-02-11,3,3,3,2,2,1,-1,-1,-1,8,unanimous,0.04637840821831163,1,31,69,1.0,1.0,-1.0,0.0,1.0,1
2021-02-12,3,3,3,2,2,1,-1,-1,-1,8,unanimous,0.05606089297653716,1,31,70,1.0,1.0,-1.0,0.0,1.0,1
2021-02-16,3,3,3,2,2,1,-1,-1,-1,8,unanimous,0.047659642879842035,1,31,71,1.0,1.0,-1.0,0.0,1.0,1
2021-02-17,3,3,3,2,2,1,-1,-1,-1,8,unanimous,0.045781650017755915,1,31,72,1.0,1.0,-1.0,0.0,1.0,1
2021-02-18,3,3,3,2,2,1,-1,-1,-1,8,unanimous,0.0400359791481969,1,31,73,1.0,1.0,-1.0,0.0,1.0,1
2021-02-19,3,3,3,2,2,1,-1,-1,-1,8,unanimous,0.03670567472883457,1,31,74,1.0,1.0,-1.0,0.0,1.0,1
2021-02-22,0,2,0,2,2,1,1,1,1,7,strong,0.027759618525879604,1,31,75,1.0,1.0,-1.0,0.0,1.0,4
2021-02-23,0,5,0,2,2,1,1,-1,1,7,strong,0.027926737841096116,1,31,76,1.0,1.0,-1.0,0.0,1.0,3
2021-02-24,3,5,3,2,2,1,-1,-1,-1,8,unanimous,0.037750610364038484,1,31,77,1.0,1.0,-1.0,0.0,1.0,1
2021-02-25,0,5,0,2,2,1,1,-1,1,5,mixed,0.020517913414855538,1,31,78,1.0,1.0,-1.0,0.0,1.0,3
2021-02-26,0,5,0,2,2,1,1,-1,1,5,mixed,0.0066964237485417355,1,31,79,1.0,1.0,-1.0,0.0,1.0,3
2021-03-01,3,5,3,0,2,1,-1,-1,-1,7,strong,0.048075020077456565,1,31,80,1.0,1.0,-1.0,0.0,1.0,1
2021-03-02,3,5,3,0,2,1,-1,-1,-1,6,lean,0.02491542769853583,1,31,81,1.0,1.0,-1.0,0.0,1.0,1
2021-03-03,0,4,4,0,2,1,1,-1,-1,4,mixed,0.006328875353809771,1,31,82,1.0,1.0,-1.0,0.0,1.0,2
2021-03-04,0,4,4,3,2,-1,1,-1,-1,3,mixed,0.007727150265006033,1,31,1,1.0,1.0,-1.0,0.0,0.0,3
2021-03-05,0,4,4,0,2,1,1,-1,-1,4,mixed,0.01120622857213227,1,31,1,1.0,1.0,-1.0,0.0,1.0,2
2021-03-08,0,4,4,0,2,1,1,-1,-1,4,mixed,0.00525892335292677,1,31,2,1.0,1.0,-1.0,0.0,1.0,2
2021-03-09,0,4,4,0,2,1,1,-1,-1,5,mixed,0.018493016013194086,1,31,3,1.0,1.0,-1.0,0.0,1.0,2
2021-03-10,0,4,4,0,3,1,1,-1,-1,6,lean,0.023474971611024964,1,31,4,1.0,1.0,-1.0,0.0,1.0,2
2021-03-11,0,4,4,0,3,1,1,-1,-1,8,unanimous,0.03250937902690154,1,31,5,1.0,1.0,-1.0,0.0,1.0,2
2021-03-12,0,4,4,0,3,1,1,-1,-1,8,unanimous,0.033522390308867944,1,31,6,1.0,1.0,-1.0,0.0,1.0,2
2021-03-15,0,4,4,0,3,1,1,-1,-1,8,unanimous,0.03741632556617824,1,31,7,1.0,1.0,-1.0,0.0,1.0,2
2021-03-16,0,4,4,0,3,1,1,-1,-1,8,unanimous,0.03475770242635179,1,31,8,1.0,1.0,-1.0,0.0,1.0,2
2021-03-17,0,3,3,0,3,1,1,-1,-1,8,unanimous,0.03885140406718368,1,31,9,1.0,1.0,-1.0,0.0,1.0,2
2021-03-18,3,4,4,0,3,1,-1,-1,-1,8,unanimous,0.03754092538317777,1,31,10,1.0,1.0,-1.0,0.0,1.0,1
2021-03-19,0,4,4,1,3,1,1,-1,-1,8,unanimous,0.019378128199427747,1,31,11,1.0,1.0,-1.0,0.0,1.0,2
2021-03-22,0,3,3,1,3,1,1,-1,-1,8,unanimous,0.030259425003579477,1,31,12,1.0,1.0,-1.0,0.0,1.0,2
2021-03-23,3,3,3,1,3,1,-1,-1,-1,8,unanimous,0.016666212890102283,1,31,13,1.0,1.0,-1.0,0.0,1.0,1
2021-03-24,3,4,3,1,3,1,-1,-1,-1,5,mixed,0.010356315995700971,1,31,14,1.0,1.0,-1.0,0.0,1.0,1
2021-03-25,3,3,3,1,3,1,-1,-1,-1,7,strong,0.02050889399211686,1,31,15,1.0,1.0,-1.0,0.0,1.0,1
2021-03-26,3,4,3,1,3,1,-1,-1,-1,8,unanimous,0.041109193796746824,1,31,16,1.0,1.0,-1.0,0.0,1.0,1
2021-03-29,3,4,3,1,3,1,-1,-1,-1,8,unanimous,0.02830907054497811,1,31,17,1.0,1.0,-1.0,0.0,1.0,1
2021-03-30,3,3,3,1,3,1,-1,-1,-1,7,strong,0.02431027069970959,1,31,18,1.0,1.0,-1.0,0.0,1.0,1
2021-03-31,3,3,3,1,3,1,-1,-1,-1,7,strong,0.03855377974636076,1,31,19,1.0,1.0,-1.0,0.0,1.0,1
2021-04-01,1,3,3,1,3,1,1,-1,-1,8,unanimous,0.05908940253299466,1,31,20,1.0,1.0,-1.0,0.0,1.0,2
2021-04-05,1,3,3,1,3,1,1,-1,-1,8,unanimous,0.05786542022480956,1,31,21,1.0,1.0,-1.0,0.0,1.0,2
2021-04-06,1,3,3,1,3,1,1,-1,-1,8,unanimous,0.062001366584410356,1,31,22,1.0,1.0,-1.0,0.0,1.0,2
2021-04-07,1,3,3,1,3,1,1,-1,-1,8,unanimous,0.05012561727794829,1,31,23,1.0,1.0,-1.0,0.0,1.0,2
2021-04-08,1,3,3,1,3,1,1,-1,-1,8,unanimous,0.05078728725531223,1,31,24,1.0,1.0,-1.0,0.0,1.0,2
2021-04-09,1,3,3,1,3,1,1,-1,-1,8,unanimous,0.056843981261499144,1,31,25,1.0,-1.0,-1.0,0.0,1.0,2
2021-04-12,1,3,3,1,3,1,1,-1,-1,8,unanimous,0.05534939245256454,1,31,26,1.0,-1.0,-1.0,0.0,1.0,2
2021-04-13,1,3,3,2,3,1,1,-1,-1,8,unanimous,0.05709078415418167,1,31,27,1.0,-1.0,-1.0,0.0,1.0,2
2021-04-14,1,3,3,2,3,1,1,-1,-1,8,unanimous,0.05168647168174023,1,31,28,1.0,-1.0,-1.0,0.0,1.0,2
2021-04-15,1,3,3,2,3,1,1,-1,-1,8,unanimous,0.06076791070363563,1,31,29,1.0,-1.0,-1.0,0.0,1.0,2
2021-04-16,1,1,1,2,3,1,1,1,1,8,unanimous,0.0645113308771521,1,31,30,1.0,-1.0,-1.0,0.0,1.0,4
2021-04-19,1,1,1,2,3,1,1,1,1,8,unanimous,0.06008745119251413,1,31,31,1.0,-1.0,-1.0,0.0,1.0,4
2021-04-20,1,1,1,2,3,1,1,1,1,8,unanimous,0.04872145040569509,1,31,32,1.0,-1.0,-1.0,0.0,1.0,4
2021-04-21,1,1,1,2,3,1,1,1,1,8,unanimous,0.06299387726736028,1,31,33,1.0,-1.0,-1.0,0.0,1.0,4
2021-04-22,1,1,1,2,3,1,1,1,1,8,unanimous,0.05945375529067398,1,31,34,1.0,-1.0,1.0,0.0,1.0,4
2021-04-23,1,1,1,2,3,1,1,1,1,8,unanimous,0.06474614845856574,1,31,35,-1.0,-1.0,1.0,1.0,1.0,4
2021-04-26,1,1,1,2,3,1,1,1,1,8,unanimous,0.055101507669645056,1,31,36,-1.0,-1.0,1.0,1.0,1.0,4
2021-04-27,1,1,1,2,3,1,1,1,1,8,unanimous,0.052982018452608526,1,31,37,-1.0,-1.0,1.0,1.0,1.0,4
2021-04-28,1,1,1,2,3,1,1,1,1,8,unanimous,0.053698410662211815,1,31,38,-1.0,-1.0,1.0,1.0,1.0,4
2021-04-29,1,1,1,2,3,1,1,1,1,8,unanimous,0.056650126937791145,1,31,39,-1.0,-1.0,1.0,1.0,1.0,4
2021-04-30,2,1,1,2,3,1,1,1,1,7,strong,0.04705898266828068,1,31,40,-1.0,-1.0,1.0,1.0,1.0,4
2021-05-03,2,1,1,2,3,1,1,1,1,8,unanimous,0.04841967976977013,1,31,41,-1.0,-1.0,1.0,1.0,1.0,4
2021-05-04,2,1,1,2,3,1,1,1,1,8,unanimous,0.04077732519136157,1,31,42,-1.0,-1.0,1.0,1.0,1.0,4
2021-05-05,0,1,0,2,3,1,1,1,1,7,strong,0.04043868728428068,1,31,43,-1.0,-1.0,1.0,1.0,1.0,4
2021-05-06,2,1,1,2,3,1,1,1,1,8,unanimous,0.047176338626786274,1,31,44,-1.0,-1.0,1.0,1.0,1.0,4
2021-05-07,2,1,1,2,3,1,1,1,1,8,unanimous,0.0529821573002639,-1,32,45,-1.0,-1.0,1.0,0.0,0.0,4
2021-05-10,0,1,1,2,3,1,1,1,1,8,unanimous,0.041715556974082024,-1,32,46,-1.0,-1.0,1.0,0.0,0.0,4
2021-05-11,4,1,1,2,3,1,-1,1,1,6,lean,0.03229553951276931,-1,32,47,-1.0,-1.0,1.0,0.0,0.0,3
2021-05-12,5,0,5,2,3,1,-1,1,-1,4,mixed,0.010168185677175368,-1,32,48,-1.0,-1.0,1.0,0.0,0.0,2
2021-05-13,4,5,5,2,3,1,-1,-1,-1,5,mixed,0.021529807720171545,-1,32,49,-1.0,-1.0,1.0,0.0,0.0,1
2021-05-14,4,0,0,2,3,1,-1,1,1,6,lean,0.035105840585156645,-1,32,50,-1.0,-1.0,1.0,0.0,0.0,3
2021-05-17,4,0,4,2,3,1,-1,1,-1,6,lean,0.031570862803272814,-1,32,51,-1.0,-1.0,1.0,0.0,0.0,2
2021-05-18,4,5,4,2,3,1,-1,-1,-1,5,mixed,0.02207403111362083,-1,32,52,-1.0,-1.0,1.0,0.0,0.0,1
2021-05-19,4,0,4,2,3,1,-1,1,-1,4,mixed,0.018172126250020626,-1,32,53,-1.0,-1.0,1.0,0.0,0.0,2
2021-05-20,4,4,4,2,3,1,-1,-1,-1,6,lean,0.027651526648828972,-1,32,54,-1.0,-1.0,1.0,0.0,0.0,1
2021-05-21,4,4,4,0,3,1,-1,-1,-1,5,mixed,0.025543757085217167,-1,32,55,-1.0,-1.0,1.0,0.0,0.0,1
2021-05-24,0,4,4,0,3,1,1,-1,-1,8,unanimous,0.03371503344212545,-1,32,56,-1.0,-1.0,1.0,0.0,0.0,2
2021-05-25,4,4,4,0,3,1,-1,-1,-1,8,unanimous,0.030462249830361054,-1,32,57,-1.0,-1.0,1.0,0.0,0.0,1
2021-05-26,0,4,4,0,3,1,1,-1,-1,8,unanimous,0.03168505832623869,-1,32,58,-1.0,-1.0,1.0,0.0,0.0,2
2021-05-27,0,4,4,0,3,1,1,-1,-1,7,strong,0.030604369633693063,-1,32,59,-1.0,-1.0,1.0,0.0,0.0,2
2021-05-28,0,3,0,0,3,1,1,-1,1,8,unanimous,0.029605857999811858,-1,32,60,-1.0,-1.0,1.0,0.0,0.0,3
2021-06-01,0,4,0,0,3,1,1,-1,1,8,unanimous,0.02766703341146226,-1,32,61,-1.0,-1.0,1.0,0.0,0.0,3
2021-06-02,0,3,0,0,3,1,1,-1,1,8,unanimous,0.027538588530418462,-1,32,62,-1.0,-1.0,1.0,0.0,0.0,3
2021-06-03,0,3,0,0,3,1,1,-1,1,8,unanimous,0.022652138665416266,-1,32,63,-1.0,-1.0,1.0,0.0,0.0,3
2021-06-04,0,4,0,0,3,1,1,-1,1,8,unanimous,0.030032300437197845,-1,32,64,-1.0,-1.0,1.0,0.0,0.0,3
2021-06-07,0,4,4,0,3,1,1,-1,-1,7,strong,0.028093712218868028,-1,32,65,-1.0,-1.0,1.0,0.0,0.0,2
2021-06-08,0,4,4,0,3,1,1,-1,-1,8,unanimous,0.027128383328596906,-1,32,66,-1.0,-1.0,1.0,0.0,0.0,2
2021-06-09,0,4,4,0,3,1,1,-1,-1,8,unanimous,0.024313129375688303,-1,32,67,-1.0,-1.0,1.0,0.0,0.0,2
2021-06-10,0,3,3,0,3,1,1,-1,-1,8,unanimous,0.04155051906617502,-1,32,68,-1.0,-1.0,1.0,0.0,0.0,2
2021-06-11,0,3,3,1,3,1,1,-1,-1,8,unanimous,0.031769711465672645,-1,32,69,-1.0,-1.0,1.0,0.0,0.0,2
2021-06-14,0,3,3,1,3,1,1,-1,-1,8,unanimous,0.029074890525003783,-1,32,70,-1.0,-1.0,1.0,0.0,0.0,2
2021-06-15,0,3,3,1,3,1,1,-1,-1,8,unanimous,0.025752547029845863,-1,32,71,-1.0,-1.0,1.0,0.0,0.0,2
2021-06-16,0,3,3,1,3,1,1,-1,-1,8,unanimous,0.02269813498929152,-1,32,72,-1.0,-1.0,1.0,0.0,0.0,2
2021-06-17,0,3,3,1,3,1,1,-1,-1,8,unanimous,0.025149979141533274,-1,32,73,-1.0,-1.0,1.0,0.0,0.0,2
2021-06-18,5,5,5,1,3,1,-1,-1,-1,5,mixed,0.003141033485763667,-1,32,74,-1.0,1.0,1.0,0.0,0.0,1
2021-06-21,0,4,0,1,3,1,1,-1,1,7,strong,0.016315645308741966,-1,32,75,-1.0,1.0,1.0,0.0,0.0,3
2021-06-22,0,4,0,1,3,1,1,-1,1,8,unanimous,0.019894413361285834,-1,32,76,-1.0,1.0,1.0,0.0,0.0,3
2021-06-23,0,3,0,1,3,1,1,-1,1,8,unanimous,0.01773131234386982,-1,32,77,-1.0,1.0,1.0,0.0,0.0,3
2021-06-24,0,3,0,1,3,1,1,-1,1,8,unanimous,0.022281137571454113,-1,32,78,-1.0,1.0,1.0,0.0,0.0,3
2021-06-25,0,2,0,1,3,1,1,1,1,8,unanimous,0.024364224322804606,-1,32,79,-1.0,1.0,1.0,0.0,0.0,4
2021-06-28,0,3,3,1,3,1,1,-1,-1,8,unanimous,0.025587215454793033,-1,32,80,-1.0,1.0,1.0,0.0,0.0,2
2021-06-29,0,3,3,1,3,1,1,-1,-1,8,unanimous,0.025017386965499044,-1,32,81,-1.0,1.0,1.0,0.0,0.0,2
2021-06-30,3,2,3,1,3,1,-1,1,-1,8,unanimous,0.025451372134777328,-1,32,82,-1.0,1.0,1.0,0.0,0.0,2
2021-07-01,3,3,3,1,3,1,-1,-1,-1,8,unanimous,0.029660117022496713,-1,32,83,-1.0,1.0,1.0,0.0,0.0,1
2021-07-02,1,3,3,1,3,1,1,-1,-1,8,unanimous,0.04271027886400902,-1,32,84,1.0,1.0,1.0,1.0,0.0,2
2021-07-06,1,3,1,2,3,1,1,-1,1,8,unanimous,0.0331907714186358,-1,32,85,1.0,1.0,1.0,1.0,0.0,3
2021-07-07,1,3,3,2,3,1,1,-1,-1,8,unanimous,0.03558909577839253,-1,32,86,1.0,1.0,1.0,1.0,0.0,2
2021-07-08,0,1,0,2,3,1,1,1,1,8,unanimous,0.02641204162855182,-1,32,87,1.0,1.0,1.0,1.0,0.0,4
2021-07-09,0,3,3,2,3,1,1,-1,-1,8,unanimous,0.036508775624731205,-1,32,88,1.0,1.0,1.0,1.0,0.0,2
2021-07-12,0,3,3,2,3,1,1,-1,-1,8,unanimous,0.0390527623408099,-1,32,89,1.0,1.0,1.0,1.0,0.0,2
2021-07-13,0,3,0,2,3,1,1,-1,1,8,unanimous,0.03488877867189766,-1,32,90,1.0,1.0,1.0,1.0,0.0,3
2021-07-14,0,3,3,2,3,1,1,-1,-1,8,unanimous,0.03521376417927535,-1,32,91,1.0,1.0,1.0,1.0,0.0,2
2021-07-15,3,3,3,2,3,1,-1,-1,-1,8,unanimous,0.0312680409450149,-1,32,92,1.0,1.0,1.0,1.0,0.0,1
2021-07-16,0,1,0,2,3,1,1,1,1,8,unanimous,0.02433473436767941,-1,32,93,1.0,1.0,1.0,1.0,0.0,4
2021-07-19,4,5,5,2,3,1,-1,-1,-1,5,mixed,0.02161330283665852,1,33,94,1.0,1.0,1.0,0.0,1.0,1
2021-07-20,4,5,5,2,3,1,-1,-1,-1,7,strong,0.022731587856592572,1,33,95,1.0,1.0,1.0,0.0,1.0,1
2021-07-21,0,0,0,2,3,1,1,1,1,8,unanimous,0.028523599526908305,1,33,96,1.0,1.0,1.0,0.0,1.0,4
2021-07-22,0,0,0,2,3,1,1,1,1,8,unanimous,0.029811430130696093,1,33,97,1.0,1.0,1.0,0.0,1.0,4
2021-07-23,0,3,0,2,3,1,1,-1,1,8,unanimous,0.0388475326019706,1,33,98,1.0,1.0,1.0,0.0,1.0,3
2021-07-26,0,3,0,2,3,1,1,-1,1,8,unanimous,0.040363991503556296,1,33,99,1.0,1.0,1.0,0.0,1.0,3
2021-07-27,0,5,0,2,3,1,1,-1,1,8,unanimous,0.03489180458057839,1,33,100,1.0,1.0,1.0,0.0,1.0,3
2021-07-28,0,5,0,2,3,1,1,-1,1,8,unanimous,0.03390781164358392,1,33,101,1.0,1.0,1.0,0.0,1.0,3
2021-07-29,0,0,0,2,3,1,1,1,1,8,unanimous,0.03704924825458178,1,33,102,1.0,1.0,1.0,0.0,1.0,4
2021-07-30,0,0,0,2,3,1,1,1,1,8,unanimous,0.03084512008619411,1,33,103,1.0,1.0,1.0,0.0,1.0,4
2021-08-02,0,0,0,0,3,1,1,1,1,8,unanimous,0.029328749644960017,1,33,104,1.0,1.0,1.0,0.0,1.0,4
2021-08-03,0,3,0,0,3,1,1,-1,1,8,unanimous,0.03562184541073321,1,33,105,1.0,1.0,1.0,0.0,1.0,3
2021-08-04,0,0,0,0,3,1,1,1,1,8,unanimous,0.030230067909486125,1,33,106,1.0,1.0,1.0,0.0,1.0,4
2021-08-05,0,3,0,0,3,1,1,-1,1,8,unanimous,0.03506036730579154,1,33,107,1.0,1.0,1.0,0.0,1.0,3
2021-08-06,2,0,0,0,3,1,1,1,1,8,unanimous,0.0352757092656385,1,33,108,1.0,1.0,1.0,0.0,1.0,4
2021-08-09,0,0,0,0,3,1,1,1,1,8,unanimous,0.03312906257675752,1,33,109,1.0,1.0,1.0,0.0,1.0,4
2021-08-10,0,3,0,0,3,1,1,-1,1,8,unanimous,0.03310038883392097,1,33,110,1.0,1.0,1.0,0.0,1.0,3
2021-08-11,0,3,3,0,3,1,1,-1,-1,8,unanimous,0.033289000028212445,1,33,111,1.0,1.0,1.0,0.0,1.0,2
2021-08-12,2,3,3,0,3,1,1,-1,-1,8,unanimous,0.036085536804052576,1,33,112,1.0,1.0,1.0,0.0,1.0,2
2021-08-13,2,3,3,0,3,1,1,-1,-1,8,unanimous,0.036323046439345474,1,33,113,1.0,1.0,1.0,0.0,1.0,2
2021-08-16,1,3,3,0,3,1,1,-1,-1,8,unanimous,0.04938260032267894,1,33,114,1.0,1.0,1.0,0.0,1.0,2
2021-08-17,1,3,1,0,3,1,1,-1,1,8,unanimous,0.029596412462608357,1,33,115,1.0,1.0,1.0,0.0,1.0,3
2021-08-18,0,0,0,0,3,1,1,1,1,6,lean,0.018085800033785238,1,33,116,1.0,1.0,1.0,0.0,1.0,4
2021-08-19,0,5,0,0,3,1,1,-1,1,6,lean,0.018502110150311002,1,33,117,1.0,1.0,1.0,0.0,1.0,3
2021-08-20,0,0,0,1,3,1,1,1,1,8,unanimous,0.025627887273063754,1,33,118,1.0,1.0,1.0,0.0,1.0,4
2021-08-23,0,3,0,1,3,1,1,-1,1,8,unanimous,0.03295196132629741,1,33,119,1.0,1.0,1.0,0.0,1.0,3
2021-08-24,2,3,3,1,3,1,1,-1,-1,8,unanimous,0.033355702657995145,1,33,120,1.0,1.0,1.0,0.0,1.0,2
2021-08-25,2,3,3,1,3,1,1,-1,-1,8,unanimous,0.034425711006569326,1,33,121,1.0,1.0,1.0,0.0,1.0,2
2021-08-26,0,0,0,1,3,1,1,1,1,8,unanimous,0.027676074888972724,1,33,122,1.0,1.0,1.0,0.0,1.0,4
2021-08-27,2,3,3,1,3,1,1,-1,-1,8,unanimous,0.03512346776894515,1,33,123,1.0,1.0,1.0,0.0,1.0,2
2021-08-30,1,3,3,1,3,1,1,-1,-1,8,unanimous,0.0382149950715317,1,33,124,1.0,1.0,1.0,0.0,1.0,2
2021-08-31,1,3,1,1,3,1,1,-1,1,8,unanimous,0.03578289836591175,1,33,125,1.0,1.0,1.0,0.0,1.0,3
2021-09-01,1,3,3,1,3,1,1,-1,-1,8,unanimous,0.034976570516827565,1,33,126,1.0,1.0,1.0,0.0,1.0,2
2021-09-02,1,3,1,1,3,1,1,-1,1,8,unanimous,0.036574305708931276,1,33,127,1.0,1.0,1.0,0.0,1.0,3
2021-09-03,1,3,3,1,3,1,1,-1,-1,8,unanimous,0.035138636962319225,1,33,128,1.0,1.0,1.0,0.0,1.0,2
2021-09-07,2,1,1,1,3,1,1,1,1,8,unanimous,0.030771313461993244,1,33,129,1.0,1.0,1.0,0.0,1.0,4
2021-09-08,0,1,0,1,3,1,1,1,1,8,unanimous,0.028497078669392883,1,33,130,1.0,1.0,1.0,0.0,1.0,4
2021-09-09,0,1,1,1,3,1,1,1,1,7,strong,0.02299304957320969,1,33,131,1.0,1.0,1.0,0.0,1.0,4
2021-09-10,4,0,0,1,3,1,-1,1,1,5,mixed,0.014364517649643638,1,33,132,1.0,1.0,1.0,0.0,1.0,3
2021-09-13,4,0,4,1,3,1,-1,1,-1,6,lean,0.015705367709354046,1,33,133,1.0,1.0,1.0,0.0,1.0,2
2021-09-14,4,0,0,2,3,1,-1,1,1,4,mixed,0.008863165460173628,1,33,134,1.0,1.0,1.0,0.0,1.0,3
2021-09-15,4,5,4,2,3,1,-1,-1,-1,6,lean,0.016365870273358563,1,33,135,1.0,1.0,1.0,0.0,1.0,1
2021-09-16,4,5,4,2,3,1,-1,-1,-1,6,lean,0.016424695271025413,1,33,136,1.0,1.0,1.0,0.0,1.0,1
2021-09-17,5,5,5,0,3,1,-1,-1,-1,5,mixed,0.006133654316821113,1,33,137,1.0,1.0,1.0,0.0,1.0,1
2021-09-20,5,5,5,3,3,-1,-1,-1,-1,3,mixed,0.01385191011714415,1,33,1,1.0,1.0,1.0,0.0,0.0,4
2021-09-21,5,5,5,3,3,-1,-1,-1,-1,3,mixed,0.01497603768396849,1,33,2,1.0,1.0,1.0,0.0,0.0,4
2021-09-22,5,5,5,3,3,-1,-1,-1,-1,3,mixed,0.005650131722223506,1,33,3,1.0,1.0,1.0,0.0,0.0,4
2021-09-23,4,4,4,0,3,1,-1,-1,-1,4,mixed,0.006011241332576467,1,33,1,1.0,1.0,1.0,0.0,1.0,1
2021-09-24,4,4,4,0,3,1,-1,-1,-1,4,mixed,0.0068851022077963675,1,33,2,1.0,1.0,1.0,0.0,1.0,1
2021-09-27,4,4,4,0,3,1,-1,-1,-1,4,mixed,0.003603113485320386,1,33,3,1.0,1.0,1.0,0.0,1.0,1
2021-09-28,5,4,4,3,3,-1,-1,-1,-1,3,mixed,0.017462873792934763,1,33,1,1.0,1.0,1.0,0.0,0.0,4
2021-09-29,5,4,4,3,3,-1,-1,-1,-1,3,mixed,0.015904128941536477,1,33,2,1.0,1.0,1.0,0.0,0.0,4
2021-09-30,5,4,5,3,3,-1,-1,-1,-1,1,strong,0.028154324232966266,1,33,3,1.0,1.0,1.0,0.0,0.0,4
2021-10-01,5,4,4,3,3,-1,-1,-1,-1,3,mixed,0.016421882094363793,1,33,4,1.0,1.0,1.0,0.0,0.0,4
2021-10-04,5,4,4,3,3,-1,-1,-1,-1,1,strong,0.016065687014311436,1,33,5,1.0,1.0,1.0,0.0,0.0,4
2021-10-05,5,4,4,3,3,-1,-1,-1,-1,1,strong,0.008953560294987506,1,33,6,1.0,1.0,1.0,0.0,0.0,4
2021-10-06,4,4,4,3,3,-1,-1,-1,-1,2,lean,0.007354180304479874,1,33,7,1.0,1.0,1.0,0.0,0.0,4
2021-10-07,4,4,4,4,3,-1,-1,-1,-1,3,mixed,4.65878456703539e-05,1,33,8,1.0,1.0,-1.0,0.0,0.0,4
2021-10-08,4,4,4,4,3,-1,-1,-1,-1,3,mixed,0.0012590898176019216,1,33,9,1.0,1.0,-1.0,0.0,0.0,4
2021-10-11,4,4,4,4,3,-1,-1,-1,-1,3,mixed,0.007247065356202453,1,33,10,1.0,1.0,-1.0,0.0,0.0,4
2021-10-12,4,4,4,4,3,-1,-1,-1,-1,2,lean,0.0027283458786317993,1,33,11,1.0,1.0,-1.0,0.0,0.0,4
2021-10-13,4,4,4,4,3,-1,-1,-1,-1,3,mixed,0.00015760382455831667,1,33,12,1.0,1.0,-1.0,0.0,0.0,4
2021-10-14,4,4,4,1,3,1,-1,-1,-1,7,strong,0.016242371959086732,1,33,1,1.0,1.0,-1.0,0.0,1.0,1
2021-10-15,3,4,4,1,3,1,-1,-1,-1,8,unanimous,0.022962011724173226,1,33,2,1.0,1.0,-1.0,0.0,1.0,1
2021-10-18,3,3,3,1,3,1,-1,-1,-1,8,unanimous,0.02562819747131917,1,33,3,1.0,1.0,-1.0,0.0,1.0,1
2021-10-19,3,3,3,1,3,1,-1,-1,-1,8,unanimous,0.03214094078802954,1,33,4,1.0,1.0,-1.0,0.0,1.0,1
2021-10-20,3,3,3,1,3,1,-1,-1,-1,8,unanimous,0.030992624233167176,1,33,5,1.0,1.0,-1.0,0.0,1.0,1
2021-10-21,3,3,3,1,3,1,-1,-1,-1,8,unanimous,0.03287813546454099,1,33,6,1.0,1.0,-1.0,0.0,1.0,1
2021-10-22,3,3,3,1,3,1,-1,-1,-1,8,unanimous,0.030747705930883273,1,33,7,1.0,1.0,-1.0,0.0,1.0,1
2021-10-25,3,3,3,1,3,1,-1,-1,-1,8,unanimous,0.037495010506139126,1,33,8,1.0,1.0,-1.0,0.0,1.0,1
2021-10-26,3,3,3,1,3,1,-1,-1,-1,8,unanimous,0.041013878497241474,1,33,9,1.0,1.0,-1.0,0.0,1.0,1
2021-10-27,0,2,0,1,3,1,1,1,1,8,unanimous,0.034455009607235465,1,33,10,1.0,1.0,-1.0,0.0,1.0,4
2021-10-28,1,3,3,1,3,1,1,-1,-1,8,unanimous,0.04215449609007005,1,33,11,1.0,1.0,-1.0,0.0,1.0,2
2021-10-29,1,3,3,2,3,1,1,-1,-1,8,unanimous,0.03827692603907329,1,33,12,1.0,1.0,-1.0,0.0,1.0,2
2021-11-01,1,3,3,2,3,1,1,-1,-1,8,unanimous,0.03839674388144265,1,33,13,1.0,1.0,-1.0,0.0,1.0,2
2021-11-02,1,3,1,2,3,1,1,-1,1,8,unanimous,0.04282332045597592,1,33,14,1.0,1.0,-1.0,0.0,1.0,3
2021-11-03,1,2,1,2,3,1,1,1,1,8,unanimous,0.04802413281218654,1,33,15,1.0,1.0,-1.0,0.0,1.0,4
2021-11-04,1,1,1,2,3,1,1,1,1,8,unanimous,0.050779242011513515,1,33,16,1.0,1.0,-1.0,0.0,1.0,4
2021-11-05,1,1,1,2,3,1,1,1,1,8,unanimous,0.05038812266378778,1,33,17,1.0,1.0,-1.0,0.0,1.0,4
2021-11-08,1,1,1,2,3,1,1,1,1,8,unanimous,0.04970546517310792,1,33,18,1.0,1.0,-1.0,0.0,1.0,4
2021-11-09,1,1,1,2,3,1,1,1,1,8,unanimous,0.04489551352170418,1,33,19,1.0,1.0,-1.0,0.0,1.0,4
2021-11-10,1,1,1,2,3,1,1,1,1,8,unanimous,0.04274634838031188,1,33,20,1.0,1.0,-1.0,0.0,1.0,4
2021-11-11,1,1,1,2,3,1,1,1,1,8,unanimous,0.04483418026328667,1,33,21,1.0,1.0,-1.0,0.0,1.0,4
2021-11-12,1,1,1,2,3,1,1,1,1,8,unanimous,0.04516052746907162,1,33,22,1.0,1.0,-1.0,0.0,1.0,4
2021-11-15,1,1,1,2,3,1,1,1,1,8,unanimous,0.041927874762756945,1,33,23,1.0,1.0,-1.0,0.0,1.0,4
2021-11-16,1,1,1,2,3,1,1,1,1,8,unanimous,0.043185081984306484,1,33,24,1.0,1.0,-1.0,0.0,1.0,4
2021-11-17,1,1,1,2,3,1,1,1,1,8,unanimous,0.03991330101715229,1,33,25,1.0,1.0,-1.0,0.0,1.0,4
2021-11-18,1,1,1,2,3,1,1,1,1,8,unanimous,0.04245856915671009,1,33,26,1.0,1.0,-1.0,0.0,1.0,4
2021-11-19,1,1,1,2,3,1,1,1,1,8,unanimous,0.04027124691308093,1,33,27,1.0,1.0,-1.0,0.0,1.0,4
2021-11-22,1,1,1,2,3,1,1,1,1,7,strong,0.03651045073245773,1,33,28,1.0,1.0,-1.0,0.0,1.0,4
2021-11-23,1,1,1,2,3,1,1,1,1,8,unanimous,0.03451726810675293,1,33,29,1.0,1.0,-1.0,0.0,1.0,4
2021-11-24,1,1,1,2,3,1,1,1,1,8,unanimous,0.03802644000835009,1,33,30,1.0,1.0,-1.0,0.0,1.0,4
2021-11-26,0,1,0,2,3,1,1,1,1,5,mixed,0.01535062130025966,1,33,31,1.0,1.0,-1.0,0.0,1.0,4
2021-11-29,0,1,1,2,3,1,1,1,1,6,lean,0.025416318220497947,1,33,32,1.0,1.0,-1.0,0.0,1.0,4
2021-11-30,5,1,1,2,3,1,-1,1,1,4,mixed,0.006912595624863127,1,33,33,1.0,1.0,-1.0,0.0,1.0,3
2021-12-01,5,5,5,5,3,-1,-1,-1,-1,2,lean,0.0024806294621466662,1,33,1,1.0,1.0,-1.0,0.0,0.0,4
2021-12-02,5,5,5,2,3,1,-1,-1,-1,4,mixed,0.011553676206859098,1,33,1,1.0,1.0,-1.0,0.0,1.0,1
2021-12-03,5,5,5,0,3,1,-1,-1,-1,4,mixed,0.002818535674571687,1,33,2,1.0,-1.0,-1.0,0.0,1.0,1
2021-12-06,4,5,5,0,3,1,-1,-1,-1,4,mixed,0.01408596067781609,1,33,3,1.0,-1.0,-1.0,0.0,1.0,1
2021-12-07,4,5,5,0,3,1,-1,-1,-1,7,strong,0.03364259503271938,1,33,4,1.0,-1.0,-1.0,0.0,1.0,1
2021-12-08,0,5,5,0,3,1,1,-1,-1,8,unanimous,0.03573630678444262,1,33,5,1.0,-1.0,-1.0,0.0,1.0,2
2021-12-09,4,5,5,0,3,1,-1,-1,-1,7,strong,0.02796101868929335,1,33,6,1.0,-1.0,-1.0,0.0,1.0,1
2021-12-10,0,5,0,0,3,1,1,-1,1,8,unanimous,0.036458553123991155,1,33,7,1.0,-1.0,-1.0,0.0,1.0,3
2021-12-13,0,5,5,0,3,1,1,-1,-1,7,strong,0.02656138364925542,1,33,8,1.0,-1.0,-1.0,0.0,1.0,2
2021-12-14,4,5,4,0,3,1,-1,-1,-1,6,lean,0.01809604100209994,1,33,9,1.0,-1.0,-1.0,0.0,1.0,1
2021-12-15,0,5,5,0,3,1,1,-1,-1,8,unanimous,0.04146541074457588,1,33,10,1.0,-1.0,-1.0,0.0,1.0,2
2021-12-16,0,5,5,0,3,1,1,-1,-1,7,strong,0.02321198565301663,1,33,11,1.0,-1.0,-1.0,0.0,1.0,2
2021-12-17,5,5,5,0,3,1,-1,-1,-1,5,mixed,0.017791898634174852,1,33,12,-1.0,-1.0,-1.0,1.0,1.0,1
2021-12-20,4,5,4,0,3,1,-1,-1,-1,4,mixed,0.00026188893333334295,1,33,13,-1.0,-1.0,-1.0,1.0,1.0,1
2021-12-21,4,4,4,0,3,1,-1,-1,-1,6,lean,0.01726934435869576,1,33,14,-1.0,-1.0,-1.0,1.0,1.0,1
2021-12-22,0,4,0,0,3,1,1,-1,1,7,strong,0.02610253245604932,1,33,15,-1.0,-1.0,-1.0,1.0,1.0,3
2021-12-23,0,3,0,1,3,1,1,-1,1,8,unanimous,0.03091727089969054,1,33,16,-1.0,-1.0,-1.0,1.0,1.0,3
2021-12-27,0,3,3,1,3,1,1,-1,-1,8,unanimous,0.04266569529607467,1,33,17,-1.0,-1.0,-1.0,1.0,1.0,2
2021-12-28,0,3,3,1,3,1,1,-1,-1,8,unanimous,0.04016027443723802,1,33,18,-1.0,-1.0,-1.0,1.0,1.0,2
2021-12-29,0,3,3,1,3,1,1,-1,-1,8,unanimous,0.04716403630044941,1,33,19,-1.0,-1.0,-1.0,1.0,1.0,2
2021-12-30,0,3,0,1,3,1,1,-1,1,8,unanimous,0.04918996239993756,1,33,20,-1.0,-1.0,-1.0,1.0,1.0,3
2021-12-31,0,3,0,1,3,1,1,-1,1,8,unanimous,0.039671198140134645,1,33,21,-1.0,-1.0,-1.0,1.0,1.0,3
2022-01-03,3,3,3,1,3,1,-1,-1,-1,8,unanimous,0.05132238014364332,-1,34,22,-1.0,-1.0,-1.0,0.0,0.0,1
2022-01-04,1,3,3,1,3,1,1,-1,-1,8,unanimous,0.047046653974617936,-1,34,23,-1.0,-1.0,-1.0,0.0,0.0,2
2022-01-05,3,4,4,1,3,1,-1,-1,-1,7,strong,0.013443039166915693,-1,34,24,-1.0,-1.0,-1.0,0.0,0.0,1
2022-01-06,3,4,4,1,3,1,-1,-1,-1,5,mixed,0.011228328259812903,-1,34,25,-1.0,-1.0,-1.0,0.0,0.0,1
2022-01-07,3,4,4,1,3,1,-1,-1,-1,5,mixed,0.006003257314528776,-1,34,26,-1.0,-1.0,-1.0,0.0,0.0,1
2022-01-10,4,4,4,1,3,1,-1,-1,-1,4,mixed,0.0037022792045158237,-1,34,27,-1.0,-1.0,-1.0,0.0,0.0,1
2022-01-11,3,4,3,1,3,1,-1,-1,-1,7,strong,0.01203015886927794,-1,34,28,-1.0,-1.0,-1.0,0.0,0.0,1
2022-01-12,3,0,3,1,3,1,-1,1,-1,7,strong,0.019520402001536263,-1,34,29,-1.0,-1.0,-1.0,0.0,0.0,2
2022-01-13,4,4,4,4,3,-1,-1,-1,-1,3,mixed,0.0010057110871914965,-1,34,1,-1.0,-1.0,-1.0,0.0,1.0,4
2022-01-14,4,4,4,4,3,-1,-1,-1,-1,3,mixed,0.0006320933761025938,-1,34,2,-1.0,-1.0,-1.0,0.0,1.0,4
2022-01-18,4,4,4,3,3,-1,-1,-1,-1,3,mixed,0.009510427920184084,-1,34,3,-1.0,-1.0,-1.0,0.0,1.0,4
2022-01-19,4,0,4,3,3,-1,-1,1,-1,1,strong,0.009763851017821068,-1,34,4,-1.0,-1.0,-1.0,0.0,1.0,3
2022-01-20,5,0,0,3,3,-1,-1,1,1,1,strong,0.037142544995000915,-1,34,5,-1.0,-1.0,-1.0,0.0,1.0,2
2022-01-21,5,4,5,3,3,-1,-1,-1,-1,0,unanimous,0.06098037375637966,-1,34,6,-1.0,-1.0,-1.0,0.0,1.0,4
2022-01-24,5,4,4,3,3,-1,-1,-1,-1,0,unanimous,0.05670345727294701,-1,34,7,-1.0,-1.0,-1.0,0.0,1.0,4
2022-01-25,5,4,4,3,3,-1,-1,-1,-1,0,unanimous,0.0686381725125238,-1,34,8,-1.0,-1.0,-1.0,0.0,1.0,4
2022-01-26,5,4,4,3,3,-1,-1,-1,-1,0,unanimous,0.06705208794452178,-1,34,9,-1.0,-1.0,-1.0,0.0,1.0,4
2022-01-27,5,4,4,3,3,-1,-1,-1,-1,0,unanimous,0.06743765789280043,-1,34,10,-1.0,-1.0,-1.0,0.0,1.0,4
2022-01-28,5,4,4,3,3,-1,-1,-1,-1,0,unanimous,0.044857068787735876,-1,34,11,-1.0,-1.0,-1.0,0.0,1.0,4
2022-01-31,4,4,4,3,3,-1,-1,-1,-1,1,strong,0.026172680976405127,-1,34,12,-1.0,-1.0,-1.0,0.0,1.0,4
2022-02-01,4,4,4,3,3,-1,-1,-1,-1,1,strong,0.006723755637496387,-1,34,13,-1.0,-1.0,-1.0,0.0,1.0,4
2022-02-02,4,4,4,0,3,1,-1,-1,-1,4,mixed,0.004438904447628733,-1,34,1,-1.0,-1.0,-1.0,0.0,0.0,1
2022-02-03,4,4,4,3,3,-1,-1,-1,-1,1,strong,0.020723183276400103,-1,34,1,-1.0,-1.0,-1.0,0.0,1.0,4
2022-02-04,4,4,4,3,3,-1,-1,-1,-1,2,lean,0.015563576562525716,-1,34,2,-1.0,-1.0,-1.0,0.0,1.0,4
2022-02-07,4,4,4,4,3,-1,-1,-1,-1,2,lean,0.019381539711899265,-1,34,3,-1.0,-1.0,-1.0,0.0,1.0,4
2022-02-08,4,4,4,4,3,-1,-1,-1,-1,3,mixed,0.010911461104838871,-1,34,4,-1.0,-1.0,-1.0,0.0,1.0,4
2022-02-09,4,4,4,1,3,1,-1,-1,-1,4,mixed,0.0033591630122381533,-1,34,1,-1.0,-1.0,-1.0,0.0,0.0,1
2022-02-10,4,4,4,4,3,-1,-1,-1,-1,3,mixed,0.01554339381305292,-1,34,1,-1.0,-1.0,-1.0,0.0,1.0,4
2022-02-11,4,4,4,4,3,-1,-1,-1,-1,0,unanimous,0.03552284611429579,-1,34,2,-1.0,-1.0,-1.0,0.0,1.0,4
2022-02-14,4,4,4,4,3,-1,-1,-1,-1,0,unanimous,0.039567985509689096,-1,34,3,-1.0,-1.0,-1.0,0.0,1.0,4
2022-02-15,4,4,4,4,3,-1,-1,-1,-1,2,lean,0.02332493878731179,-1,34,4,-1.0,-1.0,-1.0,0.0,1.0,4
2022-02-16,4,4,4,4,3,-1,-1,-1,-1,2,lean,0.02245916031260431,-1,34,5,-1.0,-1.0,-1.0,0.0,1.0,4
2022-02-17,4,4,4,4,3,-1,-1,-1,-1,0,unanimous,0.02339363880834333,-1,34,6,-1.0,-1.0,-1.0,0.0,1.0,4
2022-02-18,4,4,4,4,3,-1,-1,-1,-1,0,unanimous,0.03487334960162736,-1,34,7,-1.0,-1.0,-1.0,0.0,1.0,4
2022-02-22,4,4,4,4,3,-1,-1,-1,-1,0,unanimous,0.04160751384845174,-1,34,8,-1.0,-1.0,-1.0,0.0,1.0,4
2022-02-23,4,4,4,4,3,-1,-1,-1,-1,0,unanimous,0.07006035713229197,-1,34,9,-1.0,-1.0,-1.0,0.0,1.0,4
2022-02-24,4,4,4,4,3,-1,-1,-1,-1,0,unanimous,0.05853970804163544,-1,34,10,-1.0,-1.0,-1.0,0.0,1.0,4
2022-02-25,4,4,4,4,3,-1,-1,-1,-1,1,strong,0.02723824671096553,-1,34,11,-1.0,-1.0,-1.0,0.0,1.0,4
2022-02-28,4,4,4,4,3,-1,-1,-1,-1,0,unanimous,0.0202399173497243,-1,34,12,-1.0,-1.0,-1.0,0.0,1.0,4
2022-03-01,4,4,4,4,3,-1,-1,-1,-1,0,unanimous,0.04653814085192365,-1,34,13,-1.0,-1.0,-1.0,0.0,1.0,4
2022-03-02,4,4,4,5,3,-1,-1,-1,-1,0,unanimous,0.02451892533489808,-1,34,14,-1.0,-1.0,-1.0,0.0,1.0,4
2022-03-03,4,4,4,5,3,-1,-1,-1,-1,0,unanimous,0.02753922857469826,-1,34,15,-1.0,-1.0,-1.0,0.0,1.0,4
2022-03-04,4,4,4,5,3,-1,-1,-1,-1,0,unanimous,0.03376029745689024,-1,34,16,-1.0,-1.0,-1.0,0.0,1.0,4
2022-03-07,5,4,4,5,3,-1,-1,-1,-1,0,unanimous,0.06343604867315378,-1,34,17,-1.0,-1.0,-1.0,0.0,1.0,4
2022-03-08,5,4,4,5,3,-1,-1,-1,-1,0,unanimous,0.07123923098425178,-1,34,18,-1.0,-1.0,-1.0,0.0,1.0,4
2022-03-09,4,4,4,5,3,-1,-1,-1,-1,1,strong,0.044369029094332824,-1,34,19,-1.0,-1.0,-1.0,0.0,1.0,4
2022-03-10,4,4,4,5,3,-1,-1,-1,-1,0,unanimous,0.04897646784904719,-1,34,20,-1.0,-1.0,-1.0,0.0,1.0,4
2022-03-11,4,4,4,5,3,-1,-1,-1,-1,0,unanimous,0.06282730048371699,-1,34,21,-1.0,-1.0,-1.0,0.0,1.0,4
2022-03-14,4,4,4,5,3,-1,-1,-1,-1,0,unanimous,0.05883628312733746,-1,34,22,-1.0,-1.0,-1.0,0.0,1.0,4
2022-03-15,4,4,4,5,3,-1,-1,-1,-1,0,unanimous,0.03266190106235212,-1,34,23,-1.0,-1.0,-1.0,0.0,1.0,4
2022-03-16,4,4,4,5,3,-1,-1,-1,-1,1,strong,0.02541629996362782,-1,34,24,-1.0,-1.0,-1.0,0.0,1.0,4
2022-03-17,4,4,4,5,3,-1,-1,-1,-1,3,mixed,0.013079644884670616,-1,34,25,-1.0,-1.0,-1.0,0.0,1.0,4
2022-03-18,4,4,4,2,3,1,-1,-1,-1,4,mixed,0.018565566103274755,-1,34,1,-1.0,-1.0,-1.0,0.0,0.0,1
2022-03-21,3,3,3,2,3,1,-1,-1,-1,4,mixed,0.018076781674471243,-1,34,2,-1.0,-1.0,-1.0,0.0,0.0,1
2022-03-22,3,3,3,0,3,1,-1,-1,-1,6,lean,0.028762346392847582,-1,34,3,-1.0,-1.0,1.0,0.0,0.0,1
2022-03-23,3,3,3,0,3,1,-1,-1,-1,4,mixed,0.015801752159322113,-1,34,4,-1.0,-1.0,1.0,0.0,0.0,1
2022-03-24,3,3,3,0,3,1,-1,-1,-1,6,lean,0.029116319363311827,-1,34,5,-1.0,-1.0,1.0,0.0,0.0,1
2022-03-25,3,3,3,0,3,1,-1,-1,-1,6,lean,0.03291722593720714,-1,34,6,-1.0,-1.0,1.0,0.0,0.0,1
2022-03-28,3,3,3,0,3,1,-1,-1,-1,7,strong,0.03915475336308316,-1,34,7,-1.0,-1.0,1.0,0.0,0.0,1
2022-03-29,3,3,3,0,3,1,-1,-1,-1,7,strong,0.05045680396702379,-1,34,8,-1.0,-1.0,1.0,0.0,0.0,1
2022-03-30,3,3,3,0,3,1,-1,-1,-1,7,strong,0.04396892961492871,-1,34,9,-1.0,-1.0,1.0,0.0,0.0,1
2022-03-31,3,3,3,0,3,1,-1,-1,-1,6,lean,0.026209599192953847,-1,34,10,-1.0,-1.0,1.0,0.0,0.0,1
2022-04-01,3,3,3,0,3,1,-1,-1,-1,7,strong,0.02139168509647771,-1,34,11,-1.0,-1.0,1.0,0.0,0.0,1
2022-04-04,3,3,3,0,3,1,-1,-1,-1,7,strong,0.029801482175849103,-1,34,12,-1.0,-1.0,1.0,0.0,0.0,1
2022-04-05,3,0,3,0,3,1,-1,1,-1,6,lean,0.017822570734634557,-1,34,13,-1.0,-1.0,1.0,0.0,0.0,2
2022-04-06,3,0,3,0,3,1,-1,1,-1,5,mixed,0.006153930677668229,-1,34,14,-1.0,-1.0,1.0,0.0,0.0,2
2022-04-07,3,0,3,0,3,1,-1,1,-1,5,mixed,0.007771196028237171,-1,34,15,-1.0,-1.0,1.0,0.0,0.0,2
2022-04-08,3,3,3,0,3,1,-1,-1,-1,4,mixed,0.001663924550202145,-1,34,16,-1.0,-1.0,1.0,0.0,0.0,1
2022-04-11,3,0,3,4,3,-1,-1,1,-1,2,lean,0.018432412065278347,-1,34,1,-1.0,-1.0,1.0,0.0,1.0,3
2022-04-12,3,0,0,4,3,-1,-1,1,1,1,strong,0.022064108905993862,-1,34,2,-1.0,-1.0,1.0,0.0,1.0,2
2022-04-13,3,0,0,4,3,-1,-1,1,1,3,mixed,0.010888586482552531,-1,34,3,-1.0,-1.0,1.0,0.0,1.0,2
2022-04-14,3,0,0,4,3,-1,-1,1,1,0,unanimous,0.023486434411267743,-1,34,4,-1.0,-1.0,1.0,0.0,1.0,2
2022-04-18,3,0,0,4,3,-1,-1,1,1,0,unanimous,0.020730069808468476,-1,34,5,-1.0,-1.0,1.0,0.0,1.0,2
2022-04-19,3,0,0,1,3,1,-1,1,1,4,mixed,0.00023077918010694365,-1,34,1,-1.0,-1.0,1.0,0.0,0.0,3
2022-04-20,3,0,0,4,3,-1,-1,1,1,3,mixed,0.008401274909129341,-1,34,1,-1.0,-1.0,1.0,0.0,1.0,2
2022-04-21,3,0,0,4,3,-1,-1,1,1,1,strong,0.014243267776634871,-1,34,2,-1.0,-1.0,1.0,0.0,1.0,2
2022-04-22,4,0,0,4,3,-1,-1,1,1,0,unanimous,0.05173061726322148,-1,34,3,-1.0,-1.0,1.0,0.0,1.0,2
2022-04-25,4,0,0,4,3,-1,-1,1,1,0,unanimous,0.04244843229814799,-1,34,4,-1.0,-1.0,1.0,0.0,1.0,2
2022-04-26,4,0,0,4,3,-1,-1,1,1,0,unanimous,0.06147008295120582,-1,34,5,-1.0,-1.0,1.0,0.0,1.0,2
2022-04-27,4,0,0,4,3,-1,-1,1,1,0,unanimous,0.06113763445813669,-1,34,6,-1.0,-1.0,1.0,0.0,1.0,2
2022-04-28,4,0,0,4,3,-1,-1,1,1,0,unanimous,0.03710550291545189,-1,34,7,-1.0,-1.0,1.0,0.0,1.0,2
2022-04-29,4,0,4,4,3,-1,-1,1,-1,0,unanimous,0.06607484670500408,-1,34,8,-1.0,-1.0,1.0,0.0,1.0,3
2022-05-02,4,0,4,4,3,-1,-1,1,-1,0,unanimous,0.05844119844909401,-1,34,9,-1.0,-1.0,1.0,0.0,1.0,3
2022-05-03,4,0,0,4,3,-1,-1,1,1,0,unanimous,0.06866994496679668,-1,34,10,-1.0,-1.0,1.0,0.0,1.0,2
2022-05-04,4,0,4,5,3,-1,-1,1,-1,0,unanimous,0.03704046033791353,-1,34,11,-1.0,-1.0,1.0,0.0,1.0,3
2022-05-05,4,0,0,5,3,-1,-1,1,1,0,unanimous,0.059935756667925943,-1,34,12,-1.0,-1.0,1.0,0.0,1.0,2
2022-05-06,4,4,4,5,3,-1,-1,-1,-1,0,unanimous,0.06528387736177321,-1,34,13,-1.0,-1.0,1.0,0.0,1.0,4
2022-05-09,4,4,4,5,3,-1,-1,-1,-1,0,unanimous,0.1000218748603745,-1,34,14,-1.0,-1.0,1.0,0.0,1.0,4
2022-05-10,4,5,4,5,3,-1,-1,-1,-1,0,unanimous,0.0961592365688495,-1,34,15,-1.0,-1.0,1.0,0.0,1.0,4
2022-05-11,4,5,4,5,3,-1,-1,-1,-1,0,unanimous,0.11280436351303691,-1,34,16,-1.0,-1.0,1.0,0.0,1.0,4
2022-05-12,4,5,4,5,3,-1,-1,-1,-1,0,unanimous,0.11149069874869388,-1,34,17,-1.0,-1.0,1.0,0.0,1.0,4
2022-05-13,4,4,4,5,3,-1,-1,-1,-1,0,unanimous,0.08250948980380324,-1,34,18,-1.0,-1.0,1.0,0.0,1.0,4
2022-05-16,4,4,4,5,3,-1,-1,-1,-1,0,unanimous,0.08398848071838128,-1,34,19,-1.0,-1.0,1.0,0.0,1.0,4
2022-05-17,4,4,4,5,3,-1,-1,-1,-1,0,unanimous,0.05971528176761898,-1,34,20,-1.0,-1.0,1.0,0.0,1.0,4
2022-05-18,4,4,4,5,3,-1,-1,-1,-1,0,unanimous,0.10142776407913856,-1,34,21,-1.0,1.0,1.0,0.0,1.0,4
2022-05-19,4,4,4,5,3,-1,-1,-1,-1,0,unanimous,0.10452536635646581,-1,34,22,-1.0,1.0,-1.0,0.0,1.0,4
2022-05-20,4,4,4,5,3,-1,-1,-1,-1,0,unanimous,0.09928334663435878,-1,34,23,-1.0,1.0,-1.0,0.0,1.0,4
2022-05-23,4,3,4,5,3,-1,-1,-1,-1,0,unanimous,0.08112491152878265,-1,34,24,-1.0,1.0,-1.0,0.0,1.0,4
2022-05-24,4,4,4,5,3,-1,-1,-1,-1,0,unanimous,0.08100420086611893,-1,34,25,-1.0,1.0,-1.0,0.0,1.0,4
2022-05-25,4,4,4,5,3,-1,-1,-1,-1,1,strong,0.06643603605297743,-1,34,26,-1.0,1.0,-1.0,0.0,1.0,4
2022-05-26,4,3,4,5,3,-1,-1,-1,-1,2,lean,0.055214252558544175,-1,34,27,-1.0,1.0,-1.0,0.0,1.0,4
2022-05-27,3,3,3,5,3,-1,-1,-1,-1,3,mixed,0.013638170010189299,-1,34,28,-1.0,1.0,-1.0,0.0,1.0,4
2022-05-31,4,4,4,5,3,-1,-1,-1,-1,2,lean,0.017632989162805535,-1,34,29,-1.0,1.0,-1.0,0.0,1.0,4
2022-06-01,4,3,4,5,3,-1,-1,-1,-1,2,lean,0.022488630267189613,-1,34,30,-1.0,1.0,-1.0,0.0,1.0,4
2022-06-02,3,3,3,5,3,-1,-1,-1,-1,3,mixed,0.0013819660171647818,-1,34,31,1.0,1.0,-1.0,1.0,1.0,4
2022-06-03,3,3,3,3,3,-1,-1,-1,-1,2,lean,0.016124626326318836,-1,34,32,1.0,1.0,-1.0,1.0,1.0,4
2022-06-06,3,3,3,3,3,-1,-1,-1,-1,2,lean,0.010509875407515912,-1,34,33,1.0,1.0,-1.0,1.0,1.0,4
2022-06-07,3,3,3,0,3,1,-1,-1,-1,4,mixed,0.0012836080560180152,-1,34,1,1.0,1.0,-1.0,1.0,0.0,1
2022-06-08,3,3,3,3,3,-1,-1,-1,-1,3,mixed,0.008045102425318973,-1,34,1,1.0,1.0,-1.0,1.0,1.0,4
2022-06-09,3,3,3,3,3,-1,-1,-1,-1,2,lean,0.030822478812211562,-1,34,2,1.0,1.0,-1.0,1.0,1.0,4
2022-06-10,4,5,4,3,3,-1,-1,-1,-1,0,unanimous,0.05891137639713473,-1,34,3,1.0,1.0,-1.0,1.0,1.0,4
2022-06-13,4,5,5,3,3,-1,-1,-1,-1,0,unanimous,0.10897351587565551,-1,34,4,1.0,1.0,-1.0,1.0,1.0,4
2022-06-14,4,5,4,3,3,-1,-1,-1,-1,0,unanimous,0.10618981334367206,-1,34,5,1.0,1.0,-1.0,1.0,1.0,4
2022-06-15,4,5,4,3,3,-1,-1,-1,-1,0,unanimous,0.08212158634622879,-1,34,6,1.0,1.0,-1.0,1.0,1.0,4
2022-06-16,4,5,5,3,3,-1,-1,-1,-1,0,unanimous,0.1391005713395419,1,35,7,1.0,1.0,-1.0,0.0,0.0,4
2022-06-17,5,5,5,3,3,-1,-1,-1,-1,0,unanimous,0.1180187275634137,1,35,8,1.0,1.0,-1.0,0.0,0.0,4
2022-06-21,4,5,4,3,3,-1,-1,-1,-1,0,unanimous,0.09473041870020449,1,35,9,1.0,1.0,-1.0,0.0,0.0,4
2022-06-22,4,4,4,3,3,-1,-1,-1,-1,0,unanimous,0.10659628198003057,1,35,10,1.0,1.0,-1.0,0.0,0.0,4
2022-06-23,4,3,4,3,3,-1,-1,-1,-1,0,unanimous,0.08431580768634572,1,35,11,1.0,1.0,-1.0,0.0,0.0,4
2022-06-24,0,0,0,4,3,-1,1,1,1,0,unanimous,0.02711838680224865,1,35,12,1.0,1.0,-1.0,0.0,0.0,1
2022-06-27,3,0,0,4,3,-1,-1,1,1,0,unanimous,0.04044244293733934,1,35,13,1.0,1.0,-1.0,0.0,0.0,2
2022-06-28,4,3,3,4,3,-1,-1,-1,-1,1,strong,0.07829881448569043,1,35,14,1.0,1.0,-1.0,0.0,0.0,4
2022-06-29,4,3,3,4,3,-1,-1,-1,-1,1,strong,0.07585212370413141,1,35,15,1.0,1.0,-1.0,0.0,0.0,4
2022-06-30,4,3,4,4,3,-1,-1,-1,-1,0,unanimous,0.08193910339496435,1,35,16,1.0,1.0,-1.0,0.0,0.0,4
2022-07-01,4,3,3,3,3,-1,-1,-1,-1,1,strong,0.0673621525352508,1,35,17,1.0,1.0,-1.0,0.0,0.0,4
2022-07-05,4,3,3,3,3,-1,-1,-1,-1,1,strong,0.06277279793218393,1,35,18,1.0,1.0,-1.0,0.0,0.0,4
2022-07-06,3,3,3,3,3,-1,-1,-1,-1,2,lean,0.05604069102311038,1,35,19,1.0,1.0,-1.0,0.0,0.0,4
2022-07-07,3,3,3,3,3,-1,-1,-1,-1,2,lean,0.03767705059417992,1,35,20,1.0,1.0,-1.0,0.0,0.0,4
2022-07-08,3,3,3,3,3,-1,-1,-1,-1,2,lean,0.036322932746102765,1,35,21,1.0,1.0,-1.0,0.0,0.0,4
2022-07-11,3,3,3,3,3,-1,-1,-1,-1,1,strong,0.04239022102269829,1,35,22,1.0,1.0,-1.0,0.0,0.0,4
2022-07-12,3,3,3,3,3,-1,-1,-1,-1,1,strong,0.02814468941338566,1,35,23,1.0,1.0,-1.0,0.0,0.0,4
2022-07-13,3,3,3,3,3,-1,-1,-1,-1,1,strong,0.031364320391015665,1,35,24,1.0,1.0,-1.0,0.0,0.0,4
2022-07-14,3,3,3,3,3,-1,-1,-1,-1,1,strong,0.03307120896527316,1,35,25,1.0,1.0,-1.0,0.0,0.0,4
2022-07-15,3,3,3,3,3,-1,-1,-1,-1,3,mixed,0.011627614299032807,1,35,26,1.0,1.0,-1.0,0.0,0.0,4
2022-07-18,3,3,3,3,3,-1,-1,-1,-1,3,mixed,0.019754715163697645,1,35,27,1.0,1.0,-1.0,0.0,0.0,4
2022-07-19,3,3,3,0,3,1,-1,-1,-1,4,mixed,0.008117434581472849,1,35,1,1.0,-1.0,1.0,0.0,1.0,1
2022-07-20,3,3,3,0,3,1,-1,-1,-1,4,mixed,0.013702338989226792,1,35,2,1.0,-1.0,1.0,0.0,1.0,1
2022-07-21,3,3,3,0,3,1,-1,-1,-1,5,mixed,0.023422416260831636,1,35,3,1.0,-1.0,1.0,0.0,1.0,1
2022-07-22,3,3,3,1,3,1,-1,-1,-1,5,mixed,0.013850716658029172,1,35,4,1.0,-1.0,1.0,0.0,1.0,1
2022-07-25,3,3,3,1,3,1,-1,-1,-1,5,mixed,0.013890173648403725,1,35,5,1.0,-1.0,1.0,0.0,1.0,1
2022-07-26,3,3,3,1,3,1,-1,-1,-1,4,mixed,0.004351736445532883,1,35,6,1.0,-1.0,1.0,0.0,1.0,1
2022-07-27,1,1,1,1,3,1,1,1,1,5,mixed,0.031241902487899487,1,35,7,1.0,-1.0,1.0,0.0,1.0,4
2022-07-28,1,1,1,1,3,1,1,1,1,5,mixed,0.04353865713716121,1,35,8,1.0,-1.0,1.0,0.0,1.0,4
2022-07-29,1,1,1,1,3,1,1,1,1,6,lean,0.05570159271547237,1,35,9,1.0,-1.0,1.0,0.0,1.0,4
2022-08-01,1,1,1,1,3,1,1,1,1,5,mixed,0.049131157399504466,1,35,10,1.0,-1.0,1.0,0.0,1.0,4
2022-08-02,1,1,1,1,3,1,1,1,1,5,mixed,0.03776407407447191,1,35,11,-1.0,-1.0,1.0,1.0,1.0,4
2022-08-03,1,1,1,1,3,1,1,1,1,7,strong,0.05073728659651444,1,35,12,-1.0,-1.0,1.0,1.0,1.0,4
2022-08-04,1,1,1,1,3,1,1,1,1,7,strong,0.04679739458497001,1,35,13,-1.0,-1.0,1.0,1.0,1.0,4
2022-08-05,1,1,1,1,3,1,1,1,1,7,strong,0.04428266525501545,1,35,14,-1.0,-1.0,1.0,1.0,1.0,4
2022-08-08,1,1,1,1,3,1,1,1,1,7,strong,0.046957900917793394,1,35,15,-1.0,-1.0,1.0,1.0,1.0,4
2022-08-09,1,1,1,1,3,1,1,1,1,7,strong,0.04666865415449506,1,35,16,-1.0,-1.0,1.0,1.0,1.0,4
2022-08-10,1,1,1,1,3,1,1,1,1,7,strong,0.04517975427871479,1,35,17,-1.0,-1.0,1.0,1.0,1.0,4
2022-08-11,1,1,1,1,3,1,1,1,1,7,strong,0.0473608798200752,1,35,18,-1.0,-1.0,1.0,1.0,1.0,4
2022-08-12,1,1,1,1,3,1,1,1,1,7,strong,0.051380984475859925,1,35,19,-1.0,-1.0,1.0,1.0,1.0,4
2022-08-15,1,1,1,2,3,1,1,1,1,7,strong,0.07790813185127088,1,35,20,-1.0,-1.0,1.0,1.0,1.0,4
2022-08-16,1,1,1,2,3,1,1,1,1,7,strong,0.07807405124835654,-1,36,21,-1.0,-1.0,1.0,0.0,0.0,4
2022-08-17,1,1,1,2,3,1,1,1,1,7,strong,0.06860194728438618,-1,36,22,-1.0,-1.0,1.0,0.0,0.0,4
2022-08-18,1,1,1,2,3,1,1,1,1,7,strong,0.06648168834277512,-1,36,23,-1.0,-1.0,1.0,0.0,0.0,4
2022-08-19,1,1,1,2,3,1,1,1,1,7,strong,0.05248954502793479,-1,36,24,-1.0,-1.0,1.0,0.0,0.0,4
2022-08-22,1,1,1,2,3,1,1,1,1,5,mixed,0.029806669190527102,-1,36,25,-1.0,-1.0,1.0,0.0,0.0,4
2022-08-23,2,1,1,2,3,1,1,1,1,6,lean,0.01716990283052533,-1,36,26,-1.0,-1.0,1.0,0.0,0.0,4
2022-08-24,2,1,1,2,3,1,1,1,1,4,mixed,0.014325766842335552,-1,36,27,-1.0,-1.0,1.0,0.0,0.0,4
2022-08-25,2,1,1,2,3,1,1,1,1,6,lean,0.028996936669884343,-1,36,28,-1.0,-1.0,1.0,0.0,0.0,4
2022-08-26,2,1,1,5,3,-1,1,1,1,2,lean,0.010737732905941044,-1,36,1,-1.0,-1.0,1.0,0.0,1.0,1
2022-08-29,2,1,2,5,3,-1,1,1,1,1,strong,0.021837829272681963,-1,36,2,-1.0,-1.0,1.0,0.0,1.0,1
2022-08-30,0,1,1,3,3,-1,1,1,1,0,unanimous,0.0263486743163035,-1,36,3,-1.0,-1.0,1.0,0.0,1.0,1
2022-08-31,0,1,1,3,3,-1,1,1,1,0,unanimous,0.04208095468552475,-1,36,4,-1.0,-1.0,1.0,0.0,1.0,1
2022-09-01,0,1,1,3,3,-1,1,1,1,0,unanimous,0.04665914748312705,-1,36,5,-1.0,-1.0,1.0,0.0,1.0,1
2022-09-02,0,0,0,3,3,-1,1,1,1,0,unanimous,0.04880155985817636,-1,36,6,-1.0,-1.0,1.0,0.0,1.0,1
2022-09-06,0,0,0,3,3,-1,1,1,1,0,unanimous,0.040644516839901224,-1,36,7,-1.0,-1.0,1.0,0.0,1.0,1
2022-09-07,0,1,0,3,3,-1,1,1,1,1,strong,0.022477709573254234,-1,36,8,-1.0,-1.0,1.0,0.0,1.0,1
2022-09-08,0,0,0,3,3,-1,1,1,1,2,lean,0.016902626403645815,-1,36,9,-1.0,-1.0,1.0,0.0,1.0,1
2022-09-09,0,0,0,3,3,-1,1,1,1,3,mixed,0.0029670649206521293,-1,36,10,-1.0,-1.0,1.0,0.0,1.0,1
2022-09-12,2,0,0,0,3,1,1,1,1,6,lean,0.012833328581678516,-1,36,1,-1.0,-1.0,1.0,0.0,0.0,4
2022-09-13,0,5,5,3,3,-1,1,-1,-1,1,strong,0.0248990303010288,-1,36,1,-1.0,-1.0,1.0,0.0,1.0,3
2022-09-14,0,5,5,3,3,-1,1,-1,-1,1,strong,0.018415970454338515,-1,36,2,-1.0,1.0,1.0,0.0,1.0,3
2022-09-15,0,5,5,3,3,-1,1,-1,-1,1,strong,0.029230627658467956,-1,36,3,-1.0,1.0,1.0,0.0,1.0,3
2022-09-16,0,5,5,3,3,-1,1,-1,-1,1,strong,0.03564667943640498,-1,36,4,-1.0,1.0,1.0,0.0,1.0,3
2022-09-19,0,5,0,3,3,-1,1,-1,1,1,strong,0.028867167474802224,-1,36,5,-1.0,1.0,1.0,0.0,1.0,2
2022-09-20,0,4,0,4,3,-1,1,-1,1,0,unanimous,0.03878517427681927,-1,36,6,-1.0,1.0,1.0,0.0,1.0,2
2022-09-21,0,4,4,4,3,-1,1,-1,-1,0,unanimous,0.055724940721178395,-1,36,7,-1.0,1.0,1.0,0.0,1.0,3
2022-09-22,4,4,4,4,3,-1,-1,-1,-1,0,unanimous,0.06604326835654262,-1,36,8,-1.0,1.0,1.0,0.0,1.0,4
2022-09-23,4,4,4,4,3,-1,-1,-1,-1,0,unanimous,0.08575742660901553,-1,36,9,-1.0,1.0,1.0,0.0,1.0,4
2022-09-26,4,4,4,4,3,-1,-1,-1,-1,0,unanimous,0.09667472144725342,-1,36,10,-1.0,1.0,1.0,0.0,1.0,4
2022-09-27,4,4,4,4,3,-1,-1,-1,-1,0,unanimous,0.09184277832172993,-1,36,11,-1.0,1.0,1.0,0.0,1.0,4
2022-09-28,4,4,4,4,3,-1,-1,-1,-1,0,unanimous,0.06942140563303778,-1,36,12,1.0,1.0,1.0,1.0,1.0,4
2022-09-29,4,4,4,4,3,-1,-1,-1,-1,0,unanimous,0.08639819359260548,-1,36,13,1.0,1.0,1.0,1.0,1.0,4
2022-09-30,4,4,4,4,3,-1,-1,-1,-1,0,unanimous,0.10632191029979499,-1,36,14,1.0,1.0,1.0,1.0,1.0,4
2022-10-03,4,4,4,4,3,-1,-1,-1,-1,0,unanimous,0.06683016468805114,-1,36,15,1.0,1.0,1.0,1.0,1.0,4
2022-10-04,0,4,4,4,3,-1,1,-1,-1,0,unanimous,0.030931727011603627,-1,36,16,1.0,1.0,1.0,1.0,1.0,3
2022-10-05,0,4,4,4,3,-1,1,-1,-1,0,unanimous,0.047080515919462496,-1,36,17,1.0,1.0,1.0,1.0,1.0,3
2022-10-06,0,4,4,4,3,-1,1,-1,-1,0,unanimous,0.05726992555381227,-1,36,18,1.0,1.0,1.0,1.0,1.0,3
2022-10-07,4,4,4,4,3,-1,-1,-1,-1,0,unanimous,0.08606146802840176,-1,36,19,1.0,1.0,1.0,1.0,1.0,4
2022-10-10,4,4,4,4,3,-1,-1,-1,-1,0,unanimous,0.08971392459461036,-1,36,20,1.0,1.0,1.0,1.0,1.0,4
2022-10-11,4,4,4,4,3,-1,-1,-1,-1,0,unanimous,0.09197227306466105,-1,36,21,1.0,1.0,1.0,1.0,1.0,4
2022-10-12,4,4,4,5,3,-1,-1,-1,-1,0,unanimous,0.10054707653099348,1,37,22,1.0,1.0,1.0,0.0,0.0,4
2022-10-13,4,4,4,5,3,-1,-1,-1,-1,1,strong,0.06306426890295214,1,37,23,1.0,1.0,1.0,0.0,0.0,4
2022-10-14,4,4,4,5,3,-1,-1,-1,-1,0,unanimous,0.08100874507835965,1,37,24,1.0,1.0,1.0,0.0,0.0,4
2022-10-17,4,4,4,5,3,-1,-1,-1,-1,0,unanimous,0.06034338268674233,1,37,25,1.0,1.0,1.0,0.0,0.0,4
2022-10-18,4,4,4,5,3,-1,-1,-1,-1,1,strong,0.03654588247400836,1,37,26,1.0,1.0,1.0,0.0,0.0,4
2022-10-19,3,4,4,5,3,-1,-1,-1,-1,1,strong,0.035979176818105474,1,37,27,1.0,1.0,1.0,0.0,0.0,4
2022-10-20,3,4,4,5,3,-1,-1,-1,-1,0,unanimous,0.04116526176288282,1,37,28,1.0,1.0,1.0,0.0,0.0,4
2022-10-21,3,4,4,5,3,-1,-1,-1,-1,3,mixed,0.013392162254090678,1,37,29,1.0,1.0,1.0,0.0,0.0,4
2022-10-24,3,4,4,2,3,1,-1,-1,-1,4,mixed,0.0005664106496663379,1,37,1,1.0,1.0,1.0,0.0,1.0,1
2022-10-25,3,4,3,2,3,1,-1,-1,-1,4,mixed,0.01811354276082522,1,37,2,1.0,1.0,1.0,0.0,1.0,1
2022-10-26,3,4,4,0,3,1,-1,-1,-1,4,mixed,0.011656093652504418,1,37,3,1.0,1.0,1.0,0.0,1.0,1
2022-10-27,3,4,4,0,3,1,-1,-1,-1,4,mixed,0.006445387919646439,1,37,4,1.0,1.0,1.0,0.0,1.0,1
2022-10-28,3,4,3,0,3,1,-1,-1,-1,4,mixed,0.031373667813758055,1,37,5,1.0,1.0,1.0,0.0,1.0,1
2022-10-31,3,4,3,0,3,1,-1,-1,-1,4,mixed,0.024252541410697104,1,37,6,1.0,1.0,1.0,0.0,1.0,1
2022-11-01,3,4,4,0,3,1,-1,-1,-1,4,mixed,0.016900537943824512,1,37,7,1.0,1.0,1.0,0.0,1.0,1
2022-11-02,3,4,3,3,3,-1,-1,-1,-1,2,lean,0.006274476953756825,1,37,1,1.0,1.0,1.0,0.0,0.0,4
2022-11-03,3,2,2,3,3,-1,-1,1,1,1,strong,0.012839741903948765,1,37,2,1.0,1.0,1.0,0.0,0.0,2
2022-11-04,3,2,2,0,3,1,-1,1,1,4,mixed,0.0031314324577550456,1,37,1,1.0,1.0,-1.0,0.0,1.0,3
2022-11-07,3,2,2,0,3,1,-1,1,1,4,mixed,0.0024850165010406045,1,37,2,1.0,1.0,-1.0,0.0,1.0,3
2022-11-08,3,2,2,3,3,-1,-1,1,1,3,mixed,0.008097990687336187,1,37,1,1.0,1.0,-1.0,0.0,0.0,2
2022-11-09,3,2,2,3,3,-1,-1,1,1,2,lean,0.021883018804761623,1,37,2,1.0,1.0,-1.0,0.0,0.0,2
2022-11-10,0,2,0,0,3,1,1,1,1,6,lean,0.037678494161043186,1,37,1,1.0,1.0,-1.0,0.0,1.0,4
2022-11-11,1,2,1,0,3,1,1,1,1,6,lean,0.03890038800134876,1,37,2,1.0,1.0,-1.0,0.0,1.0,4
2022-11-14,1,2,1,0,3,1,1,1,1,6,lean,0.031243658012848674,1,37,3,1.0,1.0,-1.0,0.0,1.0,4
2022-11-15,1,2,2,1,3,1,1,1,1,6,lean,0.04037906890789589,1,37,4,1.0,1.0,-1.0,0.0,1.0,4
2022-11-16,1,2,1,1,3,1,1,1,1,6,lean,0.03298089344137989,1,37,5,1.0,1.0,-1.0,0.0,1.0,4
2022-11-17,1,1,1,1,3,1,1,1,1,6,lean,0.030765744499591796,1,37,6,1.0,1.0,-1.0,0.0,1.0,4
2022-11-18,1,1,1,1,3,1,1,1,1,6,lean,0.03643560538786905,1,37,7,1.0,1.0,-1.0,0.0,1.0,4
2022-11-21,1,1,1,1,3,1,1,1,1,6,lean,0.03307497453329955,1,37,8,1.0,1.0,-1.0,0.0,1.0,4
2022-11-22,1,1,1,1,3,1,1,1,1,6,lean,0.03608519572082214,1,37,9,1.0,1.0,-1.0,0.0,1.0,4
2022-11-23,1,1,1,1,3,1,1,1,1,7,strong,0.048832186556740376,1,37,10,1.0,1.0,-1.0,0.0,1.0,4
2022-11-25,1,1,1,1,3,1,1,1,1,7,strong,0.03246931309583023,1,37,11,1.0,1.0,-1.0,0.0,1.0,4
2022-11-28,1,1,1,1,3,1,1,1,1,5,mixed,0.01563168752150923,1,37,12,1.0,1.0,-1.0,0.0,1.0,4
2022-11-29,1,1,1,1,3,1,1,1,1,7,strong,0.012839253665669403,1,37,13,1.0,1.0,-1.0,0.0,1.0,4
2022-11-30,1,1,1,1,3,1,1,1,1,8,unanimous,0.0421361584587866,1,37,14,1.0,1.0,-1.0,0.0,1.0,4
2022-12-01,1,1,1,1,3,1,1,1,1,8,unanimous,0.03791230606124285,1,37,15,1.0,1.0,-1.0,0.0,1.0,4
2022-12-02,1,1,1,1,3,1,1,1,1,8,unanimous,0.03607986829229248,1,37,16,1.0,1.0,-1.0,0.0,1.0,4
2022-12-05,1,1,1,1,3,1,1,1,1,6,lean,0.017806392920355685,1,37,17,1.0,1.0,-1.0,0.0,1.0,4
2022-12-06,1,1,1,1,3,1,1,1,1,4,mixed,0.0031092424374979943,1,37,18,1.0,1.0,-1.0,0.0,1.0,4
2022-12-07,2,2,2,1,3,1,1,1,1,5,mixed,0.000965701749636283,1,37,19,1.0,1.0,-1.0,0.0,1.0,4
2022-12-08,2,1,1,2,3,1,1,1,1,5,mixed,0.008431178716601706,1,37,20,1.0,1.0,-1.0,0.0,1.0,4
2022-12-09,2,2,2,2,3,1,1,1,1,4,mixed,0.0010803401499898113,1,37,21,1.0,1.0,-1.0,0.0,1.0,4
2022-12-12,2,1,2,2,3,1,1,1,1,6,lean,0.01530684073157662,1,37,22,1.0,1.0,-1.0,0.0,1.0,4
2022-12-13,2,1,2,2,3,1,1,1,1,7,strong,0.022360277432740716,1,37,23,1.0,1.0,-1.0,0.0,1.0,4
2022-12-14,2,2,2,0,3,1,1,1,1,6,lean,0.016273344671480894,1,37,24,1.0,1.0,-1.0,0.0,1.0,4
2022-12-15,2,2,2,3,3,-1,1,1,1,2,lean,0.009061939300921695,1,37,1,1.0,1.0,-1.0,0.0,0.0,1
2022-12-16,0,2,2,3,3,-1,1,1,1,2,lean,0.02009194992544594,1,37,2,1.0,1.0,-1.0,0.0,0.0,1
2022-12-19,0,2,0,3,3,-1,1,1,1,1,strong,0.028781687394342503,1,37,3,1.0,1.0,-1.0,0.0,0.0,1
2022-12-20,0,2,0,3,3,-1,1,1,1,1,strong,0.026889278857866294,1,37,4,1.0,1.0,-1.0,0.0,0.0,1
2022-12-21,0,2,0,3,3,-1,1,1,1,2,lean,0.011451492210948988,1,37,5,1.0,1.0,-1.0,0.0,0.0,1
2022-12-22,0,0,0,3,3,-1,1,1,1,1,strong,0.02660394128434662,1,37,6,1.0,1.0,-1.0,0.0,0.0,1
2022-12-23,0,0,0,3,4,-1,1,1,1,1,strong,0.020715502452960832,1,37,7,1.0,1.0,-1.0,0.0,0.0,1
2022-12-27,0,0,0,3,4,-1,1,1,1,1,strong,0.024489233370768693,1,37,8,1.0,1.0,-1.0,0.0,0.0,1
2022-12-28,0,0,0,3,4,-1,1,1,1,1,strong,0.036664478071908535,1,37,9,1.0,1.0,-1.0,0.0,0.0,1
2022-12-29,0,0,0,3,4,-1,1,1,1,1,strong,0.018252209078917003,1,37,10,1.0,1.0,-1.0,0.0,0.0,1
2022-12-30,0,0,0,3,4,-1,1,1,1,1,strong,0.01659402203232685,1,37,11,1.0,1.0,-1.0,0.0,0.0,1
2023-01-03,0,0,0,3,4,-1,1,1,1,1,strong,0.018622309570432538,1,37,12,1.0,1.0,-1.0,0.0,0.0,1
2023-01-04,0,3,0,3,4,-1,1,-1,1,2,lean,0.008614002166090762,1,37,13,1.0,-1.0,-1.0,0.0,0.0,2
2023-01-05,0,3,0,4,4,-1,1,-1,1,1,strong,0.019277991301855035,1,37,14,1.0,-1.0,-1.0,0.0,0.0,2
2023-01-06,1,3,3,1,4,1,1,-1,-1,5,mixed,0.004272091044341342,1,37,1,1.0,-1.0,-1.0,0.0,1.0,2
2023-01-09,1,4,4,1,4,1,1,-1,-1,5,mixed,0.0043276578281313816,1,37,2,1.0,-1.0,-1.0,0.0,1.0,2
2023-01-10,1,3,3,1,4,1,1,-1,-1,5,mixed,0.010437598898139666,1,37,3,1.0,-1.0,-1.0,0.0,1.0,2
2023-01-11,1,3,3,1,4,1,1,-1,-1,6,lean,0.023919071111045853,1,37,4,1.0,-1.0,-1.0,0.0,1.0,2
2023-01-12,1,3,3,1,4,1,1,-1,-1,6,lean,0.027898395066675907,1,37,5,1.0,-1.0,-1.0,0.0,1.0,2
2023-01-13,1,3,3,1,4,1,1,-1,-1,8,unanimous,0.03215932945437461,1,37,6,1.0,-1.0,-1.0,0.0,1.0,2
2023-01-17,1,3,3,1,4,1,1,-1,-1,8,unanimous,0.03051825326304458,1,37,7,1.0,-1.0,-1.0,0.0,1.0,2
2023-01-18,1,3,3,1,4,1,1,-1,-1,6,lean,0.015577215574717584,1,37,8,1.0,-1.0,-1.0,0.0,1.0,2
2023-01-19,1,3,3,1,4,1,1,-1,-1,5,mixed,0.008700152437131736,1,37,9,-1.0,-1.0,-1.0,1.0,1.0,2
2023-01-20,1,3,3,1,4,1,1,-1,-1,8,unanimous,0.027509555815839692,1,37,10,-1.0,-1.0,-1.0,1.0,1.0,2
2023-01-23,1,3,3,1,4,1,1,-1,-1,8,unanimous,0.03238095685002773,1,37,11,-1.0,-1.0,-1.0,1.0,1.0,2
2023-01-24,1,3,3,1,4,1,1,-1,-1,8,unanimous,0.031083250923956474,1,37,12,-1.0,-1.0,-1.0,1.0,1.0,2
2023-01-25,1,3,3,1,4,1,1,-1,-1,8,unanimous,0.026673142002565875,1,37,13,-1.0,-1.0,-1.0,1.0,1.0,2
2023-01-26,1,3,3,1,4,1,1,-1,-1,8,unanimous,0.03484720685688214,1,37,14,-1.0,-1.0,-1.0,1.0,1.0,2
2023-01-27,1,3,3,1,4,1,1,-1,-1,8,unanimous,0.03617368598631032,1,37,15,-1.0,-1.0,-1.0,1.0,1.0,2
2023-01-30,1,3,3,2,4,1,1,-1,-1,8,unanimous,0.022605128529462837,1,37,16,-1.0,-1.0,1.0,1.0,1.0,2
2023-01-31,1,2,1,2,4,1,1,1,1,8,unanimous,0.036276102516388464,1,37,17,-1.0,-1.0,1.0,1.0,1.0,4
2023-02-01,2,2,2,2,4,1,1,1,1,8,unanimous,0.046214537099529274,1,37,18,-1.0,-1.0,1.0,1.0,1.0,4
2023-02-02,2,2,2,2,4,1,1,1,1,8,unanimous,0.06720713240004728,-1,38,19,-1.0,-1.0,1.0,0.0,0.0,4
2023-02-03,2,2,2,2,4,1,1,1,1,8,unanimous,0.047972096244181306,-1,38,20,-1.0,-1.0,1.0,0.0,0.0,4
2023-02-06,1,1,1,2,4,1,1,1,1,8,unanimous,0.04082670795644694,-1,38,21,-1.0,-1.0,1.0,0.0,0.0,4
2023-02-07,1,1,1,2,4,1,1,1,1,8,unanimous,0.052360273000128355,-1,38,22,-1.0,-1.0,1.0,0.0,0.0,4
2023-02-08,1,1,1,2,4,1,1,1,1,8,unanimous,0.040057241661652365,-1,38,23,-1.0,-1.0,1.0,0.0,0.0,4
2023-02-09,1,1,1,2,4,1,1,1,1,8,unanimous,0.028149876321589495,-1,38,24,-1.0,-1.0,1.0,0.0,0.0,4
2023-02-10,1,1,1,2,4,1,1,1,1,8,unanimous,0.03244139023478387,-1,38,25,-1.0,-1.0,1.0,0.0,0.0,4
2023-02-13,1,1,1,2,4,1,1,1,1,8,unanimous,0.04034148826656292,-1,38,26,-1.0,-1.0,1.0,0.0,0.0,4
2023-02-14,1,1,1,2,4,1,1,1,1,8,unanimous,0.04103771297242187,-1,38,27,-1.0,-1.0,1.0,0.0,0.0,4
2023-02-15,1,1,1,2,4,1,1,1,1,8,unanimous,0.04847141342679229,-1,38,28,-1.0,-1.0,1.0,0.0,0.0,4
2023-02-16,1,1,1,0,4,1,1,1,1,7,strong,0.030576354670100336,-1,38,29,-1.0,-1.0,1.0,0.0,0.0,4
2023-02-17,1,1,1,0,4,1,1,1,1,6,lean,0.026103856049870422,-1,38,30,-1.0,-1.0,1.0,0.0,0.0,4
2023-02-21,1,1,1,0,4,1,1,1,1,4,mixed,0.0007941384862866219,-1,38,31,-1.0,-1.0,1.0,0.0,0.0,4
2023-02-22,1,1,1,3,4,-1,1,1,1,3,mixed,0.0019046365760488904,-1,38,1,-1.0,-1.0,1.0,0.0,1.0,1
2023-02-23,1,1,1,0,4,1,1,1,1,4,mixed,0.0024721439924357824,-1,38,1,-1.0,-1.0,1.0,0.0,0.0,4
2023-02-24,1,1,1,3,4,-1,1,1,1,3,mixed,0.003287710234352259,-1,38,1,-1.0,-1.0,1.0,0.0,1.0,1
2023-02-27,1,1,1,3,4,-1,1,1,1,3,mixed,0.0002668678254702517,-1,38,2,-1.0,-1.0,1.0,0.0,1.0,1
2023-02-28,1,1,1,3,4,-1,1,1,1,2,lean,0.011371037976134257,-1,38,3,-1.0,-1.0,1.0,0.0,1.0,1
2023-03-01,1,1,1,3,4,-1,1,1,1,2,lean,0.017020525536707742,-1,38,4,-1.0,-1.0,1.0,0.0,1.0,1
2023-03-02,1,1,1,3,4,-1,1,1,1,3,mixed,0.010186832861216244,-1,38,5,-1.0,-1.0,1.0,0.0,1.0,1
2023-03-03,1,1,1,0,4,1,1,1,1,5,mixed,0.01156796104699187,-1,38,1,-1.0,-1.0,1.0,0.0,0.0,4
2023-03-06,1,3,1,0,4,1,1,-1,1,5,mixed,0.017079797035143063,-1,38,2,-1.0,-1.0,1.0,0.0,0.0,3
2023-03-07,1,3,1,0,4,1,1,-1,1,4,mixed,0.0012933339789057419,-1,38,3,-1.0,-1.0,1.0,0.0,0.0,3
2023-03-08,1,3,1,0,4,1,1,-1,1,5,mixed,0.0026072432258156253,-1,38,4,-1.0,-1.0,1.0,0.0,0.0,3
2023-03-09,0,0,0,4,4,-1,1,1,1,0,unanimous,0.016399523531157367,-1,38,1,-1.0,-1.0,1.0,0.0,1.0,1
2023-03-10,0,5,0,4,4,-1,1,-1,1,0,unanimous,0.031014207435904773,-1,38,2,-1.0,-1.0,1.0,0.0,1.0,2
2023-03-13,0,5,0,4,4,-1,1,-1,1,0,unanimous,0.03280286639946706,-1,38,3,-1.0,-1.0,1.0,0.0,1.0,2
2023-03-14,0,5,0,4,4,-1,1,-1,1,0,unanimous,0.014548502318068923,-1,38,4,-1.0,-1.0,1.0,0.0,1.0,2
2023-03-15,0,5,5,4,4,-1,1,-1,-1,0,unanimous,0.0153111391488705,-1,38,5,-1.0,-1.0,1.0,0.0,1.0,3
2023-03-16,0,5,5,4,4,-1,1,-1,-1,3,mixed,0.00397884740503085,-1,38,6,-1.0,-1.0,1.0,0.0,1.0,3
2023-03-17,0,5,0,4,4,-1,1,-1,1,1,strong,0.013416741614523442,-1,38,7,-1.0,-1.0,1.0,0.0,1.0,2
2023-03-20,0,5,5,4,4,-1,1,-1,-1,2,lean,0.0022948750036375642,-1,38,8,-1.0,-1.0,1.0,0.0,1.0,3
2023-03-21,0,5,5,1,4,1,1,-1,-1,7,strong,0.01115215746267384,-1,38,1,-1.0,-1.0,1.0,0.0,0.0,2
2023-03-22,0,5,5,4,4,-1,1,-1,-1,2,lean,0.005793677868335179,-1,38,1,-1.0,-1.0,1.0,0.0,1.0,3
2023-03-23,0,5,5,4,4,-1,1,-1,-1,3,mixed,0.001561473826492632,-1,38,2,-1.0,-1.0,1.0,0.0,1.0,3
2023-03-24,0,5,5,1,4,1,1,-1,-1,6,lean,0.0043380380087162385,-1,38,1,-1.0,-1.0,1.0,0.0,0.0,2
2023-03-27,1,5,5,1,4,1,1,-1,-1,5,mixed,0.0061240140630269835,-1,38,2,-1.0,-1.0,1.0,0.0,0.0,2
2023-03-28,1,3,1,1,4,1,1,-1,1,6,lean,0.004459533662638404,-1,38,3,-1.0,1.0,1.0,0.0,0.0,3
2023-03-29,1,3,3,1,4,1,1,-1,-1,8,unanimous,0.01897313053592853,-1,38,4,-1.0,1.0,1.0,0.0,0.0,2
2023-03-30,1,3,3,1,4,1,1,-1,-1,8,unanimous,0.02235345523800336,-1,38,5,-1.0,1.0,1.0,0.0,0.0,2
2023-03-31,1,3,3,2,4,1,1,-1,-1,8,unanimous,0.03698560050162891,-1,38,6,-1.0,1.0,1.0,0.0,0.0,2
2023-04-03,1,3,3,2,4,1,1,-1,-1,8,unanimous,0.0397575160385264,-1,38,7,-1.0,1.0,1.0,0.0,0.0,2
2023-04-04,1,3,3,2,4,1,1,-1,-1,8,unanimous,0.029916239208562345,-1,38,8,-1.0,1.0,1.0,0.0,0.0,2
2023-04-05,1,3,3,2,4,1,1,-1,-1,8,unanimous,0.02857059933240791,-1,38,9,-1.0,1.0,1.0,0.0,0.0,2
2023-04-06,1,3,3,2,4,1,1,-1,-1,8,unanimous,0.03807534386786571,-1,38,10,-1.0,1.0,1.0,0.0,0.0,2
2023-04-10,2,3,3,2,4,1,1,-1,-1,8,unanimous,0.033613088391991064,-1,38,11,-1.0,1.0,1.0,0.0,0.0,2
2023-04-11,2,3,3,2,4,1,1,-1,-1,8,unanimous,0.030608872683645538,-1,38,12,-1.0,1.0,1.0,0.0,0.0,2
2023-04-12,1,3,3,2,4,1,1,-1,-1,8,unanimous,0.02572484883528503,-1,38,13,1.0,1.0,1.0,1.0,0.0,2
2023-04-13,1,3,3,2,4,1,1,-1,-1,8,unanimous,0.03744380088274579,-1,38,14,1.0,1.0,1.0,1.0,0.0,2
2023-04-14,1,3,1,2,4,1,1,-1,1,8,unanimous,0.03567085481896237,-1,38,15,1.0,1.0,1.0,1.0,0.0,3
2023-04-17,1,1,1,2,4,1,1,1,1,8,unanimous,0.038429330991478494,-1,38,16,1.0,1.0,1.0,1.0,0.0,4
2023-04-18,1,1,1,2,4,1,1,1,1,8,unanimous,0.03876140331041833,-1,38,17,1.0,1.0,1.0,1.0,0.0,4
2023-04-19,1,1,1,2,4,1,1,1,1,8,unanimous,0.033963999673410905,-1,38,18,1.0,1.0,1.0,1.0,0.0,4
2023-04-20,2,1,1,2,4,1,1,1,1,8,unanimous,0.02732344424857025,-1,38,19,1.0,1.0,1.0,1.0,0.0,4
2023-04-21,2,1,1,2,4,1,1,1,1,8,unanimous,0.028377762360862424,-1,38,20,1.0,1.0,1.0,1.0,0.0,4
2023-04-24,2,1,1,2,4,1,1,1,1,8,unanimous,0.027127790025218368,-1,38,21,1.0,1.0,1.0,1.0,0.0,4
2023-04-25,1,1,1,2,4,1,1,1,1,6,lean,0.01052388514369984,-1,38,22,1.0,1.0,1.0,1.0,0.0,4
2023-04-26,1,1,1,2,4,1,1,1,1,6,lean,0.009423092955147205,1,39,23,1.0,1.0,1.0,0.0,1.0,4
2023-04-27,1,1,1,2,4,1,1,1,1,7,strong,0.02449259992962194,1,39,24,1.0,1.0,1.0,0.0,1.0,4
2023-04-28,1,1,1,2,4,1,1,1,1,8,unanimous,0.029224710144480914,1,39,25,1.0,1.0,1.0,0.0,1.0,4
2023-05-01,1,1,1,2,4,1,1,1,1,7,strong,0.028891546728221695,1,39,26,1.0,1.0,1.0,0.0,1.0,4
2023-05-02,1,1,1,2,4,1,1,1,1,4,mixed,0.017378989511570464,1,39,27,1.0,1.0,1.0,0.0,1.0,4
2023-05-03,1,1,1,2,4,1,1,1,1,4,mixed,0.01041862569167007,1,39,28,1.0,1.0,-1.0,0.0,1.0,4
2023-05-04,0,1,1,2,4,1,1,1,1,4,mixed,0.0027137125428371434,1,39,29,1.0,1.0,-1.0,0.0,1.0,4
2023-05-05,1,2,1,2,4,1,1,1,1,8,unanimous,0.01991826238996597,1,39,30,1.0,1.0,-1.0,0.0,1.0,4
2023-05-08,1,2,1,2,4,1,1,1,1,8,unanimous,0.018659310499067328,1,39,31,1.0,1.0,-1.0,0.0,1.0,4
2023-05-09,1,2,1,2,4,1,1,1,1,7,strong,0.012387027253031091,1,39,32,1.0,1.0,-1.0,0.0,1.0,4
2023-05-10,1,1,1,0,4,1,1,1,1,8,unanimous,0.019733506004977364,1,39,33,1.0,1.0,-1.0,0.0,1.0,4
2023-05-11,1,2,1,0,4,1,1,1,1,5,mixed,0.012358696049831863,1,39,34,1.0,1.0,-1.0,0.0,1.0,4
2023-05-12,1,0,1,0,4,1,1,1,1,4,mixed,0.009733405787817007,1,39,35,1.0,1.0,-1.0,0.0,1.0,4
2023-05-15,1,0,1,0,4,1,1,1,1,6,lean,0.011368204101002366,1,39,36,1.0,1.0,-1.0,0.0,1.0,4
2023-05-16,1,0,1,0,4,1,1,1,1,5,mixed,0.00749648779415657,1,39,37,1.0,1.0,-1.0,0.0,1.0,4
2023-05-17,1,1,1,0,4,1,1,1,1,8,unanimous,0.026023872094771527,1,39,38,1.0,1.0,-1.0,0.0,1.0,4
2023-05-18,1,3,1,0,4,1,1,-1,1,8,unanimous,0.0344598991385765,1,39,39,1.0,1.0,-1.0,0.0,1.0,3
2023-05-19,1,3,1,0,4,1,1,-1,1,8,unanimous,0.03231088593645348,1,39,40,1.0,1.0,-1.0,0.0,1.0,3
2023-05-22,1,3,1,0,4,1,1,-1,1,8,unanimous,0.031563672233729245,1,39,41,1.0,1.0,-1.0,0.0,1.0,3
2023-05-23,1,3,1,0,4,1,1,-1,1,8,unanimous,0.019712334295376333,1,39,42,1.0,1.0,-1.0,0.0,1.0,3
2023-05-24,0,0,0,0,4,1,1,1,1,5,mixed,0.01439776070560883,1,39,43,1.0,1.0,-1.0,0.0,1.0,4
2023-05-25,1,3,1,0,4,1,1,-1,1,8,unanimous,0.019673029609913795,1,39,44,1.0,1.0,-1.0,0.0,1.0,3
2023-05-26,1,3,1,0,4,1,1,-1,1,8,unanimous,0.03161575810407857,1,39,45,1.0,1.0,-1.0,0.0,1.0,3
2023-05-30,1,3,3,0,4,1,1,-1,-1,8,unanimous,0.03098776619975241,1,39,46,1.0,1.0,-1.0,0.0,1.0,2
2023-05-31,1,3,3,1,4,1,1,-1,-1,8,unanimous,0.024395014697225492,1,39,47,1.0,1.0,-1.0,0.0,1.0,2
2023-06-01,1,3,3,1,4,1,1,-1,-1,8,unanimous,0.03313842970609204,1,39,48,1.0,1.0,-1.0,0.0,1.0,2
2023-06-02,1,3,3,1,4,1,1,-1,-1,8,unanimous,0.05066181304178563,1,39,49,1.0,1.0,-1.0,0.0,1.0,2
2023-06-05,1,3,1,1,4,1,1,-1,1,8,unanimous,0.042724637304984214,1,39,50,1.0,1.0,-1.0,0.0,1.0,3
2023-06-06,1,3,1,1,4,1,1,-1,1,8,unanimous,0.043341793911407134,1,39,51,1.0,1.0,-1.0,0.0,1.0,3
2023-06-07,1,1,1,1,4,1,1,1,1,8,unanimous,0.03798081907328621,1,39,52,1.0,1.0,-1.0,0.0,1.0,4
2023-06-08,1,1,1,1,4,1,1,1,1,8,unanimous,0.042523248276022274,1,39,53,1.0,1.0,-1.0,0.0,1.0,4
2023-06-09,1,1,1,1,4,1,1,1,1,8,unanimous,0.04203625815490253,1,39,54,1.0,1.0,-1.0,0.0,1.0,4
2023-06-12,1,1,1,1,4,1,1,1,1,8,unanimous,0.049560524258021266,1,39,55,1.0,1.0,-1.0,0.0,1.0,4
2023-06-13,1,1,1,1,4,1,1,1,1,8,unanimous,0.05446583880848899,1,39,56,1.0,1.0,-1.0,0.0,1.0,4
2023-06-14,2,1,1,1,4,1,1,1,1,8,unanimous,0.06007651089930788,1,39,57,1.0,1.0,-1.0,0.0,1.0,4
2023-06-15,2,1,1,1,4,1,1,1,1,8,unanimous,0.06359248968759457,1,39,58,1.0,1.0,-1.0,0.0,1.0,4
2023-06-16,2,1,1,1,4,1,1,1,1,8,unanimous,0.058262617085604096,1,39,59,1.0,1.0,-1.0,0.0,1.0,4
2023-06-20,1,1,1,1,4,1,1,1,1,8,unanimous,0.052002299083183656,1,39,60,1.0,1.0,-1.0,0.0,1.0,4
2023-06-21,1,1,1,1,4,1,1,1,1,8,unanimous,0.04538182775286781,1,39,61,1.0,1.0,-1.0,0.0,1.0,4
2023-06-22,1,1,1,1,4,1,1,1,1,8,unanimous,0.053928795843956046,1,39,62,1.0,1.0,-1.0,0.0,1.0,4
2023-06-23,2,1,1,2,4,1,1,1,1,8,unanimous,0.053604450343500254,1,39,63,1.0,1.0,-1.0,0.0,1.0,4
2023-06-26,1,1,1,2,4,1,1,1,1,8,unanimous,0.04101349704351387,1,39,64,1.0,1.0,-1.0,0.0,1.0,4
2023-06-27,1,1,1,2,4,1,1,1,1,8,unanimous,0.04274618394073493,1,39,65,1.0,1.0,-1.0,0.0,1.0,4
2023-06-28,1,1,1,2,4,1,1,1,1,8,unanimous,0.04136504708611399,1,39,66,1.0,1.0,-1.0,0.0,1.0,4
2023-06-29,1,1,1,2,4,1,1,1,1,8,unanimous,0.04926937844440671,1,39,67,1.0,1.0,-1.0,0.0,1.0,4
2023-06-30,1,1,1,0,4,1,1,1,1,8,unanimous,0.055113874632002124,1,39,68,1.0,-1.0,-1.0,0.0,1.0,4
2023-07-03,2,1,1,0,4,1,1,1,1,8,unanimous,0.05484929123158988,1,39,69,1.0,-1.0,-1.0,0.0,1.0,4
2023-07-05,1,1,1,0,4,1,1,1,1,8,unanimous,0.051649060017857185,1,39,70,1.0,-1.0,-1.0,0.0,1.0,4
2023-07-06,1,1,1,0,4,1,1,1,1,8,unanimous,0.042778271000255774,1,39,71,1.0,-1.0,-1.0,0.0,1.0,4
2023-07-07,1,1,1,0,4,1,1,1,1,8,unanimous,0.03886174439092738,1,39,72,1.0,-1.0,-1.0,0.0,1.0,4
2023-07-10,1,1,1,0,4,1,1,1,1,8,unanimous,0.03998772716027166,1,39,73,1.0,-1.0,-1.0,0.0,1.0,4
2023-07-11,1,1,1,0,4,1,1,1,1,8,unanimous,0.04541166568142785,1,39,74,1.0,-1.0,-1.0,0.0,1.0,4
2023-07-12,1,1,1,0,4,1,1,1,1,8,unanimous,0.05129118051684722,1,39,75,1.0,-1.0,-1.0,0.0,1.0,4
2023-07-13,1,1,1,0,4,1,1,1,1,8,unanimous,0.058053649788007755,1,39,76,1.0,-1.0,-1.0,0.0,1.0,4
2023-07-14,1,1,1,0,4,1,1,1,1,8,unanimous,0.05575159317919254,1,39,77,1.0,-1.0,-1.0,0.0,1.0,4
2023-07-17,1,1,1,0,4,1,1,1,1,8,unanimous,0.05806305345445828,1,39,78,-1.0,-1.0,-1.0,1.0,1.0,4
2023-07-18,1,1,1,0,4,1,1,1,1,8,unanimous,0.06325734152377616,1,39,79,-1.0,-1.0,-1.0,1.0,1.0,4
2023-07-19,1,1,1,0,4,1,1,1,1,8,unanimous,0.0638963308606999,1,39,80,-1.0,-1.0,-1.0,1.0,1.0,4
2023-07-20,1,1,1,0,4,1,1,1,1,8,unanimous,0.055925947064361936,1,39,81,-1.0,-1.0,-1.0,1.0,1.0,4
2023-07-21,1,1,1,1,4,1,1,1,1,8,unanimous,0.05450101002122454,1,39,82,-1.0,-1.0,-1.0,1.0,1.0,4
2023-07-24,1,1,1,1,4,1,1,1,1,8,unanimous,0.05651245006968586,1,39,83,-1.0,-1.0,-1.0,1.0,1.0,4
2023-07-25,1,1,1,1,4,1,1,1,1,8,unanimous,0.0576046837737102,1,39,84,-1.0,-1.0,-1.0,1.0,1.0,4
2023-07-26,1,1,1,1,4,1,1,1,1,8,unanimous,0.05598110305219517,1,39,85,-1.0,-1.0,-1.0,1.0,1.0,4
2023-07-27,1,1,1,1,4,1,1,1,1,8,unanimous,0.048386893640488204,1,39,86,-1.0,-1.0,-1.0,1.0,1.0,4
2023-07-28,1,1,1,1,4,1,1,1,1,8,unanimous,0.05614932952257379,1,39,87,-1.0,-1.0,-1.0,1.0,1.0,4
2023-07-31,1,1,1,1,4,1,1,1,1,8,unanimous,0.055718279219325484,-1,40,88,-1.0,-1.0,-1.0,0.0,0.0,4
2023-08-01,1,1,1,1,4,1,1,1,1,8,unanimous,0.05124056419423251,-1,40,89,-1.0,-1.0,-1.0,0.0,0.0,4
2023-08-02,1,1,1,1,4,1,1,1,1,6,lean,0.03627176363532092,-1,40,90,-1.0,-1.0,-1.0,0.0,0.0,4
2023-08-03,1,1,1,1,4,1,1,1,1,6,lean,0.032397083668891824,-1,40,91,-1.0,-1.0,1.0,0.0,0.0,4
2023-08-04,1,1,1,1,4,1,1,1,1,6,lean,0.025792811147742234,-1,40,92,-1.0,-1.0,1.0,0.0,0.0,4
2023-08-07,1,1,1,1,4,1,1,1,1,6,lean,0.03322868483022501,-1,40,93,-1.0,-1.0,1.0,0.0,0.0,4
2023-08-08,1,1,1,1,4,1,1,1,1,6,lean,0.02767237797802269,-1,40,94,-1.0,-1.0,1.0,0.0,0.0,4
2023-08-09,1,0,0,1,4,1,1,1,1,4,mixed,0.019356136818689307,-1,40,95,-1.0,-1.0,1.0,0.0,0.0,4
2023-08-10,0,1,0,1,4,1,1,1,1,4,mixed,0.01834490468824479,-1,40,96,-1.0,-1.0,1.0,0.0,0.0,4
2023-08-11,0,0,0,1,4,1,1,1,1,4,mixed,0.015930921298775047,-1,40,97,-1.0,-1.0,1.0,0.0,0.0,4
2023-08-14,0,0,0,0,4,1,1,1,1,5,mixed,0.02040496918247503,-1,40,98,-1.0,-1.0,1.0,0.0,0.0,4
2023-08-15,0,5,0,0,4,1,1,-1,1,4,mixed,0.007843574573747514,-1,40,99,-1.0,-1.0,1.0,0.0,0.0,3
2023-08-16,0,0,0,3,4,-1,1,1,1,3,mixed,0.0006558445803139801,-1,40,1,-1.0,-1.0,1.0,0.0,1.0,1
2023-08-17,0,5,0,3,4,-1,1,-1,1,3,mixed,0.009254823635652887,-1,40,2,-1.0,-1.0,1.0,0.0,1.0,2
2023-08-18,0,5,0,3,4,-1,1,-1,1,3,mixed,0.010276800833750155,-1,40,3,-1.0,-1.0,1.0,0.0,1.0,2
2023-08-21,0,4,0,3,4,-1,1,-1,1,3,mixed,0.004354688200503665,-1,40,4,-1.0,-1.0,1.0,0.0,1.0,2
2023-08-22,0,4,4,3,4,-1,1,-1,-1,3,mixed,0.00811193989921688,-1,40,5,-1.0,-1.0,1.0,0.0,1.0,3
2023-08-23,0,4,4,0,4,1,1,-1,-1,4,mixed,0.0022051318812804643,-1,40,1,-1.0,-1.0,1.0,0.0,0.0,2
2023-08-24,0,4,4,3,4,-1,1,-1,-1,3,mixed,0.012299020320029497,-1,40,1,-1.0,-1.0,1.0,0.0,1.0,3
2023-08-25,0,4,4,3,4,-1,1,-1,-1,3,mixed,0.00629968686096305,-1,40,2,-1.0,-1.0,1.0,0.0,1.0,3
2023-08-28,0,4,4,3,4,-1,1,-1,-1,3,mixed,0.0007409437743814973,-1,40,3,-1.0,-1.0,1.0,0.0,1.0,3
2023-08-29,0,4,4,0,4,1,1,-1,-1,7,strong,0.01328922590088144,-1,40,1,-1.0,-1.0,1.0,0.0,0.0,2
2023-08-30,0,4,4,0,4,1,1,-1,-1,8,unanimous,0.02448354796335983,-1,40,2,-1.0,-1.0,1.0,0.0,0.0,2
2023-08-31,3,4,4,0,4,1,-1,-1,-1,8,unanimous,0.030459326615024263,-1,40,3,-1.0,-1.0,1.0,0.0,0.0,1
2023-09-01,3,3,3,1,4,1,-1,-1,-1,8,unanimous,0.03234444136039316,-1,40,4,-1.0,-1.0,1.0,0.0,0.0,1
2023-09-05,3,4,4,1,4,1,-1,-1,-1,7,strong,0.021584106338796816,-1,40,5,-1.0,-1.0,1.0,0.0,0.0,1
2023-09-06,3,4,4,1,4,1,-1,-1,-1,6,lean,0.017451690775035056,-1,40,6,-1.0,-1.0,1.0,0.0,0.0,1
2023-09-07,0,4,4,1,4,1,1,-1,-1,5,mixed,0.0033992124779301802,-1,40,7,-1.0,-1.0,1.0,0.0,0.0,2
2023-09-08,3,4,4,1,4,1,-1,-1,-1,5,mixed,0.018212081577926864,-1,40,8,-1.0,-1.0,1.0,0.0,0.0,1
2023-09-11,3,4,3,1,4,1,-1,-1,-1,7,strong,0.018217432737365535,-1,40,9,-1.0,-1.0,1.0,0.0,0.0,1
2023-09-12,3,4,4,1,4,1,-1,-1,-1,5,mixed,0.006407549334529472,-1,40,10,-1.0,-1.0,1.0,0.0,0.0,1
2023-09-13,3,4,4,1,4,1,-1,-1,-1,6,lean,0.006621259269954272,-1,40,11,-1.0,-1.0,1.0,0.0,0.0,1
2023-09-14,3,4,3,1,4,1,-1,-1,-1,7,strong,0.022367986803151108,-1,40,12,-1.0,-1.0,1.0,0.0,0.0,1
2023-09-15,0,5,5,1,4,1,1,-1,-1,4,mixed,0.017967239231292065,-1,40,13,-1.0,-1.0,1.0,0.0,0.0,2
2023-09-18,3,4,3,1,4,1,-1,-1,-1,4,mixed,0.01608603779327511,-1,40,14,-1.0,-1.0,1.0,0.0,0.0,1
2023-09-19,3,4,4,1,4,1,-1,-1,-1,4,mixed,0.009941645121912313,-1,40,15,-1.0,-1.0,1.0,0.0,0.0,1
2023-09-20,0,4,4,1,4,1,1,-1,-1,4,mixed,0.00332797010017849,-1,40,16,-1.0,-1.0,1.0,0.0,0.0,2
2023-09-21,0,4,4,4,4,-1,1,-1,-1,1,strong,0.02448262485565822,-1,40,1,-1.0,-1.0,1.0,0.0,1.0,3
2023-09-22,0,4,4,4,4,-1,1,-1,-1,1,strong,0.01329057842401804,-1,40,2,-1.0,-1.0,1.0,0.0,1.0,3
2023-09-25,4,4,4,4,4,-1,-1,-1,-1,1,strong,0.015739703708523622,-1,40,3,-1.0,-1.0,1.0,0.0,1.0,4
2023-09-26,5,4,4,5,4,-1,-1,-1,-1,1,strong,0.04138267580830357,-1,40,4,-1.0,-1.0,1.0,0.0,1.0,4
2023-09-27,5,4,4,5,4,-1,-1,-1,-1,1,strong,0.03932841945824528,-1,40,5,-1.0,-1.0,1.0,0.0,1.0,4
2023-09-28,5,4,4,5,4,-1,-1,-1,-1,1,strong,0.03181481020052157,-1,40,6,-1.0,-1.0,1.0,0.0,1.0,4
2023-09-29,4,4,4,5,4,-1,-1,-1,-1,1,strong,0.029714204761964513,-1,40,7,-1.0,1.0,1.0,0.0,1.0,4
2023-10-02,4,4,4,5,4,-1,-1,-1,-1,1,strong,0.026837666294358575,-1,40,8,-1.0,1.0,1.0,0.0,1.0,4
2023-10-03,5,4,4,5,4,-1,-1,-1,-1,1,strong,0.04257754117623436,-1,40,9,-1.0,1.0,1.0,0.0,1.0,4
2023-10-04,4,4,4,5,4,-1,-1,-1,-1,1,strong,0.03247146181471705,-1,40,10,-1.0,1.0,1.0,0.0,1.0,4
2023-10-05,4,4,4,5,4,-1,-1,-1,-1,1,strong,0.031612959590215706,-1,40,11,-1.0,1.0,1.0,0.0,1.0,4
2023-10-06,4,4,4,5,4,-1,-1,-1,-1,1,strong,0.019852696685873417,-1,40,12,-1.0,1.0,1.0,0.0,1.0,4
2023-10-09,4,4,4,5,4,-1,-1,-1,-1,1,strong,0.013926656342410082,-1,40,13,-1.0,1.0,1.0,0.0,1.0,4
2023-10-10,4,4,4,5,4,-1,-1,-1,-1,3,mixed,0.008445838781602655,-1,40,14,-1.0,1.0,1.0,0.0,1.0,4
2023-10-11,4,4,4,5,4,-1,-1,-1,-1,3,mixed,0.0036686514103836387,-1,40,15,-1.0,1.0,1.0,0.0,1.0,4
2023-10-12,4,4,4,5,4,-1,-1,-1,-1,3,mixed,0.009816004102264353,-1,40,16,-1.0,1.0,1.0,0.0,1.0,4
2023-10-13,4,4,4,5,4,-1,-1,-1,-1,3,mixed,0.014786754012682923,-1,40,17,1.0,1.0,1.0,1.0,1.0,4
2023-10-16,4,4,4,5,4,-1,-1,-1,-1,3,mixed,0.003902612976615538,-1,40,18,1.0,1.0,1.0,1.0,1.0,4
2023-10-17,4,4,4,3,4,-1,-1,-1,-1,3,mixed,0.0038479858154560898,-1,40,19,1.0,1.0,1.0,1.0,1.0,4
2023-10-18,4,4,4,3,4,-1,-1,-1,-1,3,mixed,0.017396785235046952,-1,40,20,1.0,1.0,1.0,1.0,1.0,4
2023-10-19,4,4,4,3,4,-1,-1,-1,-1,2,lean,0.012155212716222552,-1,40,21,1.0,1.0,1.0,1.0,1.0,4
2023-10-20,4,4,4,3,4,-1,-1,-1,-1,0,unanimous,0.022702714574365235,-1,40,22,1.0,1.0,1.0,1.0,1.0,4
2023-10-23,4,4,4,3,4,-1,-1,-1,-1,0,unanimous,0.02855080844110658,-1,40,23,1.0,1.0,1.0,1.0,1.0,4
2023-10-24,4,4,4,3,4,-1,-1,-1,-1,1,strong,0.02602833876809374,-1,40,24,1.0,1.0,1.0,1.0,1.0,4
2023-10-25,4,4,4,3,4,-1,-1,-1,-1,0,unanimous,0.04314708814991941,-1,40,25,1.0,1.0,1.0,1.0,1.0,4
2023-10-26,4,4,4,3,4,-1,-1,-1,-1,0,unanimous,0.0513338353959325,-1,40,26,1.0,1.0,1.0,1.0,1.0,4
2023-10-27,4,4,4,3,4,-1,-1,-1,-1,0,unanimous,0.0511029278350319,1,41,27,1.0,1.0,1.0,0.0,0.0,4
2023-10-30,4,4,4,3,4,-1,-1,-1,-1,0,unanimous,0.04139145029563873,1,41,28,1.0,1.0,1.0,0.0,0.0,4
2023-10-31,4,4,4,3,4,-1,-1,-1,-1,0,unanimous,0.032674171437775845,1,41,29,1.0,1.0,1.0,0.0,0.0,4
2023-11-01,4,4,4,3,4,-1,-1,-1,-1,0,unanimous,0.018108252007083214,1,41,30,1.0,1.0,1.0,0.0,0.0,4
2023-11-02,4,4,4,0,4,1,-1,-1,-1,4,mixed,0.009213018527023054,1,41,1,1.0,1.0,1.0,0.0,1.0,1
2023-11-03,4,4,4,0,4,1,-1,-1,-1,5,mixed,0.011435511120472142,1,41,2,1.0,1.0,1.0,0.0,1.0,1
2023-11-06,4,4,4,1,4,1,-1,-1,-1,6,lean,0.012478118770701707,1,41,3,1.0,1.0,1.0,0.0,1.0,1
2023-11-07,3,4,4,1,4,1,-1,-1,-1,6,lean,0.015836589360146314,1,41,4,1.0,1.0,1.0,0.0,1.0,1
2023-11-08,3,4,3,1,4,1,-1,-1,-1,6,lean,0.017345634867178217,1,41,5,1.0,1.0,1.0,0.0,1.0,1
2023-11-09,3,3,3,1,4,1,-1,-1,-1,4,mixed,0.010058731789136743,1,41,6,1.0,1.0,1.0,0.0,1.0,1
2023-11-10,3,3,3,0,4,1,-1,-1,-1,8,unanimous,0.025878368713444178,1,41,7,1.0,1.0,1.0,0.0,1.0,1
2023-11-13,3,3,3,0,4,1,-1,-1,-1,8,unanimous,0.025286027212234274,1,41,8,1.0,1.0,1.0,0.0,1.0,1
2023-11-14,3,3,3,0,4,1,-1,-1,-1,8,unanimous,0.043715490300302084,1,41,9,1.0,1.0,1.0,0.0,1.0,1
2023-11-15,3,3,3,0,4,1,-1,-1,-1,8,unanimous,0.04470783034924608,1,41,10,1.0,1.0,1.0,0.0,1.0,1
2023-11-16,3,3,3,0,4,1,-1,-1,-1,8,unanimous,0.0448604141359249,1,41,11,1.0,1.0,1.0,0.0,1.0,1
2023-11-17,3,3,3,0,4,1,-1,-1,-1,8,unanimous,0.044045123555029764,1,41,12,1.0,1.0,1.0,0.0,1.0,1
2023-11-20,2,3,2,0,4,1,1,-1,1,8,unanimous,0.04762080869954044,1,41,13,1.0,1.0,1.0,0.0,1.0,3
2023-11-21,2,3,2,0,4,1,1,-1,1,8,unanimous,0.04221645628759585,1,41,14,1.0,1.0,1.0,0.0,1.0,3
2023-11-22,2,3,3,0,4,1,1,-1,-1,8,unanimous,0.04235843491721891,1,41,15,1.0,1.0,1.0,0.0,1.0,2
2023-11-24,2,3,3,0,4,1,1,-1,-1,8,unanimous,0.04649571064204572,1,41,16,1.0,1.0,1.0,0.0,1.0,2
2023-11-27,2,3,3,0,4,1,1,-1,-1,8,unanimous,0.040707755989882966,1,41,17,1.0,1.0,1.0,0.0,1.0,2
2023-11-28,2,1,2,0,4,1,1,1,1,8,unanimous,0.041518081936222195,1,41,18,1.0,1.0,1.0,0.0,1.0,4
2023-11-29,2,1,1,0,4,1,1,1,1,8,unanimous,0.040394009415837706,1,41,19,1.0,1.0,1.0,0.0,1.0,4
2023-11-30,2,1,1,0,4,1,1,1,1,8,unanimous,0.04369576931642982,1,41,20,1.0,1.0,1.0,0.0,1.0,4
2023-12-01,2,1,1,1,4,1,1,1,1,8,unanimous,0.04822907551955413,1,41,21,1.0,1.0,1.0,0.0,1.0,4
2023-12-04,2,1,1,1,4,1,1,1,1,8,unanimous,0.041447946988539375,1,41,22,1.0,1.0,1.0,0.0,1.0,4
2023-12-05,2,1,1,1,4,1,1,1,1,8,unanimous,0.03958795285992289,1,41,23,1.0,1.0,1.0,0.0,1.0,4
2023-12-06,2,1,1,1,4,1,1,1,1,8,unanimous,0.03464404781538699,1,41,24,1.0,1.0,1.0,0.0,1.0,4
2023-12-07,2,1,1,1,4,1,1,1,1,8,unanimous,0.041311435635196125,1,41,25,1.0,1.0,1.0,0.0,1.0,4
2023-12-08,2,1,1,1,4,1,1,1,1,8,unanimous,0.04390759197058414,1,41,26,1.0,1.0,1.0,0.0,1.0,4
2023-12-11,2,1,1,1,4,1,1,1,1,8,unanimous,0.044824748327225494,1,41,27,1.0,1.0,1.0,0.0,1.0,4
2023-12-12,2,1,1,1,4,1,1,1,1,8,unanimous,0.04910417727965599,1,41,28,1.0,1.0,1.0,0.0,1.0,4
2023-12-13,2,1,1,1,4,1,1,1,1,8,unanimous,0.06037047319541722,1,41,29,1.0,1.0,1.0,0.0,1.0,4
2023-12-14,2,1,1,1,4,1,1,1,1,8,unanimous,0.06255232205159156,1,41,30,1.0,1.0,1.0,0.0,1.0,4
2023-12-15,2,1,1,1,4,1,1,1,1,8,unanimous,0.06215378217688439,1,41,31,1.0,1.0,1.0,0.0,1.0,4
2023-12-18,2,1,1,1,4,1,1,1,1,8,unanimous,0.06599419847953347,1,41,32,1.0,1.0,1.0,0.0,1.0,4
2023-12-19,2,1,1,1,4,1,1,1,1,8,unanimous,0.07110610501147219,1,41,33,1.0,1.0,1.0,0.0,1.0,4
2023-12-20,2,1,1,1,4,1,1,1,1,8,unanimous,0.05687698391991913,1,41,34,1.0,1.0,1.0,0.0,1.0,4
2023-12-21,2,1,1,1,4,1,1,1,1,8,unanimous,0.06623466566937342,1,41,35,1.0,1.0,1.0,0.0,1.0,4
2023-12-22,2,1,1,1,4,1,1,1,1,8,unanimous,0.06705354750482784,1,41,36,1.0,1.0,1.0,0.0,1.0,4
2023-12-26,2,1,1,2,4,1,1,1,1,8,unanimous,0.06932861008119151,1,41,37,1.0,1.0,1.0,0.0,1.0,4
2023-12-27,2,1,1,2,4,1,1,1,1,8,unanimous,0.06893400637685854,1,41,38,1.0,1.0,1.0,0.0,1.0,4
2023-12-28,2,1,1,2,4,1,1,1,1,8,unanimous,0.06732213844831736,1,41,39,1.0,1.0,1.0,0.0,1.0,4
2023-12-29,2,1,1,2,4,1,1,1,1,8,unanimous,0.062832124366061,1,41,40,1.0,1.0,1.0,0.0,1.0,4
2024-01-02,1,1,1,2,4,1,1,1,1,8,unanimous,0.05566859566979476,1,41,41,1.0,1.0,1.0,0.0,1.0,4
2024-01-03,1,1,1,2,4,1,1,1,1,7,strong,0.046472682413857824,1,41,42,1.0,1.0,1.0,0.0,1.0,4
2024-01-04,1,1,1,2,4,1,1,1,1,6,lean,0.041857937733943085,1,41,43,1.0,1.0,1.0,0.0,1.0,4
2024-01-05,1,1,1,2,4,1,1,1,1,6,lean,0.04241168314430377,1,41,44,1.0,1.0,1.0,0.0,1.0,4
2024-01-08,1,1,1,2,4,1,1,1,1,8,unanimous,0.054599945061404864,1,41,45,1.0,1.0,1.0,0.0,1.0,4
2024-01-09,1,1,1,2,4,1,1,1,1,8,unanimous,0.051725684784380666,1,41,46,1.0,1.0,1.0,0.0,1.0,4
2024-01-10,1,1,1,2,4,1,1,1,1,8,unanimous,0.055549229075366635,1,41,47,1.0,1.0,1.0,0.0,1.0,4
2024-01-11,1,1,1,2,4,1,1,1,1,7,strong,0.05346193710166314,1,41,48,1.0,1.0,1.0,0.0,1.0,4
2024-01-12,1,1,1,2,4,1,1,1,1,8,unanimous,0.052730084191648485,1,41,49,1.0,1.0,1.0,0.0,1.0,4
2024-01-16,1,1,1,2,4,1,1,1,1,7,strong,0.04751354716834755,1,41,50,1.0,1.0,1.0,0.0,1.0,4
2024-01-17,1,1,1,2,4,1,1,1,1,6,lean,0.04038811310856116,1,41,51,1.0,1.0,1.0,0.0,1.0,4
2024-01-18,1,1,1,2,4,1,1,1,1,8,unanimous,0.0469380652047553,1,41,52,1.0,1.0,1.0,0.0,1.0,4
2024-01-19,1,1,1,2,4,1,1,1,1,8,unanimous,0.056556054704618774,1,41,53,1.0,1.0,1.0,0.0,1.0,4
2024-01-22,1,1,1,2,4,1,1,1,1,8,unanimous,0.056552629348679107,1,41,54,1.0,1.0,1.0,0.0,1.0,4
2024-01-23,1,1,1,2,4,1,1,1,1,8,unanimous,0.05698845105409511,1,41,55,1.0,1.0,1.0,0.0,1.0,4
2024-01-24,1,1,1,2,4,1,1,1,1,8,unanimous,0.055221253824795036,1,41,56,1.0,1.0,1.0,0.0,1.0,4
2024-01-25,1,1,1,2,4,1,1,1,1,8,unanimous,0.05756368978155779,1,41,57,1.0,1.0,1.0,0.0,1.0,4
2024-01-26,1,1,1,2,4,1,1,1,1,8,unanimous,0.05442850020301593,1,41,58,1.0,1.0,1.0,0.0,1.0,4
2024-01-29,1,1,1,2,4,1,1,1,1,8,unanimous,0.05912252735868195,1,41,59,1.0,1.0,1.0,0.0,1.0,4
2024-01-30,1,1,1,2,4,1,1,1,1,8,unanimous,0.05618219129048141,1,41,60,1.0,1.0,1.0,0.0,1.0,4
2024-01-31,1,1,1,2,4,1,1,1,1,8,unanimous,0.038608638008442164,1,41,61,1.0,1.0,1.0,0.0,1.0,4
2024-02-01,1,1,1,2,4,1,1,1,1,8,unanimous,0.04878826388661728,1,41,62,1.0,1.0,1.0,0.0,1.0,4
2024-02-02,1,1,1,2,4,1,1,1,1,8,unanimous,0.056997488847475686,1,41,63,1.0,1.0,1.0,0.0,1.0,4
2024-02-05,1,1,1,2,4,1,1,1,1,8,unanimous,0.051993521134483744,1,41,64,1.0,1.0,1.0,0.0,1.0,4
2024-02-06,1,1,1,2,4,1,1,1,1,8,unanimous,0.0522628104888454,1,41,65,1.0,1.0,1.0,0.0,1.0,4
2024-02-07,2,1,1,2,4,1,1,1,1,8,unanimous,0.057950446562838875,1,41,66,1.0,1.0,1.0,0.0,1.0,4
2024-02-08,2,1,1,2,4,1,1,1,1,8,unanimous,0.05652134495833694,1,41,67,1.0,1.0,1.0,0.0,1.0,4
2024-02-09,2,1,1,2,4,1,1,1,1,8,unanimous,0.0599310485981005,1,41,68,1.0,1.0,1.0,0.0,1.0,4
2024-02-12,2,1,1,2,4,1,1,1,1,8,unanimous,0.05724625246221593,1,41,69,1.0,1.0,1.0,0.0,1.0,4
2024-02-13,1,1,1,2,4,1,1,1,1,8,unanimous,0.04240025305336448,1,41,70,1.0,1.0,1.0,0.0,1.0,4
2024-02-14,2,1,1,2,4,1,1,1,1,8,unanimous,0.05227554785685762,1,41,71,1.0,1.0,1.0,0.0,1.0,4
2024-02-15,1,1,1,2,4,1,1,1,1,8,unanimous,0.05383729888536681,1,41,72,1.0,1.0,1.0,0.0,1.0,4
2024-02-16,1,1,1,2,4,1,1,1,1,8,unanimous,0.04763723272492726,1,41,73,1.0,1.0,1.0,0.0,1.0,4
2024-02-20,1,1,1,2,4,1,1,1,1,8,unanimous,0.04029129728564096,1,41,74,1.0,1.0,1.0,0.0,1.0,4
2024-02-21,1,1,1,2,4,1,1,1,1,8,unanimous,0.04007787656165007,1,41,75,1.0,1.0,1.0,0.0,1.0,4
2024-02-22,1,1,1,2,4,1,1,1,1,8,unanimous,0.058527198060380425,1,41,76,1.0,1.0,1.0,0.0,1.0,4
2024-02-23,1,3,1,2,4,1,1,-1,1,8,unanimous,0.05706742686264954,1,41,77,1.0,1.0,1.0,0.0,1.0,3
2024-02-26,2,1,1,2,4,1,1,1,1,8,unanimous,0.051698162520430135,1,41,78,1.0,1.0,1.0,0.0,1.0,4
2024-02-27,1,1,1,2,4,1,1,1,1,8,unanimous,0.05158147181604855,1,41,79,1.0,1.0,1.0,0.0,1.0,4
2024-02-28,1,1,1,2,4,1,1,1,1,8,unanimous,0.04829993806681665,1,41,80,1.0,1.0,1.0,0.0,1.0,4
2024-02-29,2,1,1,2,4,1,1,1,1,8,unanimous,0.05167039554991404,1,41,81,1.0,1.0,1.0,0.0,1.0,4
2024-03-01,2,1,1,2,4,1,1,1,1,8,unanimous,0.0574670393585448,1,41,82,1.0,1.0,1.0,0.0,1.0,4
2024-03-04,1,1,1,2,4,1,1,1,1,8,unanimous,0.05445844711212999,1,41,83,1.0,1.0,1.0,0.0,1.0,4
2024-03-05,1,1,1,2,4,1,1,1,1,8,unanimous,0.0427801656909893,1,41,84,1.0,1.0,1.0,0.0,1.0,4
2024-03-06,1,2,1,2,4,1,1,1,1,8,unanimous,0.0460390710307228,1,41,85,1.0,1.0,1.0,0.0,1.0,4
2024-03-07,1,1,1,2,4,1,1,1,1,8,unanimous,0.054124071621608705,1,41,86,1.0,1.0,1.0,0.0,1.0,4
2024-03-08,1,2,1,2,4,1,1,1,1,8,unanimous,0.046138809352883614,1,41,87,1.0,1.0,1.0,0.0,1.0,4
2024-03-11,1,0,1,2,4,1,1,1,1,8,unanimous,0.04347755864899272,1,41,88,1.0,1.0,1.0,0.0,1.0,4
2024-03-12,1,2,1,2,4,1,1,1,1,8,unanimous,0.05272807990354966,1,41,89,1.0,1.0,1.0,0.0,1.0,4
2024-03-13,1,2,1,2,4,1,1,1,1,8,unanimous,0.04940613745193745,1,41,90,1.0,1.0,1.0,0.0,1.0,4
2024-03-14,1,2,2,2,4,1,1,1,1,8,unanimous,0.04520094895546767,1,41,91,1.0,1.0,1.0,0.0,1.0,4
2024-03-15,0,2,2,2,4,1,1,1,1,7,strong,0.03761291213669815,1,41,92,1.0,1.0,1.0,0.0,1.0,4
2024-03-18,1,2,2,2,4,1,1,1,1,8,unanimous,0.04250735583704657,1,41,93,1.0,1.0,1.0,0.0,1.0,4
2024-03-19,1,2,2,2,4,1,1,1,1,8,unanimous,0.046409648401341874,1,41,94,1.0,1.0,1.0,0.0,1.0,4
2024-03-20,1,2,2,2,4,1,1,1,1,8,unanimous,0.05342497648404965,1,41,95,1.0,1.0,1.0,0.0,1.0,4
2024-03-21,1,2,2,2,4,1,1,1,1,8,unanimous,0.054958943380906566,1,41,96,1.0,1.0,1.0,0.0,1.0,4
2024-03-22,1,3,3,2,4,1,1,-1,-1,8,unanimous,0.05212044644483593,1,41,97,1.0,1.0,1.0,0.0,1.0,2
2024-03-25,1,3,3,2,4,1,1,-1,-1,8,unanimous,0.04774574859504188,1,41,98,1.0,1.0,1.0,0.0,1.0,2
2024-03-26,1,2,1,2,4,1,1,1,1,8,unanimous,0.04365578150590188,1,41,99,1.0,1.0,1.0,0.0,1.0,4
2024-03-27,1,3,3,2,4,1,1,-1,-1,8,unanimous,0.05043827928649258,1,41,100,1.0,1.0,1.0,0.0,1.0,2
2024-03-28,1,2,2,2,4,1,1,1,1,8,unanimous,0.049866142065614794,1,41,101,1.0,1.0,1.0,0.0,1.0,4
2024-04-01,1,0,1,2,4,1,1,1,1,8,unanimous,0.046172858736210465,1,41,102,1.0,1.0,1.0,0.0,1.0,4
2024-04-02,1,2,1,2,4,1,1,1,1,8,unanimous,0.03741042926865057,1,41,103,1.0,1.0,1.0,0.0,1.0,4
2024-04-03,1,0,1,2,4,1,1,1,1,8,unanimous,0.036805583165056555,1,41,104,1.0,1.0,1.0,0.0,1.0,4
2024-04-04,0,0,0,2,4,1,1,1,1,6,lean,0.023301805932953723,1,41,105,1.0,1.0,1.0,0.0,1.0,4
2024-04-05,0,0,0,2,4,1,1,1,1,7,strong,0.03275092957185943,1,41,106,1.0,1.0,1.0,0.0,1.0,4
2024-04-08,0,0,0,2,4,1,1,1,1,7,strong,0.03101719278330206,1,41,107,1.0,1.0,1.0,0.0,1.0,4
2024-04-09,0,0,0,2,4,1,1,1,1,7,strong,0.03104246894761087,1,41,108,1.0,1.0,1.0,0.0,1.0,4
2024-04-10,0,0,0,2,4,1,1,1,1,5,mixed,0.020392190830319734,1,41,109,1.0,1.0,1.0,0.0,1.0,4
2024-04-11,0,0,0,2,4,1,1,1,1,6,lean,0.02634467069340718,1,41,110,1.0,1.0,1.0,0.0,1.0,4
2024-04-12,0,0,0,0,4,1,1,1,1,4,mixed,0.010446860924857804,1,41,111,1.0,1.0,1.0,0.0,1.0,4
2024-04-15,0,0,0,3,4,-1,1,1,1,3,mixed,0.002740389634996232,1,41,1,1.0,1.0,1.0,0.0,0.0,1
2024-04-16,0,4,0,3,4,-1,1,-1,1,3,mixed,0.005551698053668286,1,41,2,1.0,1.0,1.0,0.0,0.0,2
2024-04-17,0,4,4,3,4,-1,1,-1,-1,3,mixed,0.012076464358101058,1,41,3,1.0,1.0,1.0,0.0,0.0,3
2024-04-18,0,4,4,3,4,-1,1,-1,-1,3,mixed,0.014849322150924937,1,41,4,1.0,1.0,-1.0,0.0,0.0,3
2024-04-19,5,4,4,3,4,-1,-1,-1,-1,3,mixed,0.02430294553002188,1,41,5,1.0,1.0,-1.0,0.0,0.0,4
2024-04-22,4,4,4,3,4,-1,-1,-1,-1,3,mixed,0.01568408424703671,1,41,6,1.0,1.0,-1.0,0.0,0.0,4
2024-04-23,4,4,4,3,4,-1,-1,-1,-1,3,mixed,0.004075414492904494,1,41,7,1.0,1.0,-1.0,0.0,0.0,4
2024-04-24,4,4,4,3,4,-1,-1,-1,-1,3,mixed,0.00433821008044144,1,41,8,1.0,1.0,-1.0,0.0,0.0,4
2024-04-25,4,4,4,3,4,-1,-1,-1,-1,3,mixed,0.009448008414855824,1,41,9,1.0,1.0,-1.0,0.0,0.0,4
2024-04-26,4,4,4,0,4,1,-1,-1,-1,4,mixed,7.955850044916168e-05,1,41,1,1.0,1.0,-1.0,0.0,1.0,1
2024-04-29,4,4,4,0,4,1,-1,-1,-1,6,lean,0.010623200262342203,1,41,2,1.0,1.0,-1.0,0.0,1.0,1
2024-04-30,4,4,4,3,4,-1,-1,-1,-1,3,mixed,0.0031217598832862237,1,41,1,1.0,1.0,-1.0,0.0,0.0,4
2024-05-01,4,4,4,3,4,-1,-1,-1,-1,3,mixed,0.0007611652571211103,1,41,2,1.0,1.0,-1.0,0.0,0.0,4
2024-05-02,4,4,4,1,4,1,-1,-1,-1,4,mixed,0.010481433608041768,1,41,1,1.0,1.0,-1.0,0.0,1.0,1
2024-05-03,4,4,4,1,4,1,-1,-1,-1,6,lean,0.025884441339766084,1,41,2,1.0,1.0,-1.0,0.0,1.0,1
2024-05-06,4,4,4,1,4,1,-1,-1,-1,7,strong,0.032840893197046306,1,41,3,1.0,1.0,-1.0,0.0,1.0,1
2024-05-07,3,4,4,1,4,1,-1,-1,-1,7,strong,0.022582336336794184,1,41,4,1.0,1.0,-1.0,0.0,1.0,1
2024-05-08,3,4,4,1,4,1,-1,-1,-1,8,unanimous,0.02236843145574674,1,41,5,1.0,1.0,-1.0,0.0,1.0,1
2024-05-09,3,4,4,1,4,1,-1,-1,-1,8,unanimous,0.03177169390723511,1,41,6,1.0,1.0,-1.0,0.0,1.0,1
2024-05-10,3,4,3,1,4,1,-1,-1,-1,8,unanimous,0.02704341427479673,1,41,7,1.0,1.0,-1.0,0.0,1.0,1
2024-05-13,3,4,4,1,4,1,-1,-1,-1,8,unanimous,0.030566416806970365,1,41,8,1.0,1.0,-1.0,0.0,1.0,1
2024-05-14,3,4,4,1,4,1,-1,-1,-1,8,unanimous,0.0402140453212555,1,41,9,1.0,1.0,-1.0,0.0,1.0,1
2024-05-15,3,3,3,1,4,1,-1,-1,-1,8,unanimous,0.05386809842728757,1,41,10,1.0,1.0,-1.0,0.0,1.0,1
2024-05-16,3,3,3,1,4,1,-1,-1,-1,8,unanimous,0.05062695393876937,1,41,11,1.0,1.0,-1.0,0.0,1.0,1
2024-05-17,3,3,3,1,4,1,-1,-1,-1,8,unanimous,0.04077488673565843,1,41,12,1.0,1.0,-1.0,0.0,1.0,1
2024-05-20,3,3,3,1,4,1,-1,-1,-1,8,unanimous,0.04131965173557295,1,41,13,1.0,1.0,-1.0,0.0,1.0,1
2024-05-21,3,3,3,1,4,1,-1,-1,-1,8,unanimous,0.047141705712698045,1,41,14,1.0,1.0,-1.0,0.0,1.0,1
2024-05-22,3,3,3,1,4,1,-1,-1,-1,8,unanimous,0.04311836607611763,1,41,15,1.0,1.0,-1.0,0.0,1.0,1
2024-05-23,3,3,3,1,4,1,-1,-1,-1,8,unanimous,0.03760176542952631,1,41,16,1.0,1.0,-1.0,0.0,1.0,1
2024-05-24,3,3,3,2,4,1,-1,-1,-1,8,unanimous,0.03859963308400072,1,41,17,1.0,1.0,-1.0,0.0,1.0,1
2024-05-28,3,3,3,2,4,1,-1,-1,-1,8,unanimous,0.03184294873269611,1,41,18,1.0,1.0,-1.0,0.0,1.0,1
2024-05-29,3,3,3,2,4,1,-1,-1,-1,8,unanimous,0.025821394726883495,1,41,19,1.0,1.0,-1.0,0.0,1.0,1
2024-05-30,3,3,3,2,4,1,-1,-1,-1,6,lean,0.029835797035221212,1,41,20,1.0,1.0,-1.0,0.0,1.0,1
2024-05-31,3,2,2,2,4,1,-1,1,1,7,strong,0.032733241182272166,1,41,21,1.0,1.0,-1.0,0.0,1.0,3
2024-06-03,3,2,3,2,4,1,-1,1,-1,7,strong,0.02385585823374603,1,41,22,1.0,1.0,-1.0,0.0,1.0,2
2024-06-04,3,3,3,2,4,1,-1,-1,-1,7,strong,0.022504420747367138,1,41,23,1.0,1.0,-1.0,0.0,1.0,1
2024-06-05,3,3,3,0,4,1,-1,-1,-1,8,unanimous,0.03355986912144826,1,41,24,1.0,1.0,-1.0,0.0,1.0,1
2024-06-06,3,3,3,0,4,1,-1,-1,-1,8,unanimous,0.03244037074372619,1,41,25,1.0,1.0,-1.0,0.0,1.0,1
2024-06-07,3,3,3,0,4,1,-1,-1,-1,8,unanimous,0.0306221108749839,1,41,26,1.0,1.0,-1.0,0.0,1.0,1
2024-06-10,3,3,3,0,4,1,-1,-1,-1,8,unanimous,0.03204809528522534,1,41,27,1.0,1.0,-1.0,0.0,1.0,1
2024-06-11,3,3,3,0,4,1,-1,-1,-1,8,unanimous,0.033270983572563306,1,41,28,1.0,1.0,1.0,0.0,1.0,1
2024-06-12,3,2,3,0,4,1,-1,1,-1,8,unanimous,0.040716125044471196,1,41,29,1.0,1.0,1.0,0.0,1.0,2
2024-06-13,3,1,1,0,4,1,-1,1,1,8,unanimous,0.04220357564474875,1,41,30,1.0,1.0,1.0,0.0,1.0,3
2024-06-14,3,1,1,0,4,1,-1,1,1,8,unanimous,0.03810663096461431,1,41,31,1.0,-1.0,1.0,0.0,1.0,3
2024-06-17,3,3,3,0,4,1,-1,-1,-1,8,unanimous,0.04299148482587489,1,41,32,1.0,-1.0,1.0,0.0,1.0,1
2024-06-18,3,1,3,0,4,1,-1,1,-1,8,unanimous,0.04608132619564409,1,41,33,1.0,-1.0,1.0,0.0,1.0,2
2024-06-20,3,1,1,0,4,1,-1,1,1,8,unanimous,0.046294692019404615,1,41,34,1.0,-1.0,1.0,0.0,1.0,3
2024-06-21,2,2,2,0,4,1,1,1,1,8,unanimous,0.04396638497785166,1,41,35,1.0,-1.0,1.0,0.0,1.0,4
2024-06-24,2,1,1,0,4,1,1,1,1,8,unanimous,0.03659776729688835,1,41,36,1.0,-1.0,1.0,0.0,1.0,4
2024-06-25,3,1,1,0,4,1,-1,1,1,8,unanimous,0.0393011381177214,1,41,37,1.0,-1.0,1.0,0.0,1.0,3
2024-06-26,3,1,1,1,4,1,-1,1,1,8,unanimous,0.042740810709652854,1,41,38,1.0,-1.0,1.0,0.0,1.0,3
2024-06-27,2,1,1,1,4,1,1,1,1,8,unanimous,0.04434395434347671,1,41,39,1.0,-1.0,1.0,0.0,1.0,4
2024-06-28,2,1,1,1,4,1,1,1,1,8,unanimous,0.041205168923755475,1,41,40,1.0,-1.0,1.0,0.0,1.0,4
2024-07-01,2,1,1,1,4,1,1,1,1,8,unanimous,0.04117604546506548,1,41,41,-1.0,-1.0,1.0,1.0,1.0,4
2024-07-02,2,1,1,1,4,1,1,1,1,8,unanimous,0.046246693688119844,1,41,42,-1.0,-1.0,1.0,1.0,1.0,4
2024-07-03,2,1,1,1,4,1,1,1,1,8,unanimous,0.05013288686332984,1,41,43,-1.0,-1.0,1.0,1.0,1.0,4
2024-07-05,2,1,1,1,4,1,1,1,1,8,unanimous,0.05428456515477653,1,41,44,-1.0,-1.0,1.0,1.0,1.0,4
2024-07-08,2,1,1,1,4,1,1,1,1,8,unanimous,0.05400862420902841,1,41,45,-1.0,-1.0,1.0,1.0,1.0,4
2024-07-09,2,1,1,1,4,1,1,1,1,8,unanimous,0.05357315718642075,1,41,46,-1.0,-1.0,1.0,1.0,1.0,4
2024-07-10,2,1,1,1,4,1,1,1,1,8,unanimous,0.061772191445943925,1,41,47,-1.0,-1.0,1.0,1.0,1.0,4
2024-07-11,1,1,1,1,4,1,1,1,1,8,unanimous,0.05174148833151093,1,41,48,-1.0,-1.0,1.0,1.0,1.0,4
2024-07-12,1,1,1,1,4,1,1,1,1,8,unanimous,0.055335173542031435,1,41,49,-1.0,-1.0,1.0,1.0,1.0,4
2024-07-15,1,1,1,1,4,1,1,1,1,8,unanimous,0.056212198175081496,1,41,50,-1.0,-1.0,1.0,1.0,1.0,4
2024-07-16,1,1,1,1,4,1,1,1,1,8,unanimous,0.06034956666772495,-1,42,51,-1.0,-1.0,1.0,0.0,0.0,4
2024-07-17,0,1,1,1,4,1,1,1,1,8,unanimous,0.04495469928986606,-1,42,52,-1.0,-1.0,1.0,0.0,0.0,4
2024-07-18,0,1,1,1,4,1,1,1,1,8,unanimous,0.0356650018206951,-1,42,53,-1.0,-1.0,1.0,0.0,0.0,4
2024-07-19,0,1,1,2,4,1,1,1,1,6,lean,0.027270369879943468,-1,42,54,-1.0,-1.0,1.0,0.0,0.0,4
2024-07-22,0,1,0,2,4,1,1,1,1,7,strong,0.036335978214774856,-1,42,55,-1.0,-1.0,1.0,0.0,0.0,4
2024-07-23,0,1,0,2,4,1,1,1,1,7,strong,0.033257992518176405,-1,42,56,-1.0,-1.0,1.0,0.0,0.0,4
2024-07-24,5,5,5,2,4,1,-1,-1,-1,4,mixed,0.008925035377977175,-1,42,57,-1.0,-1.0,1.0,0.0,0.0,1
2024-07-25,5,5,5,2,4,1,-1,-1,-1,4,mixed,0.002825806286208321,-1,42,58,-1.0,-1.0,1.0,0.0,0.0,1
2024-07-26,5,5,5,2,4,1,-1,-1,-1,4,mixed,0.01263495849940155,-1,42,59,-1.0,-1.0,1.0,0.0,0.0,1
2024-07-29,4,0,5,2,4,1,-1,1,-1,5,mixed,0.012070156667261966,-1,42,60,-1.0,-1.0,1.0,0.0,0.0,2
2024-07-30,5,5,5,0,4,1,-1,-1,-1,4,mixed,0.00590040816984172,-1,42,61,-1.0,-1.0,1.0,0.0,0.0,1
2024-07-31,0,5,5,0,4,1,1,-1,-1,6,lean,0.020409200448279985,-1,42,62,-1.0,-1.0,1.0,0.0,0.0,2
2024-08-01,5,5,5,0,4,1,-1,-1,-1,4,mixed,0.0057460597049084905,-1,42,63,-1.0,-1.0,1.0,0.0,0.0,1
2024-08-02,5,5,5,3,4,-1,-1,-1,-1,3,mixed,0.013693413726948878,-1,42,1,-1.0,-1.0,1.0,0.0,1.0,4
2024-08-05,5,5,5,3,4,-1,-1,-1,-1,1,strong,0.04553040183997492,-1,42,2,-1.0,-1.0,1.0,0.0,1.0,4
2024-08-06,5,5,5,3,4,-1,-1,-1,-1,2,lean,0.034726071029776096,-1,42,3,-1.0,-1.0,1.0,0.0,1.0,4
2024-08-07,5,4,5,3,4,-1,-1,-1,-1,1,strong,0.04284825326465547,-1,42,4,-1.0,-1.0,1.0,0.0,1.0,4
2024-08-08,5,4,4,3,4,-1,-1,-1,-1,3,mixed,0.015022654323543216,-1,42,5,-1.0,1.0,1.0,0.0,1.0,4
2024-08-09,4,4,4,3,4,-1,-1,-1,-1,3,mixed,0.014780400503257018,-1,42,6,-1.0,1.0,1.0,0.0,1.0,4
2024-08-12,4,4,4,3,4,-1,-1,-1,-1,3,mixed,0.01485093495241152,-1,42,7,-1.0,1.0,1.0,0.0,1.0,4
2024-08-13,4,4,4,0,4,1,-1,-1,-1,5,mixed,0.0035008043215868367,-1,42,1,-1.0,1.0,1.0,0.0,0.0,1
2024-08-14,4,4,4,0,4,1,-1,-1,-1,5,mixed,0.008780871135220969,-1,42,2,-1.0,1.0,1.0,0.0,0.0,1
2024-08-15,4,4,4,0,4,1,-1,-1,-1,7,strong,0.025367196051642282,-1,42,3,-1.0,1.0,1.0,0.0,0.0,1
2024-08-16,4,4,4,0,4,1,-1,-1,-1,8,unanimous,0.037392976802673616,-1,42,4,-1.0,1.0,1.0,0.0,0.0,1
2024-08-19,3,3,3,1,4,1,-1,-1,-1,8,unanimous,0.05029795584899954,-1,42,5,-1.0,1.0,1.0,0.0,0.0,1
2024-08-20,3,3,3,1,4,1,-1,-1,-1,8,unanimous,0.04776022051595019,-1,42,6,-1.0,1.0,1.0,0.0,0.0,1
2024-08-21,3,3,3,1,4,1,-1,-1,-1,8,unanimous,0.05116438671975865,-1,42,7,-1.0,1.0,1.0,0.0,0.0,1
2024-08-22,3,3,3,1,4,1,-1,-1,-1,8,unanimous,0.04192848429306817,-1,42,8,1.0,1.0,1.0,1.0,0.0,1
2024-08-23,3,3,3,1,4,1,-1,-1,-1,8,unanimous,0.05154743878968582,-1,42,9,1.0,1.0,1.0,1.0,0.0,1
2024-08-26,3,3,3,1,4,1,-1,-1,-1,8,unanimous,0.048391822469112444,-1,42,10,1.0,1.0,1.0,1.0,0.0,1
2024-08-27,3,3,3,1,4,1,-1,-1,-1,8,unanimous,0.03401643064987803,-1,42,11,1.0,1.0,1.0,1.0,0.0,1
2024-08-28,3,3,3,1,4,1,-1,-1,-1,8,unanimous,0.024493169128731562,-1,42,12,1.0,1.0,1.0,1.0,0.0,1
2024-08-29,3,3,3,1,4,1,-1,-1,-1,8,unanimous,0.025980118987099066,-1,42,13,1.0,1.0,1.0,1.0,0.0,1
2024-08-30,3,5,5,1,4,1,-1,-1,-1,8,unanimous,0.05073505958038127,-1,42,14,1.0,1.0,1.0,1.0,0.0,1
2024-09-03,3,5,5,1,4,1,-1,-1,-1,7,strong,0.02933213253581546,-1,42,15,1.0,1.0,1.0,1.0,0.0,1
2024-09-04,3,5,5,1,4,1,-1,-1,-1,7,strong,0.027170478730362824,-1,42,16,1.0,1.0,1.0,1.0,0.0,1
2024-09-05,3,5,5,1,4,1,-1,-1,-1,6,lean,0.023497541487186413,-1,42,17,1.0,1.0,1.0,1.0,0.0,1
2024-09-06,4,5,5,1,4,1,-1,-1,-1,4,mixed,0.0055221055538486885,1,43,18,1.0,1.0,1.0,0.0,1.0,1
2024-09-09,4,5,4,1,4,1,-1,-1,-1,4,mixed,0.009142673036606874,1,43,19,1.0,1.0,1.0,0.0,1.0,1
2024-09-10,3,5,5,1,4,1,-1,-1,-1,5,mixed,0.011241845164185138,1,43,20,1.0,1.0,1.0,0.0,1.0,1
2024-09-11,3,0,3,2,4,1,-1,1,-1,6,lean,0.02155147782943756,1,43,21,1.0,1.0,1.0,0.0,1.0,2
2024-09-12,3,0,3,2,4,1,-1,1,-1,8,unanimous,0.021896898774846574,1,43,22,1.0,1.0,1.0,0.0,1.0,2
2024-09-13,3,0,3,2,4,1,-1,1,-1,8,unanimous,0.024704895093242252,1,43,23,1.0,1.0,1.0,0.0,1.0,2
2024-09-16,3,0,3,2,4,1,-1,1,-1,7,strong,0.025666076418691897,1,43,24,1.0,1.0,1.0,0.0,1.0,2
2024-09-17,3,3,3,2,4,1,-1,-1,-1,8,unanimous,0.02561123085464445,1,43,25,1.0,1.0,1.0,0.0,1.0,1
2024-09-18,3,0,3,2,4,1,-1,1,-1,8,unanimous,0.022420943396998405,1,43,26,1.0,1.0,1.0,0.0,1.0,2
2024-09-19,3,3,3,2,4,1,-1,-1,-1,8,unanimous,0.03788238038855585,1,43,27,1.0,1.0,1.0,0.0,1.0,1
2024-09-20,2,3,2,0,4,1,1,-1,1,8,unanimous,0.039394641000607744,1,43,28,1.0,1.0,1.0,0.0,1.0,3
2024-09-23,3,3,3,0,4,1,-1,-1,-1,8,unanimous,0.041216547891578914,1,43,29,1.0,1.0,1.0,0.0,1.0,1
2024-09-24,3,3,3,0,4,1,-1,-1,-1,8,unanimous,0.04141166017561815,1,43,30,1.0,1.0,1.0,0.0,1.0,1
2024-09-25,3,3,3,0,4,1,-1,-1,-1,8,unanimous,0.034360556423603805,1,43,31,1.0,1.0,1.0,0.0,1.0,1
2024-09-26,3,2,3,0,4,1,-1,1,-1,8,unanimous,0.03735237212694176,1,43,32,1.0,1.0,1.0,0.0,1.0,2
2024-09-27,3,2,3,0,4,1,-1,1,-1,8,unanimous,0.03482999292304345,1,43,33,1.0,1.0,1.0,0.0,1.0,2
2024-09-30,3,2,3,0,4,1,-1,1,-1,8,unanimous,0.037139056732315656,1,43,34,1.0,1.0,1.0,0.0,1.0,2
2024-10-01,3,2,2,0,4,1,-1,1,1,8,unanimous,0.028785367079323665,1,43,35,1.0,1.0,1.0,0.0,1.0,3
2024-10-02,3,2,2,0,4,1,-1,1,1,8,unanimous,0.028528587609622513,1,43,36,1.0,1.0,1.0,0.0,1.0,3
2024-10-03,3,2,3,0,4,1,-1,1,-1,7,strong,0.026667500833480795,1,43,37,1.0,1.0,1.0,0.0,1.0,2
2024-10-04,3,3,3,0,4,1,-1,-1,-1,8,unanimous,0.034980814274824246,1,43,38,1.0,1.0,1.0,0.0,1.0,1
2024-10-07,3,2,3,0,4,1,-1,1,-1,7,strong,0.02523672821698253,1,43,39,1.0,1.0,1.0,0.0,1.0,2
2024-10-08,3,3,3,0,4,1,-1,-1,-1,8,unanimous,0.03440017686281438,1,43,40,1.0,1.0,1.0,0.0,1.0,1
2024-10-09,3,3,3,0,4,1,-1,-1,-1,8,unanimous,0.04097476928731825,1,43,41,1.0,1.0,1.0,0.0,1.0,1
2024-10-10,3,3,3,1,4,1,-1,-1,-1,8,unanimous,0.03317960772599582,1,43,42,1.0,1.0,1.0,0.0,1.0,1
2024-10-11,3,3,3,1,4,1,-1,-1,-1,8,unanimous,0.04348604973659698,1,43,43,1.0,1.0,1.0,0.0,1.0,1
2024-10-14,2,3,3,1,4,1,1,-1,-1,8,unanimous,0.049905413954662525,1,43,44,1.0,1.0,1.0,0.0,1.0,2
2024-10-15,2,2,2,1,5,1,1,1,1,8,unanimous,0.04175917602271573,1,43,45,1.0,1.0,1.0,0.0,1.0,4
2024-10-16,2,2,2,1,5,1,1,1,1,8,unanimous,0.04546916963162029,1,43,46,1.0,1.0,1.0,0.0,1.0,4
2024-10-17,2,2,2,1,5,1,1,1,1,8,unanimous,0.04410064472591213,1,43,47,1.0,1.0,1.0,0.0,1.0,4
2024-10-18,2,3,2,1,5,1,1,-1,1,8,unanimous,0.046603909611647065,1,43,48,1.0,1.0,1.0,0.0,1.0,3
2024-10-21,2,3,2,1,5,1,1,-1,1,8,unanimous,0.04368865994946769,1,43,49,1.0,1.0,1.0,0.0,1.0,3
2024-10-22,2,3,3,1,5,1,1,-1,-1,8,unanimous,0.0421033499474639,1,43,50,1.0,1.0,1.0,0.0,1.0,2
2024-10-23,0,2,2,1,5,1,1,1,1,8,unanimous,0.03200475792452717,1,43,51,1.0,1.0,1.0,0.0,1.0,4
2024-10-24,0,2,2,1,5,1,1,1,1,8,unanimous,0.033274797380365984,1,43,52,1.0,1.0,1.0,0.0,1.0,4
2024-10-25,0,2,0,1,5,1,1,1,1,7,strong,0.031925403056456636,1,43,53,1.0,1.0,1.0,0.0,1.0,4
2024-10-28,0,2,2,1,5,1,1,1,1,7,strong,0.03314205593822939,1,43,54,1.0,1.0,1.0,0.0,1.0,4
2024-10-29,0,2,2,1,5,1,1,1,1,8,unanimous,0.032848642127681016,1,43,55,1.0,1.0,1.0,0.0,1.0,4
2024-10-30,0,2,2,1,5,1,1,1,1,7,strong,0.027917738001305814,1,43,56,1.0,1.0,1.0,0.0,1.0,4
2024-10-31,0,2,2,1,5,1,1,1,1,5,mixed,0.007654983560379636,1,43,57,1.0,1.0,1.0,0.0,1.0,4
2024-11-01,0,2,2,0,5,1,1,1,1,4,mixed,0.010557183145973537,1,43,58,1.0,1.0,1.0,0.0,1.0,4
2024-11-04,0,2,0,0,5,1,1,1,1,5,mixed,0.006625741949321418,1,43,59,1.0,1.0,1.0,0.0,1.0,4
2024-11-05,0,4,0,0,5,1,1,-1,1,6,lean,0.017582999840393243,1,43,60,1.0,1.0,1.0,0.0,1.0,3
2024-11-06,0,4,0,0,5,1,1,-1,1,8,unanimous,0.040825267585561265,1,43,61,1.0,1.0,1.0,0.0,1.0,3
2024-11-07,2,3,2,0,5,1,1,-1,1,8,unanimous,0.046556006411108686,1,43,62,1.0,1.0,1.0,0.0,1.0,3
2024-11-08,2,2,2,0,5,1,1,1,1,8,unanimous,0.04890927693380798,1,43,63,1.0,1.0,1.0,0.0,1.0,4
2024-11-11,2,2,2,0,5,1,1,1,1,8,unanimous,0.04858375028951567,1,43,64,1.0,1.0,1.0,0.0,1.0,4
2024-11-12,2,2,2,0,5,1,1,1,1,8,unanimous,0.04471021964687216,1,43,65,1.0,1.0,1.0,0.0,1.0,4
2024-11-13,2,2,2,0,5,1,1,1,1,8,unanimous,0.04383649002869261,1,43,66,1.0,1.0,1.0,0.0,1.0,4
2024-11-14,2,2,2,0,5,1,1,1,1,8,unanimous,0.04096701384614121,1,43,67,1.0,1.0,1.0,0.0,1.0,4
2024-11-15,0,3,0,0,5,1,1,-1,1,8,unanimous,0.02415763746742705,1,43,68,1.0,1.0,1.0,0.0,1.0,3
2024-11-18,0,3,3,0,5,1,1,-1,-1,8,unanimous,0.030699327778796803,1,43,69,1.0,1.0,1.0,0.0,1.0,2
2024-11-19,0,3,0,0,5,1,1,-1,1,8,unanimous,0.02918592743284676,1,43,70,1.0,1.0,-1.0,0.0,1.0,3
2024-11-20,0,3,3,0,5,1,1,-1,-1,7,strong,0.028373171667685937,1,43,71,1.0,1.0,-1.0,0.0,1.0,2
2024-11-21,0,3,3,1,5,1,1,-1,-1,7,strong,0.032608748790659225,1,43,72,1.0,1.0,-1.0,0.0,1.0,2
2024-11-22,2,3,3,1,5,1,1,-1,-1,7,strong,0.03493908318958938,1,43,73,1.0,1.0,-1.0,0.0,1.0,2
2024-11-25,2,3,2,0,5,1,1,-1,1,7,strong,0.03693673022927502,1,43,74,1.0,1.0,-1.0,0.0,1.0,3
2024-11-26,2,3,3,0,5,1,1,-1,-1,8,unanimous,0.04112565480565533,1,43,75,1.0,1.0,-1.0,0.0,1.0,2
2024-11-27,2,3,3,0,5,1,1,-1,-1,8,unanimous,0.03604970328753199,1,43,76,1.0,1.0,-1.0,0.0,1.0,2
2024-11-29,2,3,3,0,5,1,1,-1,-1,8,unanimous,0.05419580561089832,1,43,77,1.0,1.0,-1.0,0.0,1.0,2
2024-12-02,2,3,2,0,5,1,1,-1,1,8,unanimous,0.05264465124849382,1,43,78,1.0,1.0,-1.0,0.0,1.0,3
2024-12-03,2,3,2,0,5,1,1,-1,1,8,unanimous,0.05573498117941067,1,43,79,1.0,1.0,-1.0,0.0,1.0,3
2024-12-04,2,3,2,0,5,1,1,-1,1,8,unanimous,0.04990239974995847,1,43,80,1.0,1.0,-1.0,0.0,1.0,3
2024-12-05,1,3,1,0,5,1,1,-1,1,8,unanimous,0.04040552800530273,1,43,81,1.0,1.0,-1.0,0.0,1.0,3
2024-12-06,1,3,1,0,5,1,1,-1,1,8,unanimous,0.04146016502223315,1,43,82,1.0,1.0,-1.0,0.0,1.0,3
2024-12-09,1,1,1,0,5,1,1,1,1,8,unanimous,0.03423429140879686,1,43,83,1.0,1.0,-1.0,0.0,1.0,4
2024-12-10,1,1,1,0,5,1,1,1,1,8,unanimous,0.030184461309228028,1,43,84,1.0,1.0,-1.0,0.0,1.0,4
2024-12-11,1,1,1,0,5,1,1,1,1,8,unanimous,0.036924396488989264,1,43,85,1.0,1.0,-1.0,0.0,1.0,4
2024-12-12,1,3,1,0,5,1,1,-1,1,8,unanimous,0.03037686076118884,1,43,86,1.0,1.0,-1.0,0.0,1.0,3
2024-12-13,1,3,1,0,5,1,1,-1,1,8,unanimous,0.029405549405676967,1,43,87,1.0,1.0,-1.0,0.0,1.0,3
2024-12-16,1,1,1,1,5,1,1,1,1,8,unanimous,0.033496423873342396,1,43,88,1.0,1.0,-1.0,0.0,1.0,4
2024-12-17,1,1,1,1,5,1,1,1,1,8,unanimous,0.027356347346288556,1,43,89,1.0,1.0,-1.0,0.0,1.0,4
2024-12-18,4,5,5,4,5,-1,-1,-1,-1,3,mixed,0.003118362399910035,1,43,1,1.0,1.0,-1.0,0.0,0.0,4
2024-12-19,4,5,5,4,5,-1,-1,-1,-1,3,mixed,0.004419964582731861,1,43,2,1.0,1.0,-1.0,0.0,0.0,4
2024-12-20,0,5,5,0,5,1,1,-1,-1,4,mixed,0.006031994081618586,1,43,1,1.0,1.0,-1.0,0.0,1.0,2
2024-12-23,0,5,0,0,5,1,1,-1,1,6,lean,0.012676251832932861,1,43,2,1.0,1.0,-1.0,0.0,1.0,3
2024-12-24,0,3,0,0,5,1,1,-1,1,8,unanimous,0.022866199391349262,1,43,3,1.0,1.0,-1.0,0.0,1.0,3
2024-12-26,0,3,0,0,5,1,1,-1,1,7,strong,0.02153963460754471,1,43,4,1.0,1.0,-1.0,0.0,1.0,3
2024-12-27,0,3,0,0,5,1,1,-1,1,5,mixed,0.009669881369183009,1,43,5,1.0,1.0,-1.0,0.0,1.0,3
2024-12-30,4,4,4,3,5,-1,-1,-1,-1,3,mixed,0.0018205895532221739,1,43,1,1.0,1.0,-1.0,0.0,0.0,4
2024-12-31,4,4,4,3,5,-1,-1,-1,-1,3,mixed,0.006580835398823925,1,43,2,1.0,1.0,-1.0,0.0,0.0,4
2025-01-02,4,4,4,3,5,-1,-1,-1,-1,3,mixed,0.009360643639625188,1,43,3,1.0,1.0,-1.0,0.0,0.0,4
2025-01-03,4,4,4,0,5,1,-1,-1,-1,5,mixed,0.011831789820018312,1,43,1,1.0,1.0,-1.0,0.0,1.0,1
2025-01-06,4,4,4,0,5,1,-1,-1,-1,5,mixed,0.01812433800217661,1,43,2,1.0,1.0,-1.0,0.0,1.0,1
2025-01-07,4,4,4,3,5,-1,-1,-1,-1,3,mixed,0.003692706466772888,1,43,1,1.0,1.0,-1.0,0.0,0.0,4
2025-01-08,4,4,4,3,5,-1,-1,-1,-1,3,mixed,0.00247994591027334,1,43,2,1.0,1.0,-1.0,0.0,0.0,4
2025-01-10,4,4,4,3,5,-1,-1,-1,-1,2,lean,0.018341512836327345,1,43,3,1.0,1.0,1.0,0.0,0.0,4
2025-01-13,4,4,4,3,5,-1,-1,-1,-1,3,mixed,0.016773907758912854,1,43,4,1.0,1.0,1.0,0.0,0.0,4
2025-01-14,4,4,4,4,5,-1,-1,-1,-1,3,mixed,0.01559160478231969,1,43,5,1.0,1.0,1.0,0.0,0.0,4
2025-01-15,4,4,4,1,5,1,-1,-1,-1,6,lean,0.0072219938982797105,1,43,1,1.0,1.0,1.0,0.0,1.0,1
2025-01-16,4,4,4,1,5,1,-1,-1,-1,6,lean,0.009382983356787888,1,43,2,1.0,1.0,1.0,0.0,1.0,1
2025-01-17,3,4,4,1,5,1,-1,-1,-1,7,strong,0.021363617117601263,1,43,3,1.0,1.0,1.0,0.0,1.0,1
2025-01-21,3,4,3,1,5,1,-1,-1,-1,8,unanimous,0.02927311055010462,1,43,4,1.0,-1.0,1.0,0.0,1.0,1
2025-01-22,3,3,3,1,5,1,-1,-1,-1,8,unanimous,0.036029691727625934,1,43,5,1.0,-1.0,1.0,0.0,1.0,1
2025-01-23,3,3,3,1,5,1,-1,-1,-1,8,unanimous,0.03426869015198808,1,43,6,1.0,-1.0,1.0,0.0,1.0,1
2025-01-24,3,3,3,1,5,1,-1,-1,-1,8,unanimous,0.029992301129861176,1,43,7,1.0,-1.0,1.0,0.0,1.0,1
2025-01-27,3,4,3,1,5,1,-1,-1,-1,7,strong,0.025840077730946542,1,43,8,1.0,-1.0,1.0,0.0,1.0,1
2025-01-28,3,3,3,1,5,1,-1,-1,-1,8,unanimous,0.03393309841137693,1,43,9,1.0,-1.0,1.0,0.0,1.0,1
2025-01-29,3,3,3,1,5,1,-1,-1,-1,8,unanimous,0.028475787724256407,1,43,10,1.0,-1.0,1.0,0.0,1.0,1
2025-01-30,3,3,3,1,5,1,-1,-1,-1,8,unanimous,0.027050796235666863,1,43,11,1.0,-1.0,1.0,0.0,1.0,1
2025-01-31,3,3,3,1,5,1,-1,-1,-1,8,unanimous,0.026305623512398513,1,43,12,1.0,-1.0,1.0,0.0,1.0,1
2025-02-03,3,4,3,1,5,1,-1,-1,-1,7,strong,0.018245509228437262,1,43,13,1.0,-1.0,1.0,0.0,1.0,1
2025-02-04,3,4,3,1,5,1,-1,-1,-1,7,strong,0.01580184929487327,1,43,14,-1.0,-1.0,1.0,1.0,1.0,1
2025-02-05,3,4,3,1,5,1,-1,-1,-1,7,strong,0.014204467874789795,1,43,15,-1.0,-1.0,1.0,1.0,1.0,1
2025-02-06,3,3,3,0,5,1,-1,-1,-1,7,strong,0.018158701182769188,1,43,16,-1.0,-1.0,1.0,1.0,1.0,1
2025-02-07,3,5,3,0,5,1,-1,-1,-1,7,strong,0.006035733151867673,1,43,17,-1.0,-1.0,1.0,1.0,1.0,1
2025-02-10,3,3,3,0,5,1,-1,-1,-1,8,unanimous,0.01270097334703868,1,43,18,-1.0,-1.0,1.0,1.0,1.0,1
2025-02-11,3,3,3,0,5,1,-1,-1,-1,8,unanimous,0.013925972748619952,1,43,19,-1.0,-1.0,1.0,1.0,1.0,1
2025-02-12,3,3,3,0,5,1,-1,-1,-1,8,unanimous,0.011003083238566358,1,43,20,-1.0,-1.0,1.0,1.0,1.0,1
2025-02-13,3,2,3,0,5,1,-1,1,-1,8,unanimous,0.027008631580073605,1,43,21,-1.0,-1.0,1.0,1.0,1.0,2
2025-02-14,3,2,3,0,5,1,-1,1,-1,8,unanimous,0.028994402353091142,1,43,22,-1.0,-1.0,1.0,1.0,1.0,2
2025-02-18,3,2,2,0,5,1,-1,1,1,8,unanimous,0.022430169077765183,1,43,23,-1.0,-1.0,1.0,1.0,1.0,3
2025-02-19,3,2,2,0,5,1,-1,1,1,8,unanimous,0.02367403680597069,-1,44,24,-1.0,-1.0,1.0,0.0,0.0,3
2025-02-20,3,2,2,0,5,1,-1,1,1,8,unanimous,0.0182627262833871,-1,44,25,-1.0,-1.0,1.0,0.0,0.0,3
2025-02-21,4,2,4,0,5,1,-1,1,-1,4,mixed,0.000423414881684514,-1,44,26,-1.0,-1.0,1.0,0.0,0.0,2
2025-02-24,4,0,4,3,5,-1,-1,1,-1,3,mixed,0.004735783077517652,-1,44,1,-1.0,-1.0,1.0,0.0,1.0,3
2025-02-25,4,2,4,3,5,-1,-1,1,-1,2,lean,0.009215267075404432,-1,44,2,-1.0,-1.0,1.0,0.0,1.0,3
2025-02-26,4,0,4,3,5,-1,-1,1,-1,2,lean,0.009692297027991792,-1,44,3,-1.0,-1.0,1.0,0.0,1.0,3
2025-02-27,5,0,0,4,5,-1,-1,1,1,1,strong,0.024919800073607057,-1,44,4,-1.0,-1.0,1.0,0.0,1.0,2
2025-02-28,4,4,4,4,5,-1,-1,-1,-1,2,lean,0.009349144890330008,-1,44,5,-1.0,-1.0,1.0,0.0,1.0,4
2025-03-03,5,4,4,4,5,-1,-1,-1,-1,1,strong,0.02716009060992408,-1,44,6,-1.0,-1.0,1.0,0.0,1.0,4
2025-03-04,5,4,5,4,5,-1,-1,-1,-1,1,strong,0.039295745293926654,-1,44,7,-1.0,-1.0,1.0,0.0,1.0,4
2025-03-05,5,4,4,3,5,-1,-1,-1,-1,1,strong,0.027559176199047464,-1,44,8,-1.0,-1.0,1.0,0.0,1.0,4
2025-03-06,5,4,4,3,5,-1,-1,-1,-1,1,strong,0.04560828970585917,-1,44,9,-1.0,-1.0,1.0,0.0,1.0,4
2025-03-07,5,4,4,3,5,-1,-1,-1,-1,1,strong,0.03810580153893839,-1,44,10,-1.0,-1.0,1.0,0.0,1.0,4
2025-03-10,5,4,4,3,5,-1,-1,-1,-1,0,unanimous,0.06566675528600441,-1,44,11,-1.0,-1.0,1.0,0.0,1.0,4
2025-03-11,5,4,4,3,5,-1,-1,-1,-1,0,unanimous,0.06876801401801802,-1,44,12,-1.0,1.0,1.0,0.0,1.0,4
2025-03-12,5,4,4,3,5,-1,-1,-1,-1,0,unanimous,0.06371515481410461,-1,44,13,-1.0,1.0,1.0,0.0,1.0,4
2025-03-13,5,4,4,3,5,-1,-1,-1,-1,0,unanimous,0.07736445181127394,-1,44,14,-1.0,1.0,1.0,0.0,1.0,4
2025-03-14,5,4,4,3,5,-1,-1,-1,-1,0,unanimous,0.055667762361828466,-1,44,15,-1.0,1.0,1.0,0.0,1.0,4
2025-03-17,5,4,4,3,5,-1,-1,-1,-1,0,unanimous,0.04723377572933529,-1,44,16,-1.0,1.0,1.0,0.0,1.0,4
2025-03-18,5,4,4,3,5,-1,-1,-1,-1,0,unanimous,0.05778577068225954,-1,44,17,-1.0,1.0,1.0,0.0,1.0,4
2025-03-19,4,4,4,3,5,-1,-1,-1,-1,0,unanimous,0.03468899665611125,-1,44,18,-1.0,1.0,1.0,0.0,1.0,4
2025-03-20,4,4,4,3,5,-1,-1,-1,-1,0,unanimous,0.036057549497960695,-1,44,19,-1.0,1.0,1.0,0.0,1.0,4
2025-03-21,5,4,4,3,5,-1,-1,-1,-1,0,unanimous,0.043369033061518625,-1,44,20,-1.0,1.0,1.0,0.0,1.0,4
2025-03-24,4,4,4,3,5,-1,-1,-1,-1,3,mixed,0.023348972536335832,-1,44,21,-1.0,1.0,1.0,0.0,1.0,4
2025-03-25,4,4,4,4,5,-1,-1,-1,-1,3,mixed,0.020654209435586823,-1,44,22,1.0,1.0,1.0,1.0,1.0,4
2025-03-26,4,4,4,4,5,-1,-1,-1,-1,1,strong,0.03086359194311039,-1,44,23,1.0,1.0,1.0,1.0,1.0,4
2025-03-27,4,4,4,4,5,-1,-1,-1,-1,1,strong,0.02955394382061116,-1,44,24,1.0,1.0,1.0,1.0,1.0,4
2025-03-28,4,4,4,4,5,-1,-1,-1,-1,0,unanimous,0.05186995847223774,-1,44,25,1.0,1.0,1.0,1.0,1.0,4
2025-03-31,4,4,4,4,5,-1,-1,-1,-1,0,unanimous,0.04238711174534848,-1,44,26,1.0,1.0,1.0,1.0,1.0,4
2025-04-01,4,4,4,4,5,-1,-1,-1,-1,1,strong,0.025755064760824453,-1,44,27,1.0,1.0,1.0,1.0,1.0,4
2025-04-02,4,4,4,4,5,-1,-1,-1,-1,1,strong,0.029532058330815625,-1,44,28,1.0,1.0,1.0,1.0,1.0,4
2025-04-03,5,4,4,4,5,-1,-1,-1,-1,0,unanimous,0.0681202771988485,-1,44,29,1.0,1.0,1.0,1.0,1.0,4
2025-04-04,5,4,4,4,5,-1,-1,-1,-1,0,unanimous,0.1371913936062148,-1,44,30,1.0,1.0,1.0,1.0,1.0,4
2025-04-07,5,4,4,4,5,-1,-1,-1,-1,0,unanimous,0.13932931487357392,-1,44,31,1.0,1.0,1.0,1.0,1.0,4
2025-04-08,5,4,4,4,5,-1,-1,-1,-1,0,unanimous,0.15611586930721533,1,45,32,1.0,1.0,1.0,0.0,0.0,4
2025-04-09,5,4,4,4,5,-1,-1,-1,-1,0,unanimous,0.05056357364327191,1,45,33,1.0,1.0,1.0,0.0,0.0,4
2025-04-10,5,4,4,4,5,-1,-1,-1,-1,0,unanimous,0.08532801724679429,1,45,34,1.0,1.0,1.0,0.0,0.0,4
2025-04-11,5,4,4,4,5,-1,-1,-1,-1,0,unanimous,0.06199168663557164,1,45,35,1.0,1.0,1.0,0.0,0.0,4
2025-04-14,4,4,4,4,5,-1,-1,-1,-1,0,unanimous,0.050057626625217955,1,45,36,1.0,1.0,1.0,0.0,0.0,4
2025-04-15,4,4,4,4,5,-1,-1,-1,-1,0,unanimous,0.04843694624435235,1,45,37,1.0,1.0,1.0,0.0,0.0,4
2025-04-16,4,4,4,5,5,-1,-1,-1,-1,0,unanimous,0.07574157532777148,1,45,38,1.0,1.0,1.0,0.0,0.0,4
2025-04-17,4,4,4,5,5,-1,-1,-1,-1,0,unanimous,0.07196886579776085,1,45,39,1.0,1.0,1.0,0.0,0.0,4
2025-04-21,4,4,4,5,5,-1,-1,-1,-1,1,strong,0.09874759489640006,1,45,40,1.0,1.0,1.0,0.0,0.0,4
2025-04-22,4,4,4,5,5,-1,-1,-1,-1,1,strong,0.08583652908475248,1,45,41,1.0,1.0,1.0,0.0,0.0,4
2025-04-23,4,4,4,3,5,-1,-1,-1,-1,1,strong,0.06575745200177141,1,45,42,1.0,1.0,1.0,0.0,0.0,4
2025-04-24,4,4,4,3,5,-1,-1,-1,-1,2,lean,0.041465763372278364,1,45,43,1.0,1.0,1.0,0.0,0.0,4
2025-04-25,4,0,4,3,5,-1,-1,1,-1,2,lean,0.03042420086199349,1,45,44,1.0,1.0,1.0,0.0,0.0,3
2025-04-28,4,0,0,3,5,-1,-1,1,1,3,mixed,0.009439736180194336,1,45,45,1.0,1.0,1.0,0.0,0.0,2
2025-04-29,4,0,0,3,5,-1,-1,1,1,3,mixed,0.009174892743432528,1,45,46,1.0,1.0,1.0,0.0,0.0,2
2025-04-30,3,4,3,3,5,-1,-1,-1,-1,3,mixed,0.011493818517224419,1,45,47,1.0,1.0,1.0,0.0,0.0,4
2025-05-01,3,0,3,3,5,-1,-1,1,-1,3,mixed,0.01192512615577268,1,45,48,1.0,1.0,1.0,0.0,0.0,3
2025-05-02,3,3,3,0,5,1,-1,-1,-1,5,mixed,0.032743899955460676,1,45,1,1.0,1.0,1.0,0.0,1.0,1
2025-05-05,3,0,3,0,5,1,-1,1,-1,4,mixed,0.0269106709594239,1,45,2,1.0,1.0,1.0,0.0,1.0,2
2025-05-06,3,3,3,0,5,1,-1,-1,-1,4,mixed,0.019202613779774724,1,45,3,1.0,1.0,1.0,0.0,1.0,1
2025-05-07,3,3,3,0,5,1,-1,-1,-1,4,mixed,0.023288421511811208,1,45,4,1.0,1.0,1.0,0.0,1.0,1
2025-05-08,3,3,3,0,5,1,-1,-1,-1,5,mixed,0.02877568895937055,1,45,5,1.0,1.0,1.0,0.0,1.0,1
2025-05-09,3,3,3,0,5,1,-1,-1,-1,5,mixed,0.023798998852262,1,45,6,1.0,1.0,1.0,0.0,1.0,1
2025-05-12,3,3,3,0,5,1,-1,-1,-1,7,strong,0.053974963950324306,1,45,7,1.0,1.0,1.0,0.0,1.0,1
2025-05-13,3,3,3,1,5,1,-1,-1,-1,7,strong,0.055332875346289834,1,45,8,1.0,1.0,1.0,0.0,1.0,1
2025-05-14,3,3,3,1,5,1,-1,-1,-1,7,strong,0.054902948325174616,1,45,9,1.0,1.0,1.0,0.0,1.0,1
2025-05-15,2,3,3,1,5,1,1,-1,-1,7,strong,0.052863567723477556,1,45,10,1.0,1.0,1.0,0.0,1.0,2
2025-05-16,2,3,2,1,5,1,1,-1,1,7,strong,0.05875249904176316,1,45,11,1.0,1.0,1.0,0.0,1.0,3
2025-05-19,2,1,1,1,5,1,1,1,1,7,strong,0.052726030446659244,1,45,12,1.0,1.0,1.0,0.0,1.0,4
2025-05-20,2,1,1,1,5,1,1,1,1,7,strong,0.056125418564684226,1,45,13,1.0,1.0,1.0,0.0,1.0,4
2025-05-21,2,1,1,1,5,1,1,1,1,7,strong,0.036500311075551184,1,45,14,1.0,1.0,1.0,0.0,1.0,4
2025-05-22,2,1,1,1,5,1,1,1,1,7,strong,0.030480918615804375,1,45,15,1.0,1.0,1.0,0.0,1.0,4
2025-05-23,2,1,1,1,5,1,1,1,1,7,strong,0.024627624551136318,1,45,16,1.0,1.0,1.0,0.0,1.0,4
2025-05-27,2,1,1,1,5,1,1,1,1,7,strong,0.026522361010855366,1,45,17,1.0,1.0,1.0,0.0,1.0,4
2025-05-28,2,1,1,1,5,1,1,1,1,8,unanimous,0.020929251050273545,1,45,18,1.0,1.0,1.0,0.0,1.0,4
2025-05-29,2,1,1,1,5,1,1,1,1,8,unanimous,0.0248066337923033,1,45,19,1.0,1.0,1.0,0.0,1.0,4
2025-05-30,2,1,1,1,5,1,1,1,1,7,strong,0.02477922873464644,1,45,20,1.0,1.0,1.0,0.0,1.0,4
2025-06-02,2,1,1,1,5,1,1,1,1,7,strong,0.03325840959034876,1,45,21,1.0,1.0,1.0,0.0,1.0,4
2025-06-03,2,1,1,1,5,1,1,1,1,8,unanimous,0.034426476415144736,1,45,22,1.0,1.0,1.0,0.0,1.0,4
2025-06-04,2,1,1,1,5,1,1,1,1,8,unanimous,0.05584198320295053,1,45,23,1.0,1.0,1.0,0.0,1.0,4
2025-06-05,2,1,1,2,5,1,1,1,1,8,unanimous,0.046567317733229086,1,45,24,1.0,1.0,1.0,0.0,1.0,4
2025-06-06,2,1,1,2,5,1,1,1,1,8,unanimous,0.054208097323756865,1,45,25,1.0,1.0,1.0,0.0,1.0,4
2025-06-09,2,1,1,2,5,1,1,1,1,8,unanimous,0.05195091078675862,1,45,26,1.0,1.0,1.0,0.0,1.0,4
2025-06-10,2,1,1,2,5,1,1,1,1,8,unanimous,0.044512593829702185,1,45,27,1.0,1.0,1.0,0.0,1.0,4
2025-06-11,2,1,1,2,5,1,1,1,1,8,unanimous,0.041713434484922374,1,45,28,1.0,1.0,1.0,0.0,1.0,4
2025-06-12,2,1,1,2,5,1,1,1,1,8,unanimous,0.04531971837660409,1,45,29,1.0,1.0,1.0,0.0,1.0,4
2025-06-13,2,1,1,2,5,1,1,1,1,8,unanimous,0.03441879726193664,1,45,30,1.0,1.0,1.0,0.0,1.0,4
2025-06-16,2,1,1,2,5,1,1,1,1,8,unanimous,0.041929286573647695,1,45,31,1.0,1.0,1.0,0.0,1.0,4
2025-06-17,2,1,1,2,5,1,1,1,1,8,unanimous,0.030110176684078338,1,45,32,1.0,1.0,1.0,0.0,1.0,4
2025-06-18,2,1,1,2,5,1,1,1,1,8,unanimous,0.02828888382185346,1,45,33,1.0,1.0,1.0,0.0,1.0,4
2025-06-20,2,1,1,2,5,1,1,1,1,8,unanimous,0.02588728349099423,1,45,34,1.0,1.0,1.0,0.0,1.0,4
2025-06-23,2,1,1,2,5,1,1,1,1,8,unanimous,0.034790000362815876,1,45,35,1.0,1.0,1.0,0.0,1.0,4
2025-06-24,2,1,1,2,5,1,1,1,1,8,unanimous,0.04749701144966434,1,45,36,1.0,1.0,1.0,0.0,1.0,4
2025-06-25,2,1,1,2,5,1,1,1,1,8,unanimous,0.044501302728423786,1,45,37,1.0,1.0,1.0,0.0,1.0,4
2025-06-26,2,1,1,2,5,1,1,1,1,8,unanimous,0.05154405051328681,1,45,38,1.0,1.0,1.0,0.0,1.0,4
2025-06-27,2,1,2,2,5,1,1,1,1,8,unanimous,0.055922932367658995,1,45,39,1.0,1.0,1.0,0.0,1.0,4
2025-06-30,2,1,1,2,5,1,1,1,1,8,unanimous,0.060224780654774435,1,45,40,1.0,1.0,1.0,0.0,1.0,4
2025-07-01,2,1,2,2,5,1,1,1,1,8,unanimous,0.05864477384066913,1,45,41,1.0,1.0,1.0,0.0,1.0,4
2025-07-02,2,1,2,2,5,1,1,1,1,8,unanimous,0.0626045232534127,1,45,42,1.0,1.0,1.0,0.0,1.0,4
2025-07-03,2,1,1,2,5,1,1,1,1,8,unanimous,0.06987549892954381,1,45,43,1.0,1.0,1.0,0.0,1.0,4
2025-07-07,2,1,1,2,5,1,1,1,1,8,unanimous,0.06198335565856872,1,45,44,1.0,1.0,1.0,0.0,1.0,4
2025-07-08,1,1,1,2,5,1,1,1,1,8,unanimous,0.06083076489053052,1,45,45,1.0,1.0,1.0,0.0,1.0,4
2025-07-09,1,1,1,2,5,1,1,1,1,8,unanimous,0.06600258445723906,1,45,46,1.0,1.0,1.0,0.0,1.0,4
2025-07-10,1,1,1,2,5,1,1,1,1,8,unanimous,0.06812074624292042,1,45,47,1.0,1.0,1.0,0.0,1.0,4
2025-07-11,1,1,1,2,5,1,1,1,1,8,unanimous,0.0637580044093079,1,45,48,1.0,1.0,1.0,0.0,1.0,4
2025-07-14,1,1,1,2,5,1,1,1,1,8,unanimous,0.06274009796350932,1,45,49,1.0,1.0,1.0,0.0,1.0,4
2025-07-15,1,1,1,2,5,1,1,1,1,8,unanimous,0.05632209744162198,1,45,50,1.0,1.0,1.0,0.0,1.0,4
2025-07-16,1,1,1,2,5,1,1,1,1,8,unanimous,0.0567257242955973,1,45,51,1.0,1.0,1.0,0.0,1.0,4
2025-07-17,1,1,1,2,5,1,1,1,1,8,unanimous,0.05879214753813056,1,45,52,1.0,1.0,1.0,0.0,1.0,4
2025-07-18,1,1,1,2,5,1,1,1,1,8,unanimous,0.0559894196431715,1,45,53,1.0,1.0,1.0,0.0,1.0,4
2025-07-21,1,1,1,2,5,1,1,1,1,8,unanimous,0.05483295596149307,1,45,54,1.0,1.0,1.0,0.0,1.0,4
2025-07-22,1,1,1,2,5,1,1,1,1,8,unanimous,0.053230199529195055,1,45,55,1.0,1.0,1.0,0.0,1.0,4
2025-07-23,1,1,1,2,5,1,1,1,1,8,unanimous,0.05847814803520335,1,45,56,1.0,1.0,1.0,0.0,1.0,4
2025-07-24,1,1,1,2,5,1,1,1,1,8,unanimous,0.05692390237597178,1,45,57,1.0,1.0,1.0,0.0,1.0,4
2025-07-25,1,1,1,2,5,1,1,1,1,8,unanimous,0.05852806177439773,1,45,58,1.0,1.0,1.0,0.0,1.0,4
2025-07-28,1,1,1,2,5,1,1,1,1,8,unanimous,0.05652056623634705,1,45,59,1.0,1.0,1.0,0.0,1.0,4
2025-07-29,1,1,1,2,5,1,1,1,1,8,unanimous,0.05163000124113448,1,45,60,1.0,1.0,1.0,0.0,1.0,4
2025-07-30,1,1,1,2,5,1,1,1,1,8,unanimous,0.0486210857901439,1,45,61,1.0,1.0,1.0,0.0,1.0,4
2025-07-31,1,1,1,2,5,1,1,1,1,8,unanimous,0.04318786507784389,1,45,62,1.0,1.0,1.0,0.0,1.0,4
2025-08-01,1,1,1,2,5,1,1,1,1,5,mixed,0.025647513533099686,1,45,63,1.0,1.0,1.0,0.0,1.0,4
2025-08-04,1,1,1,2,5,1,1,1,1,8,unanimous,0.038173514900687544,1,45,64,1.0,1.0,-1.0,0.0,1.0,4
2025-08-05,1,1,1,2,5,1,1,1,1,6,lean,0.03168628394081241,1,45,65,1.0,1.0,-1.0,0.0,1.0,4
2025-08-06,1,1,1,2,5,1,1,1,1,7,strong,0.036978812730756316,1,45,66,1.0,1.0,-1.0,0.0,1.0,4
2025-08-07,1,1,1,2,5,1,1,1,1,7,strong,0.034871199536003594,1,45,67,1.0,1.0,-1.0,0.0,1.0,4
2025-08-08,1,3,1,2,5,1,1,-1,1,8,unanimous,0.04113781245730275,1,45,68,1.0,1.0,-1.0,0.0,1.0,3
2025-08-11,1,3,1,0,5,1,1,-1,1,7,strong,0.037409326051600966,1,45,69,1.0,1.0,-1.0,0.0,1.0,3
2025-08-12,1,1,1,0,5,1,1,1,1,8,unanimous,0.04700740181301544,1,45,70,1.0,1.0,-1.0,0.0,1.0,4
2025-08-13,1,1,1,0,5,1,1,1,1,8,unanimous,0.04879829090503218,1,45,71,1.0,1.0,-1.0,0.0,1.0,4
2025-08-14,1,3,1,0,5,1,1,-1,1,8,unanimous,0.04776857381570565,1,45,72,1.0,1.0,-1.0,0.0,1.0,3
2025-08-15,1,3,3,0,5,1,1,-1,-1,8,unanimous,0.043614096046459494,1,45,73,1.0,1.0,-1.0,0.0,1.0,2
2025-08-18,1,3,3,0,5,1,1,-1,-1,8,unanimous,0.041927204868668744,1,45,74,1.0,1.0,-1.0,0.0,1.0,2
2025-08-19,1,3,3,0,5,1,1,-1,-1,8,unanimous,0.03467660253152827,1,45,75,1.0,1.0,-1.0,0.0,1.0,2
2025-08-20,1,3,1,0,5,1,1,-1,1,8,unanimous,0.03071084309619443,1,45,76,1.0,1.0,-1.0,0.0,1.0,3
2025-08-21,0,3,0,0,5,1,1,-1,1,7,strong,0.02555221703291488,1,45,77,1.0,1.0,-1.0,0.0,1.0,3
2025-08-22,1,3,1,0,5,1,1,-1,1,8,unanimous,0.03886696116826238,1,45,78,1.0,1.0,-1.0,0.0,1.0,3
2025-08-25,1,3,3,0,5,1,1,-1,-1,8,unanimous,0.03328867689260229,1,45,79,1.0,1.0,-1.0,0.0,1.0,2
2025-08-26,1,3,3,0,5,1,1,-1,-1,8,unanimous,0.03588552893423247,1,45,80,1.0,1.0,-1.0,0.0,1.0,2
2025-08-27,1,3,3,0,5,1,1,-1,-1,8,unanimous,0.036799239136307116,1,45,81,1.0,1.0,-1.0,0.0,1.0,2
2025-08-28,1,3,3,0,5,1,1,-1,-1,8,unanimous,0.038498065071069454,1,45,82,1.0,1.0,-1.0,0.0,1.0,2
2025-08-29,1,3,3,1,5,1,1,-1,-1,8,unanimous,0.03440264138952909,1,45,83,1.0,1.0,-1.0,0.0,1.0,2
2025-09-02,1,3,1,1,5,1,1,-1,1,6,lean,0.022781952103371195,1,45,84,1.0,1.0,-1.0,0.0,1.0,3
2025-09-03,1,3,1,1,5,1,1,-1,1,8,unanimous,0.026649252133709722,1,45,85,1.0,1.0,-1.0,0.0,1.0,3
2025-09-04,1,3,1,1,5,1,1,-1,1,8,unanimous,0.03355290093031926,1,45,86,1.0,1.0,-1.0,0.0,1.0,3
2025-09-05,1,2,2,1,5,1,1,1,1,8,unanimous,0.02927278197145533,1,45,87,1.0,1.0,-1.0,0.0,1.0,4
2025-09-08,1,2,2,1,5,1,1,1,1,8,unanimous,0.030114374234381347,1,45,88,1.0,1.0,-1.0,0.0,1.0,4
2025-09-09,1,3,3,1,5,1,1,-1,-1,8,unanimous,0.03154374107510671,1,45,89,1.0,1.0,-1.0,0.0,1.0,2
2025-09-10,1,3,1,1,5,1,1,-1,1,8,unanimous,0.03303464394465638,1,45,90,1.0,1.0,-1.0,0.0,1.0,3
2025-09-11,1,2,1,1,5,1,1,1,1,8,unanimous,0.039887443962104197,1,45,91,1.0,1.0,-1.0,0.0,1.0,4
2025-09-12,1,3,3,1,5,1,1,-1,-1,8,unanimous,0.03786697909511605,1,45,92,1.0,1.0,-1.0,0.0,1.0,2
2025-09-15,1,3,1,1,5,1,1,-1,1,8,unanimous,0.04082812395360613,1,45,93,1.0,1.0,-1.0,0.0,1.0,3
2025-09-16,1,2,1,1,5,1,1,1,1,8,unanimous,0.037930225115771043,1,45,94,1.0,1.0,-1.0,0.0,1.0,4
2025-09-17,1,2,2,1,5,1,1,1,1,8,unanimous,0.03550247468412626,1,45,95,1.0,1.0,-1.0,0.0,1.0,4
2025-09-18,1,2,1,1,5,1,1,1,1,8,unanimous,0.038800833768902865,1,45,96,1.0,1.0,-1.0,0.0,1.0,4
2025-09-19,2,2,2,1,5,1,1,1,1,8,unanimous,0.044143765859216866,1,45,97,1.0,1.0,-1.0,0.0,1.0,4
2025-09-22,2,2,2,1,5,1,1,1,1,8,unanimous,0.044981706665717214,1,45,98,1.0,1.0,-1.0,0.0,1.0,4
2025-09-23,1,2,1,2,5,1,1,1,1,8,unanimous,0.0383722706809414,1,45,99,1.0,1.0,1.0,0.0,1.0,4
2025-09-24,1,2,1,2,5,1,1,1,1,8,unanimous,0.03447302637190752,1,45,100,1.0,1.0,1.0,0.0,1.0,4
2025-09-25,1,2,2,2,5,1,1,1,1,8,unanimous,0.02848326036325166,1,45,101,1.0,1.0,1.0,0.0,1.0,4
2025-09-26,1,2,2,2,5,1,1,1,1,8,unanimous,0.03322079854092297,1,45,102,1.0,1.0,1.0,0.0,1.0,4
2025-09-29,1,1,1,2,5,1,1,1,1,8,unanimous,0.03483501756535301,1,45,103,1.0,1.0,1.0,0.0,1.0,4
2025-09-30,1,2,1,2,5,1,1,1,1,8,unanimous,0.04080459828853422,1,45,104,1.0,-1.0,1.0,0.0,1.0,4
2025-10-01,1,2,1,2,5,1,1,1,1,8,unanimous,0.03976608806164128,1,45,105,1.0,-1.0,1.0,0.0,1.0,4
2025-10-02,1,2,1,2,5,1,1,1,1,8,unanimous,0.03922891075018187,1,45,106,1.0,-1.0,1.0,0.0,1.0,4
2025-10-03,1,1,1,2,5,1,1,1,1,8,unanimous,0.0381942839613878,1,45,107,1.0,-1.0,1.0,0.0,1.0,4
2025-10-06,1,1,1,2,5,1,1,1,1,8,unanimous,0.040542092375016714,1,45,108,1.0,-1.0,1.0,0.0,1.0,4
2025-10-07,1,2,1,2,5,1,1,1,1,8,unanimous,0.035680489836212526,1,45,109,1.0,-1.0,1.0,0.0,1.0,4
2025-10-08,1,1,1,2,5,1,1,1,1,8,unanimous,0.04008606313855034,1,45,110,1.0,-1.0,1.0,0.0,1.0,4
2025-10-09,1,1,1,2,5,1,1,1,1,8,unanimous,0.0362004903081411,1,45,111,1.0,-1.0,1.0,0.0,1.0,4
2025-10-10,0,5,5,2,5,1,1,-1,-1,4,mixed,0.008209784048017088,1,45,112,1.0,-1.0,1.0,0.0,1.0,2
2025-10-13,0,5,0,2,5,1,1,-1,1,6,lean,0.02279147760038691,1,45,113,1.0,-1.0,1.0,0.0,1.0,3
2025-10-14,0,5,0,2,5,1,1,-1,1,6,lean,0.020369829094080028,1,45,114,-1.0,-1.0,1.0,1.0,1.0,3
2025-10-15,0,5,5,2,5,1,1,-1,-1,6,lean,0.023447660206391885,1,45,115,-1.0,-1.0,1.0,1.0,1.0,2
2025-10-16,0,5,5,2,5,1,1,-1,-1,5,mixed,0.01646382398714452,1,45,116,-1.0,-1.0,1.0,1.0,1.0,2
2025-10-17,0,5,0,2,5,1,1,-1,1,5,mixed,0.02094475562320275,1,45,117,-1.0,-1.0,1.0,1.0,1.0,3
2025-10-20,0,0,0,2,5,1,1,1,1,7,strong,0.030590188301943932,1,45,118,-1.0,-1.0,1.0,1.0,1.0,4
2025-10-21,0,5,0,2,5,1,1,-1,1,8,unanimous,0.02975280368306321,1,45,119,-1.0,-1.0,1.0,1.0,1.0,3
2025-10-22,0,5,5,0,5,1,1,-1,-1,7,strong,0.023624138819026252,1,45,120,-1.0,-1.0,1.0,1.0,1.0,2
2025-10-23,0,5,5,0,5,1,1,-1,-1,8,unanimous,0.02843450475113174,1,45,121,-1.0,-1.0,1.0,1.0,1.0,2
2025-10-24,0,3,3,0,5,1,1,-1,-1,8,unanimous,0.035216592312770745,1,45,122,-1.0,-1.0,1.0,1.0,1.0,2
2025-10-27,0,3,3,0,5,1,1,-1,-1,8,unanimous,0.045406426106079145,1,45,123,-1.0,-1.0,1.0,1.0,1.0,2
2025-10-28,0,5,5,0,5,1,1,-1,-1,8,unanimous,0.046244448127588655,-1,46,124,-1.0,-1.0,1.0,0.0,0.0,2
2025-10-29,0,5,5,0,5,1,1,-1,-1,8,unanimous,0.04474744668217634,-1,46,125,-1.0,-1.0,1.0,0.0,0.0,2
2025-10-30,0,5,5,0,5,1,1,-1,-1,8,unanimous,0.03383590371980705,-1,46,126,-1.0,-1.0,1.0,0.0,0.0,2
2025-10-31,0,5,5,0,5,1,1,-1,-1,8,unanimous,0.03516346410961391,-1,46,127,-1.0,-1.0,1.0,0.0,0.0,2
2025-11-03,0,5,5,0,5,1,1,-1,-1,8,unanimous,0.035705835755562965,-1,46,128,-1.0,-1.0,1.0,0.0,0.0,2
2025-11-04,0,5,5,0,5,1,1,-1,-1,8,unanimous,0.023055933816403584,-1,46,129,-1.0,-1.0,1.0,0.0,0.0,2
2025-11-05,0,5,5,0,5,1,1,-1,-1,8,unanimous,0.025799777883182773,-1,46,130,-1.0,-1.0,1.0,0.0,0.0,2
2025-11-06,4,5,4,0,5,1,-1,-1,-1,5,mixed,0.01395532602973748,-1,46,131,-1.0,-1.0,1.0,0.0,0.0,1
2025-11-07,4,5,5,0,5,1,-1,-1,-1,6,lean,0.026199328881755468,-1,46,132,-1.0,-1.0,1.0,0.0,0.0,1
2025-11-10,0,5,5,0,5,1,1,-1,-1,7,strong,0.0288181998385435,-1,46,133,-1.0,-1.0,1.0,0.0,0.0,2
2025-11-11,0,5,0,0,5,1,1,-1,1,7,strong,0.02988073717545503,-1,46,134,-1.0,-1.0,1.0,0.0,0.0,3
2025-11-12,0,5,0,0,5,1,1,-1,1,7,strong,0.029414278069263555,-1,46,135,-1.0,-1.0,1.0,0.0,0.0,3
2025-11-13,4,5,5,0,5,1,-1,-1,-1,6,lean,0.016092106464671962,-1,46,136,-1.0,-1.0,1.0,0.0,0.0,1
2025-11-14,4,5,4,0,5,1,-1,-1,-1,5,mixed,0.010508411481451652,-1,46,137,-1.0,-1.0,1.0,0.0,0.0,1
2025-11-17,4,5,4,0,5,1,-1,-1,-1,4,mixed,0.0006798565545932389,-1,46,138,-1.0,-1.0,1.0,0.0,0.0,1
2025-11-18,4,4,4,3,5,-1,-1,-1,-1,3,mixed,0.008236678185910895,-1,46,1,-1.0,1.0,1.0,0.0,1.0,4
2025-11-19,4,4,4,3,5,-1,-1,-1,-1,3,mixed,0.004852361548282946,-1,46,2,-1.0,1.0,1.0,0.0,1.0,4
2025-11-20,5,5,5,3,5,-1,-1,-1,-1,2,lean,0.021159257747666693,-1,46,3,-1.0,1.0,1.0,0.0,1.0,4
2025-11-21,5,5,5,3,5,-1,-1,-1,-1,3,mixed,0.011320667440246401,-1,46,4,-1.0,1.0,1.0,0.0,1.0,4
2025-11-24,4,5,4,0,5,1,-1,-1,-1,4,mixed,0.0037225978557303696,-1,46,1,-1.0,1.0,1.0,0.0,0.0,1
2025-11-25,4,4,4,0,5,1,-1,-1,-1,6,lean,0.011944062838533775,-1,46,2,-1.0,1.0,1.0,0.0,0.0,1
2025-11-26,4,4,4,0,5,1,-1,-1,-1,6,lean,0.017931260644868274,-1,46,3,-1.0,1.0,1.0,0.0,0.0,1
2025-11-28,0,3,3,0,5,1,1,-1,-1,8,unanimous,0.022393551610575324,-1,46,4,-1.0,1.0,1.0,0.0,0.0,2
2025-12-01,4,4,4,0,5,1,-1,-1,-1,7,strong,0.016247051657463984,-1,46,5,-1.0,1.0,1.0,0.0,0.0,1
2025-12-02,3,3,3,1,5,1,-1,-1,-1,7,strong,0.022983080173452297,-1,46,6,-1.0,1.0,1.0,0.0,0.0,1
2025-12-03,3,3,3,1,5,1,-1,-1,-1,8,unanimous,0.033928450117039044,-1,46,7,1.0,1.0,1.0,1.0,0.0,1
2025-12-04,3,3,3,1,5,1,-1,-1,-1,8,unanimous,0.03134843159575096,-1,46,8,1.0,1.0,1.0,1.0,0.0,1
2025-12-05,3,3,3,1,5,1,-1,-1,-1,8,unanimous,0.039971650969535366,-1,46,9,1.0,1.0,1.0,1.0,0.0,1
2025-12-08,3,3,3,1,5,1,-1,-1,-1,8,unanimous,0.035568419470116686,-1,46,10,1.0,1.0,1.0,1.0,0.0,1
2025-12-09,3,3,3,1,5,1,-1,-1,-1,8,unanimous,0.019792333185146727,-1,46,11,1.0,1.0,1.0,1.0,0.0,1
2025-12-10,3,3,3,1,5,1,-1,-1,-1,8,unanimous,0.021970023412373862,-1,46,12,1.0,1.0,1.0,1.0,0.0,1
2025-12-11,3,3,3,1,5,1,-1,-1,-1,8,unanimous,0.023296231958061853,-1,46,13,1.0,1.0,1.0,1.0,0.0,1
2025-12-12,3,3,3,1,5,1,-1,-1,-1,7,strong,0.013170429169644171,-1,46,14,1.0,1.0,1.0,1.0,0.0,1
2025-12-15,3,3,3,1,5,1,-1,-1,-1,8,unanimous,0.012088283473059014,-1,46,15,1.0,1.0,1.0,1.0,0.0,1
2025-12-16,3,3,3,1,5,1,-1,-1,-1,7,strong,0.015662602502834022,-1,46,16,1.0,1.0,1.0,1.0,0.0,1
2025-12-17,4,3,4,1,5,1,-1,-1,-1,4,mixed,0.009597697546378514,1,47,17,1.0,1.0,1.0,0.0,1.0,1
2025-12-18,4,3,4,1,5,1,-1,-1,-1,5,mixed,0.019572592086262275,1,47,18,1.0,1.0,1.0,0.0,1.0,1
2025-12-19,2,3,3,1,5,1,1,-1,-1,7,strong,0.027773147655499986,1,47,19,1.0,1.0,1.0,0.0,1.0,2
2025-12-22,2,3,3,1,5,1,1,-1,-1,8,unanimous,0.03326379692348169,1,47,20,1.0,1.0,1.0,0.0,1.0,2
2025-12-23,2,3,3,1,5,1,1,-1,-1,8,unanimous,0.029620280893913997,1,47,21,1.0,1.0,1.0,0.0,1.0,2
2025-12-24,2,3,3,2,5,1,1,-1,-1,8,unanimous,0.023971253317111918,1,47,22,1.0,1.0,1.0,0.0,1.0,2
2025-12-26,2,3,3,2,5,1,1,-1,-1,8,unanimous,0.022967836274542575,1,47,23,1.0,1.0,1.0,0.0,1.0,2
2025-12-29,3,3,3,2,5,1,-1,-1,-1,8,unanimous,0.01901735345993716,1,47,24,1.0,1.0,1.0,0.0,1.0,1
2025-12-30,3,3,3,2,5,1,-1,-1,-1,8,unanimous,0.017199140991723705,1,47,25,1.0,1.0,1.0,0.0,1.0,1
2025-12-31,3,0,3,2,5,1,-1,1,-1,7,strong,0.009528270584241993,1,47,26,1.0,1.0,1.0,0.0,1.0,2
2026-01-02,3,0,3,0,5,1,-1,1,-1,8,unanimous,0.019981137887849276,1,47,27,1.0,1.0,1.0,0.0,1.0,2
2026-01-05,3,3,3,0,5,1,-1,-1,-1,8,unanimous,0.018442353020410196,1,47,28,1.0,1.0,1.0,0.0,1.0,1
2026-01-06,3,3,3,0,5,1,-1,-1,-1,8,unanimous,0.022710721663995237,1,47,29,1.0,1.0,1.0,0.0,1.0,1
2026-01-07,3,3,3,0,5,1,-1,-1,-1,8,unanimous,0.01837656143605848,1,47,30,1.0,1.0,1.0,0.0,1.0,1
2026-01-08,3,3,3,0,5,1,-1,-1,-1,8,unanimous,0.017799806859425837,1,47,31,1.0,1.0,1.0,0.0,1.0,1
2026-01-09,3,3,3,0,5,1,-1,-1,-1,8,unanimous,0.02344479747781114,1,47,32,1.0,1.0,1.0,0.0,1.0,1
2026-01-12,3,3,3,0,5,1,-1,-1,-1,8,unanimous,0.024265870241339416,1,47,33,1.0,1.0,1.0,0.0,1.0,1
2026-01-13,3,2,2,0,5,1,-1,1,1,8,unanimous,0.021522635897733067,1,47,34,1.0,1.0,1.0,0.0,1.0,3
2026-01-14,3,2,2,0,5,1,-1,1,1,8,unanimous,0.01589384842189767,1,47,35,1.0,1.0,1.0,0.0,1.0,3
2026-01-15,3,2,3,0,5,1,-1,1,-1,8,unanimous,0.020766227625327205,1,47,36,1.0,1.0,1.0,0.0,1.0,2
2026-01-16,3,2,2,0,5,1,-1,1,1,8,unanimous,0.028813655191710974,1,47,37,1.0,1.0,1.0,0.0,1.0,3
2026-01-20,4,5,5,0,5,1,-1,-1,-1,4,mixed,0.003251515861852905,1,47,38,1.0,1.0,1.0,0.0,1.0,1
2026-01-21,4,4,4,0,5,1,-1,-1,-1,6,lean,0.006518653165107802,1,47,39,1.0,1.0,1.0,0.0,1.0,1
2026-01-22,3,4,4,0,5,1,-1,-1,-1,6,lean,0.011734863244234006,1,47,40,1.0,1.0,1.0,0.0,1.0,1
2026-01-23,3,4,3,1,5,1,-1,-1,-1,7,strong,0.006164852382531505,1,47,41,1.0,1.0,1.0,0.0,1.0,1
2026-01-26,3,3,3,1,5,1,-1,-1,-1,7,strong,0.010562902388508655,1,47,42,1.0,1.0,1.0,0.0,1.0,1
2026-01-27,3,3,3,1,5,1,-1,-1,-1,8,unanimous,0.014079614209209668,1,47,43,1.0,1.0,1.0,0.0,1.0,1
2026-01-28,3,3,3,1,5,1,-1,-1,-1,8,unanimous,0.020217929069630047,1,47,44,1.0,1.0,1.0,0.0,1.0,1
2026-01-29,0,3,3,1,5,1,1,-1,-1,8,unanimous,0.018483195553528953,1,47,45,1.0,1.0,1.0,0.0,1.0,2
2026-01-30,0,5,0,1,5,1,1,-1,1,7,strong,0.013478798629215527,1,47,46,1.0,1.0,1.0,0.0,1.0,3
2026-02-02,0,3,3,1,5,1,1,-1,-1,8,unanimous,0.01896855830824018,1,47,47,1.0,1.0,1.0,0.0,1.0,2
2026-02-03,0,3,3,1,5,1,1,-1,-1,7,strong,0.01748388497054032,1,47,48,1.0,1.0,1.0,0.0,1.0,2
2026-02-04,0,4,0,1,5,1,1,-1,1,5,mixed,0.0046802136308199405,1,47,49,1.0,1.0,1.0,0.0,1.0,3
2026-02-05,5,4,4,4,5,-1,-1,-1,-1,3,mixed,0.008048442696880542,1,47,1,1.0,1.0,1.0,0.0,0.0,4
2026-02-06,4,4,4,1,5,1,-1,-1,-1,8,unanimous,0.011505583549758835,1,47,1,1.0,1.0,1.0,0.0,1.0,1
2026-02-09,4,4,4,1,5,1,-1,-1,-1,7,strong,0.01591251533204585,1,47,2,1.0,1.0,1.0,0.0,1.0,1
2026-02-10,4,4,4,1,5,1,-1,-1,-1,6,lean,0.012372497816632966,1,47,3,1.0,1.0,1.0,0.0,1.0,1
2026-02-11,4,4,4,1,5,1,-1,-1,-1,6,lean,0.011825252523562924,1,47,4,1.0,1.0,1.0,0.0,1.0,1
2026-02-12,4,4,4,4,5,-1,-1,-1,-1,3,mixed,0.0044111595178477625,1,47,1,1.0,1.0,1.0,0.0,0.0,4
2026-02-13,4,4,4,4,5,-1,-1,-1,-1,3,mixed,0.00430767920476649,1,47,2,1.0,1.0,1.0,0.0,0.0,4
2026-02-17,4,4,4,5,5,-1,-1,-1,-1,3,mixed,0.0038150252240052307,1,47,3,1.0,1.0,1.0,0.0,0.0,4
2026-02-18,4,4,4,2,5,1,-1,-1,-1,5,mixed,0.009448733433601642,1,47,1,1.0,1.0,1.0,0.0,1.0,1
2026-02-19,4,4,4,5,5,-1,-1,-1,-1,3,mixed,0.0020009035695980337,1,47,1,1.0,1.0,1.0,0.0,0.0,4
2026-02-20,4,4,4,2,5,1,-1,-1,-1,5,mixed,0.012768141132114663,1,47,1,1.0,1.0,1.0,0.0,1.0,1
2026-02-23,4,4,4,5,5,-1,-1,-1,-1,3,mixed,0.007113944296958108,1,47,1,1.0,1.0,1.0,0.0,0.0,4
2026-02-24,4,4,4,2,5,1,-1,-1,-1,4,mixed,0.00035679087229767426,1,47,1,1.0,1.0,1.0,0.0,1.0,1
2026-02-25,4,4,4,2,5,1,-1,-1,-1,7,strong,0.008235592032941774,1,47,2,1.0,1.0,1.0,0.0,1.0,1
2026-02-26,4,4,4,2,5,1,-1,-1,-1,5,mixed,0.0026474304485233358,1,47,3,1.0,1.0,1.0,0.0,1.0,1
2026-02-27,4,4,4,2,5,1,-1,-1,-1,4,mixed,0.006704596965377396,1,47,4,1.0,1.0,1.0,0.0,1.0,1
2026-03-02,4,4,4,2,5,1,-1,-1,-1,4,mixed,0.006604577779436571,1,47,5,1.0,1.0,1.0,0.0,1.0,1
2026-03-03,4,4,4,5,5,-1,-1,-1,-1,1,strong,0.004854353632237629,1,47,1,1.0,1.0,1.0,0.0,0.0,4
2026-03-04,4,4,4,5,5,-1,-1,-1,-1,3,mixed,0.0017192020661984664,1,47,2,1.0,1.0,1.0,0.0,0.0,4
2026-03-05,4,4,4,5,5,-1,-1,-1,-1,1,strong,0.005810514812255807,1,47,3,1.0,1.0,1.0,0.0,0.0,4
2026-03-06,4,4,4,5,5,-1,-1,-1,-1,1,strong,0.015799618663618675,1,47,4,1.0,1.0,-1.0,0.0,0.0,4
2026-03-09,4,4,4,5,5,-1,-1,-1,-1,1,strong,0.006550852740313529,1,47,5,1.0,1.0,-1.0,0.0,0.0,4
2026-03-10,4,4,4,5,5,-1,-1,-1,-1,1,strong,0.015512866751134835,1,47,6,1.0,1.0,-1.0,0.0,0.0,4
2026-03-11,4,4,4,3,5,-1,-1,-1,-1,1,strong,0.01646222727518687,1,47,7,1.0,1.0,-1.0,0.0,0.0,4
2026-03-12,4,4,4,3,5,-1,-1,-1,-1,1,strong,0.026333197858611435,1,47,8,1.0,1.0,-1.0,0.0,0.0,4
2026-03-13,4,4,4,3,5,-1,-1,-1,-1,1,strong,0.031318946056770436,1,47,9,1.0,1.0,-1.0,0.0,0.0,4
2026-03-16,4,4,4,3,5,-1,-1,-1,-1,1,strong,0.020418313553682843,1,47,10,1.0,1.0,-1.0,0.0,0.0,4
2026-03-17,4,4,4,3,5,-1,-1,-1,-1,1,strong,0.01570958204657602,1,47,11,1.0,1.0,-1.0,0.0,0.0,4
2026-03-18,4,4,4,3,5,-1,-1,-1,-1,1,strong,0.03297144663197038,1,47,12,1.0,1.0,-1.0,0.0,0.0,4
2026-03-19,4,4,4,3,5,-1,-1,-1,-1,0,unanimous,0.03451299518140738,1,47,13,1.0,1.0,-1.0,0.0,0.0,4
2026-03-20,5,4,4,3,5,-1,-1,-1,-1,0,unanimous,0.05127604701039257,1,47,14,1.0,1.0,-1.0,0.0,0.0,4
2026-03-23,5,4,4,3,5,-1,-1,-1,-1,0,unanimous,0.03880603428655771,1,47,15,1.0,1.0,-1.0,0.0,0.0,4
2026-03-24,5,4,4,3,5,-1,-1,-1,-1,0,unanimous,0.04176503627203343,1,47,16,1.0,1.0,-1.0,0.0,0.0,4
2026-03-25,4,4,4,3,5,-1,-1,-1,-1,0,unanimous,0.03450762969936405,1,47,17,1.0,1.0,-1.0,0.0,0.0,4
2026-03-26,5,4,4,3,5,-1,-1,-1,-1,0,unanimous,0.0513048639676581,1,47,18,1.0,1.0,-1.0,0.0,0.0,4
2026-03-27,5,4,4,3,5,-1,-1,-1,-1,0,unanimous,0.06720339532231812,1,47,19,1.0,1.0,-1.0,0.0,0.0,4
2026-03-30,5,4,4,3,5,-1,-1,-1,-1,0,unanimous,0.06912635280802637,1,47,20,1.0,1.0,-1.0,0.0,0.0,4
2026-03-31,4,4,4,4,5,-1,-1,-1,-1,0,unanimous,0.036378054069883925,1,47,21,1.0,1.0,-1.0,0.0,0.0,4
2026-04-01,4,4,4,4,5,-1,-1,-1,-1,0,unanimous,0.02748356863803214,1,47,22,1.0,1.0,-1.0,0.0,0.0,4
2026-04-02,4,4,4,4,5,-1,-1,-1,-1,0,unanimous,0.02513578441232278,1,47,23,1.0,1.0,-1.0,0.0,0.0,4
2026-04-06,4,4,4,4,5,-1,-1,-1,-1,2,lean,0.01938796670385745,1,47,24,1.0,1.0,-1.0,0.0,0.0,4
2026-04-07,4,4,4,4,5,-1,-1,-1,-1,2,lean,0.017765661926753662,1,47,25,1.0,1.0,-1.0,0.0,0.0,4
2026-04-08,4,4,4,1,5,1,-1,-1,-1,5,mixed,0.008452181215215626,1,47,1,1.0,1.0,-1.0,0.0,1.0,1
2026-04-09,3,4,4,1,5,1,-1,-1,-1,7,strong,0.015129919751715848,1,47,2,1.0,1.0,-1.0,0.0,1.0,1
2026-04-10,3,4,4,1,5,1,-1,-1,-1,7,strong,0.021163612239274432,1,47,3,1.0,1.0,-1.0,0.0,1.0,1
2026-04-13,3,4,3,1,5,1,-1,-1,-1,7,strong,0.032057343161875584,1,47,4,1.0,1.0,-1.0,0.0,1.0,1
2026-04-14,3,4,3,1,5,1,-1,-1,-1,8,unanimous,0.03846496165095237,1,47,5,1.0,1.0,-1.0,0.0,1.0,1
2026-04-15,3,4,3,1,5,1,-1,-1,-1,8,unanimous,0.04369393816395217,1,47,6,1.0,1.0,-1.0,0.0,1.0,1
2026-04-16,3,3,3,1,5,1,-1,-1,-1,8,unanimous,0.051687653718972215,1,47,7,1.0,1.0,-1.0,0.0,1.0,1
2026-04-17,3,3,3,1,5,1,-1,-1,-1,8,unanimous,0.06237527655810704,1,47,8,1.0,1.0,-1.0,0.0,1.0,1
2026-04-20,2,3,3,1,5,1,1,-1,-1,8,unanimous,0.05753291567855845,1,47,9,1.0,1.0,-1.0,0.0,1.0,2
2026-04-21,2,3,2,1,5,1,1,-1,1,8,unanimous,0.047576709374554826,1,47,10,1.0,1.0,-1.0,0.0,1.0,3
2026-04-22,2,3,3,1,5,1,1,-1,-1,8,unanimous,0.053692907629247166,1,47,11,1.0,1.0,-1.0,0.0,1.0,2
2026-04-23,2,3,2,2,5,1,1,-1,1,8,unanimous,0.04572305476383354,1,47,12,1.0,1.0,-1.0,0.0,1.0,3
2026-04-24,2,3,2,2,5,1,1,-1,1,8,unanimous,0.05009639177593295,1,47,13,1.0,1.0,-1.0,0.0,1.0,3
2026-04-27,2,1,2,2,5,1,1,1,1,8,unanimous,0.05080235230874397,1,47,14,1.0,1.0,-1.0,0.0,1.0,4
2026-04-28,2,1,1,2,5,1,1,1,1,8,unanimous,0.04557630768327081,1,47,15,1.0,1.0,-1.0,0.0,1.0,4
2026-04-29,2,1,1,2,5,1,1,1,1,8,unanimous,0.044809542691769844,1,47,16,1.0,1.0,-1.0,0.0,1.0,4
2026-04-30,2,1,2,2,5,1,1,1,1,8,unanimous,0.053977031164293754,1,47,17,1.0,1.0,-1.0,0.0,1.0,4
2026-05-01,2,1,1,2,5,1,1,1,1,8,unanimous,0.05597430726138375,1,47,18,1.0,1.0,-1.0,0.0,1.0,4
2026-05-04,2,1,1,2,5,1,1,1,1,8,unanimous,0.054279349476260896,1,47,19,1.0,-1.0,-1.0,0.0,1.0,4
2026-05-05,2,1,1,2,5,1,1,1,1,8,unanimous,0.05812384182563379,1,47,20,1.0,-1.0,-1.0,0.0,1.0,4
2026-05-06,2,2,2,2,5,1,1,1,1,8,unanimous,0.0709891793264047,1,47,21,1.0,-1.0,-1.0,0.0,1.0,4
2026-05-07,2,1,2,2,5,1,1,1,1,8,unanimous,0.06646470356644907,1,47,22,1.0,-1.0,-1.0,0.0,1.0,4
2026-05-08,2,1,2,2,5,1,1,1,1,8,unanimous,0.07220706343217254,1,47,23,1.0,-1.0,-1.0,0.0,1.0,4
2026-05-11,2,2,2,2,5,1,1,1,1,8,unanimous,0.07166388076589547,1,47,24,1.0,-1.0,-1.0,0.0,1.0,4
2026-05-12,2,1,2,2,5,1,1,1,1,8,unanimous,0.06933766876707403,1,47,25,1.0,-1.0,,0.0,1.0,4
2026-05-13,2,2,2,2,5,1,1,1,1,8,unanimous,0.07382764041623546,1,47,26,1.0,-1.0,,0.0,1.0,4
2026-05-14,2,1,2,2,5,1,1,1,1,8,unanimous,0.07996265953127257,1,47,27,1.0,-1.0,,0.0,1.0,4
2026-05-15,2,1,1,2,5,1,1,1,1,8,unanimous,0.06753649655212779,1,47,28,1.0,-1.0,,0.0,1.0,4
2026-05-18,2,1,1,2,5,1,1,1,1,8,unanimous,0.06608551605505486,1,47,29,-1.0,-1.0,,1.0,1.0,4
2026-05-19,2,1,1,2,5,1,1,1,1,8,unanimous,0.058503657481770444,1,47,30,-1.0,-1.0,,1.0,1.0,4
2026-05-20,2,1,1,2,5,1,1,1,1,8,unanimous,0.0674988327579964,1,47,31,-1.0,-1.0,,1.0,1.0,4
2026-05-21,2,1,1,2,5,1,1,1,1,8,unanimous,0.06709765041067073,1,47,32,-1.0,-1.0,,1.0,1.0,4
2026-05-22,2,1,1,2,5,1,1,1,1,8,unanimous,0.07023055411935153,1,47,33,-1.0,-1.0,,1.0,1.0,4
2026-05-26,2,1,1,2,5,1,1,1,1,8,unanimous,0.07453505805922767,1,47,34,-1.0,-1.0,,1.0,1.0,4
2026-05-27,2,1,1,2,5,1,1,1,1,8,unanimous,0.0732508451525763,1,47,35,-1.0,-1.0,,1.0,1.0,4
2026-05-28,2,1,1,2,5,1,1,1,1,8,unanimous,0.07697562117674828,1,47,36,-1.0,-1.0,,1.0,1.0,4
2026-05-29,2,1,1,2,5,1,1,1,1,8,unanimous,0.07742423761252204,1,47,37,-1.0,-1.0,,1.0,1.0,4
2026-06-01,2,1,1,2,5,1,1,1,1,8,unanimous,0.07816875712216231,1,47,38,-1.0,-1.0,,1.0,1.0,4
2026-06-02,2,1,1,2,5,1,1,1,1,8,unanimous,0.07744297626704022,-1,48,39,-1.0,-1.0,,0.0,0.0,4
2026-06-03,2,1,1,2,5,1,1,1,1,8,unanimous,0.06876533432750953,-1,48,40,-1.0,-1.0,,0.0,0.0,4
2026-06-04,2,1,1,2,5,1,1,1,1,8,unanimous,0.07080051876190563,-1,48,41,-1.0,-1.0,,0.0,0.0,4
2026-06-05,0,1,1,2,5,1,1,1,1,6,lean,0.04370409690917465,-1,48,42,-1.0,-1.0,,0.0,0.0,4
2026-06-08,0,1,0,2,5,1,1,1,1,6,lean,0.044916107174330255,-1,48,43,-1.0,-1.0,,0.0,0.0,4
2026-06-09,0,1,1,2,5,1,1,1,1,5,mixed,0.04067414040658024,-1,48,44,-1.0,-1.0,,0.0,0.0,4
2026-06-10,4,0,0,2,5,1,-1,1,1,4,mixed,0.023274742010045424,-1,48,45,-1.0,-1.0,,0.0,0.0,3
2026-06-11,4,1,4,2,5,1,-1,1,-1,5,mixed,0.038828503852215146,-1,48,46,-1.0,-1.0,,0.0,0.0,2
2026-06-12,0,0,0,2,5,1,1,1,1,5,mixed,0.04187948198076985,-1,48,47,-1.0,-1.0,,0.0,0.0,4
2026-06-15,2,0,0,2,5,1,1,1,1,7,strong,0.05560724194323874,-1,48,48,-1.0,-1.0,,0.0,0.0,4
2026-06-16,0,0,0,0,5,1,1,1,1,7,strong,0.04784410196762001,-1,48,49,-1.0,-1.0,,0.0,0.0,4
2026-06-17,0,5,0,0,5,1,1,-1,1,6,lean,0.034009669808023446,-1,48,50,-1.0,-1.0,,0.0,0.0,3
2026-06-18,0,5,0,0,5,1,1,-1,1,7,strong,0.04242280466628634,-1,48,51,-1.0,-1.0,,0.0,0.0,3
2026-06-22,0,3,0,0,5,1,1,-1,1,7,strong,0.03680074565544589,-1,48,52,-1.0,-1.0,,0.0,0.0,3
2026-06-23,0,5,0,0,5,1,1,-1,1,4,mixed,0.020473817722085674,-1,48,53,-1.0,-1.0,,0.0,0.0,3
2026-06-24,0,5,0,0,5,1,1,-1,1,4,mixed,0.01721444076004841,-1,48,54,-1.0,-1.0,,0.0,0.0,3
2026-06-25,0,0,0,0,5,1,1,1,1,5,mixed,0.01477987014604143,-1,48,55,-1.0,-1.0,,0.0,0.0,4
2026-06-26,0,5,5,0,5,1,1,-1,-1,4,mixed,0.01240439821408379,-1,48,56,-1.0,-1.0,,0.0,0.0,2
2026-06-29,0,5,0,0,5,1,1,-1,1,6,lean,0.02210007173869044,-1,48,57,-1.0,-1.0,,0.0,0.0,3
2026-06-30,0,0,0,0,5,1,1,1,1,6,lean,0.02784581109379669,-1,48,58,-1.0,-1.0,,0.0,0.0,4
2026-07-01,0,0,0,0,5,1,1,1,1,6,lean,0.023740149375870212,-1,48,59,-1.0,-1.0,,0.0,0.0,4
2026-07-02,0,0,0,0,5,1,1,1,1,7,strong,0.021779181418561944,-1,48,60,-1.0,-1.0,,0.0,0.0,4
2026-07-06,0,3,0,0,5,1,1,-1,1,7,strong,0.027237013861094894,-1,48,61,-1.0,-1.0,,0.0,0.0,3
2026-07-07,0,0,0,0,5,1,1,1,1,8,unanimous,0.021273901021954478,-1,48,62,-1.0,-1.0,,0.0,0.0,4
2026-07-08,0,0,0,1,5,1,1,1,1,8,unanimous,0.016952766983640677,-1,48,63,-1.0,-1.0,,0.0,0.0,4
2026-07-09,0,3,3,1,5,1,1,-1,-1,8,unanimous,0.024579635098507246,-1,48,64,-1.0,-1.0,,0.0,0.0,2
2026-07-10,2,3,3,1,5,1,1,-1,-1,8,unanimous,0.040710761660828765,-1,48,65,-1.0,,,0.0,0.0,2
2026-07-13,2,3,3,1,5,1,1,-1,-1,8,unanimous,0.021465406431740885,-1,48,66,-1.0,,,0.0,0.0,2
2026-07-14,0,3,3,1,5,1,1,-1,-1,8,unanimous,0.01994507123108935,-1,48,67,-1.0,,,0.0,0.0,2
2026-07-15,0,3,3,1,5,1,1,-1,-1,8,unanimous,0.022739253283833194,-1,48,68,-1.0,,,0.0,0.0,2
2026-07-16,0,3,0,1,5,1,1,-1,1,8,unanimous,0.016686064981164428,-1,48,69,-1.0,,,0.0,0.0,3
2026-07-17,0,3,0,1,5,1,1,-1,1,5,mixed,0.0055871000403093785,-1,48,70,-1.0,,,0.0,0.0,3
2026-07-20,0,0,0,1,5,1,1,1,1,4,mixed,0.0029337246481304646,-1,48,71,-1.0,,,0.0,0.0,4
2026-07-21,0,3,3,1,5,1,1,-1,-1,8,unanimous,0.010930726465246066,-1,48,72,-1.0,,,0.0,0.0,2
2026-07-22,0,3,0,1,5,1,1,-1,1,8,unanimous,0.017802468701714536,-1,48,73,-1.0,,,0.0,0.0,3
2026-07-23,0,3,0,1,5,1,1,-1,1,4,mixed,0.006759930235553213,-1,48,74,-1.0,,,0.0,0.0,3
2026-07-24,0,0,0,1,5,1,1,1,1,4,mixed,0.007351577613179727,-1,48,75,,,,,0.0,4
2026-07-27,0,0,0,1,5,1,1,1,1,4,mixed,0.007980401777266333,-1,48,76,,,,,0.0,4
2026-07-28,0,3,0,4,5,-1,1,-1,1,3,mixed,0.001568277827844522,-1,48,1,,,,,1.0,2
2026-07-29,4,5,4,4,5,-1,-1,-1,-1,3,mixed,0.018915008656004817,-1,48,2,,,,,1.0,4
2026-07-30,0,0,0,5,5,-1,1,1,1,3,mixed,0.0025358869839029463,-1,48,3,,,,,1.0,1
2026-07-31,3,3,3,2,5,1,-1,-1,-1,8,unanimous,0.004491892268478237,-1,48,1,,,,,0.0,1
2026-08-03,3,3,3,2,5,1,-1,-1,-1,8,unanimous,0.020685509485395714,-1,48,2,,,,,0.0,1
2026-08-04,3,3,3,2,5,1,-1,-1,-1,8,unanimous,0.03584431478418959,-1,48,3,,,,,0.0,1
2026-08-05,3,3,3,2,5,1,-1,-1,-1,8,unanimous,0.033127027683803156,-1,48,4,,,,,0.0,1
2026-08-06,3,3,3,2,5,1,-1,-1,-1,8,unanimous,0.03853718030869924,-1,48,5,,,,,0.0,1
