Date,hmm_regime,gbm_regime,tsfm_regime,momo_regime,fold,momo_side,hmm_side,gbm_side,tsfm_side,votes_up,tier,flip_move,gold_side,leg_id,run_len,gold_side_fwd10,gold_side_fwd20,gold_side_fwd60,flips_within_lag,momo_hit,n_side_agree
2018-11-05,3,4,3,5,0,-1,-1,-1,-1,0,unanimous,0.010879816822468635,-1,19,20,-1.0,-1.0,1.0,0.0,1.0,4
2018-11-06,3,4,4,5,0,-1,-1,-1,-1,1,strong,0.003163343586277456,-1,19,21,-1.0,-1.0,1.0,0.0,1.0,4
2018-11-07,3,4,3,2,0,1,-1,-1,-1,6,lean,0.007951236530150951,-1,19,1,-1.0,-1.0,1.0,0.0,0.0,1
2018-11-08,3,0,3,5,0,-1,-1,1,-1,3,mixed,0.0018113492709774803,-1,19,1,-1.0,-1.0,1.0,0.0,1.0,3
2018-11-09,3,0,3,5,0,-1,-1,1,-1,2,lean,0.013522515487991216,-1,19,2,-1.0,-1.0,1.0,0.0,1.0,3
2018-11-10,3,0,3,3,0,-1,-1,1,-1,2,lean,0.008974380364535461,-1,19,3,-1.0,-1.0,1.0,0.0,1.0,3
2018-11-11,3,0,0,3,0,-1,-1,1,1,2,lean,0.008064365462961742,-1,19,4,-1.0,-1.0,1.0,0.0,1.0,2
2018-11-12,3,0,0,3,0,-1,-1,1,1,0,unanimous,0.016397078529633013,-1,19,5,-1.0,-1.0,1.0,0.0,1.0,2
2018-11-13,3,0,0,3,0,-1,-1,1,1,0,unanimous,0.02041046230781607,-1,19,6,-1.0,-1.0,1.0,0.0,1.0,2
2018-11-14,5,0,0,3,0,-1,-1,1,1,0,unanimous,0.12859792951769378,-1,19,7,-1.0,-1.0,1.0,0.0,1.0,2
2018-11-15,5,0,5,3,0,-1,-1,1,-1,0,unanimous,0.1460591353753551,-1,19,8,-1.0,-1.0,1.0,0.0,1.0,3
2018-11-16,5,0,5,3,0,-1,-1,1,-1,0,unanimous,0.1588112369103174,-1,19,9,-1.0,-1.0,1.0,0.0,1.0,3
2018-11-17,5,0,0,3,0,-1,-1,1,1,0,unanimous,0.16103239300547845,-1,19,10,-1.0,-1.0,1.0,0.0,1.0,2
2018-11-18,0,0,0,3,0,-1,1,1,1,0,unanimous,0.13781354709251792,-1,19,11,-1.0,-1.0,1.0,0.0,1.0,1
2018-11-19,5,0,5,3,0,-1,-1,1,-1,0,unanimous,0.310814516701327,-1,19,12,-1.0,-1.0,1.0,0.0,1.0,3
2018-11-20,5,4,5,3,0,-1,-1,-1,-1,0,unanimous,0.43482977296772796,-1,19,13,-1.0,-1.0,1.0,0.0,1.0,4
2018-11-21,5,4,5,3,0,-1,-1,-1,-1,0,unanimous,0.3858201442848588,-1,19,14,-1.0,-1.0,1.0,0.0,1.0,4
2018-11-22,5,4,4,3,0,-1,-1,-1,-1,0,unanimous,0.45931233709987596,-1,19,15,-1.0,-1.0,1.0,0.0,1.0,4
2018-11-23,5,4,4,3,0,-1,-1,-1,-1,0,unanimous,0.4629237434488902,-1,19,16,-1.0,-1.0,1.0,0.0,1.0,4
2018-11-24,5,4,4,4,0,-1,-1,-1,-1,0,unanimous,0.6079563581244483,-1,19,17,-1.0,-1.0,1.0,0.0,1.0,4
2018-11-25,5,4,4,4,0,-1,-1,-1,-1,0,unanimous,0.5450947575536293,-1,19,18,-1.0,1.0,1.0,0.0,1.0,4
2018-11-26,5,4,4,4,0,-1,-1,-1,-1,0,unanimous,0.6275132395264467,-1,19,19,-1.0,1.0,1.0,0.0,1.0,4
2018-11-27,5,4,4,4,0,-1,-1,-1,-1,0,unanimous,0.5970876282279654,-1,19,20,-1.0,1.0,1.0,0.0,1.0,4
2018-11-28,5,4,4,4,0,-1,-1,-1,-1,0,unanimous,0.4221958478118426,-1,19,21,-1.0,1.0,1.0,0.0,1.0,4
2018-11-29,5,4,4,4,0,-1,-1,-1,-1,0,unanimous,0.40569350040426366,-1,19,22,-1.0,1.0,1.0,0.0,1.0,4
2018-11-30,5,4,4,4,0,-1,-1,-1,-1,0,unanimous,0.48747369861731027,-1,19,23,-1.0,1.0,1.0,0.0,1.0,4
2018-12-01,5,4,4,4,0,-1,-1,-1,-1,0,unanimous,0.4075948136007306,-1,19,24,-1.0,1.0,1.0,0.0,1.0,4
2018-12-02,5,4,4,4,0,-1,-1,-1,-1,0,unanimous,0.42365840291019885,-1,19,25,-1.0,1.0,1.0,0.0,1.0,4
2018-12-03,5,4,4,4,0,-1,-1,-1,-1,0,unanimous,0.5028950783789758,-1,19,26,-1.0,1.0,1.0,0.0,1.0,4
2018-12-04,5,4,4,4,0,-1,-1,-1,-1,1,strong,0.45021584844044127,-1,19,27,-1.0,1.0,1.0,0.0,1.0,4
2018-12-05,5,4,4,4,0,-1,-1,-1,-1,0,unanimous,0.5045384919697851,-1,19,28,1.0,1.0,1.0,1.0,1.0,4
2018-12-06,5,4,4,4,0,-1,-1,-1,-1,0,unanimous,0.5834673664283967,-1,19,29,1.0,1.0,1.0,1.0,1.0,4
2018-12-07,5,4,4,4,0,-1,-1,-1,-1,0,unanimous,0.6241029184406153,-1,19,30,1.0,1.0,1.0,1.0,1.0,4
2018-12-08,5,4,4,4,0,-1,-1,-1,-1,0,unanimous,0.6126185702782989,-1,19,31,1.0,1.0,1.0,1.0,1.0,4
2018-12-09,0,4,0,5,0,-1,1,-1,1,0,unanimous,0.4105327216388326,-1,19,32,1.0,1.0,1.0,1.0,1.0,2
2018-12-10,0,4,0,5,0,-1,1,-1,1,0,unanimous,0.4356758188599943,-1,19,33,1.0,1.0,1.0,1.0,1.0,2
2018-12-11,0,0,0,5,0,-1,1,1,1,0,unanimous,0.4468768832518524,-1,19,34,1.0,1.0,1.0,1.0,1.0,1
2018-12-12,0,0,0,5,0,-1,1,1,1,0,unanimous,0.39920587717010325,-1,19,35,1.0,1.0,1.0,1.0,1.0,1
2018-12-13,0,0,0,5,0,-1,1,1,1,0,unanimous,0.4501294496778854,-1,19,36,1.0,1.0,1.0,1.0,1.0,1
2018-12-14,0,0,0,5,0,-1,1,1,1,0,unanimous,0.45775130309237055,-1,19,37,1.0,1.0,1.0,1.0,1.0,1
2018-12-15,0,0,0,5,0,-1,1,1,1,0,unanimous,0.4351598619828074,1,20,38,1.0,1.0,1.0,0.0,0.0,1
2018-12-16,0,0,0,5,0,-1,1,1,1,0,unanimous,0.40265082857007317,1,20,39,1.0,1.0,1.0,0.0,0.0,1
2018-12-17,4,4,4,5,0,-1,-1,-1,-1,1,strong,0.2630386198508783,1,20,40,1.0,1.0,1.0,0.0,0.0,4
2018-12-18,5,4,4,5,0,-1,-1,-1,-1,2,lean,0.19154040038483444,1,20,41,1.0,1.0,1.0,0.0,0.0,4
2018-12-19,5,4,4,5,0,-1,-1,-1,-1,2,lean,0.1572604610013364,1,20,42,1.0,1.0,1.0,0.0,0.0,4
2018-12-20,5,4,5,5,0,-1,-1,-1,-1,3,mixed,0.03200196432684188,1,20,43,1.0,1.0,1.0,0.0,0.0,4
2018-12-21,5,4,4,5,0,-1,-1,-1,-1,2,lean,0.08164368174093584,1,20,44,1.0,1.0,1.0,0.0,0.0,4
2018-12-22,5,4,5,5,0,-1,-1,-1,-1,2,lean,0.032568098187667927,1,20,45,1.0,1.0,1.0,0.0,0.0,4
2018-12-23,4,4,4,5,0,-1,-1,-1,-1,3,mixed,0.021455618340273208,1,20,46,1.0,1.0,1.0,0.0,0.0,4
2018-12-24,1,5,5,2,0,1,1,-1,-1,4,mixed,0.009419295549344398,1,20,1,1.0,1.0,1.0,0.0,1.0,2
2018-12-25,5,5,5,3,0,-1,-1,-1,-1,3,mixed,0.04834215816443521,1,20,1,1.0,1.0,1.0,0.0,0.0,4
2018-12-26,4,4,4,3,0,-1,-1,-1,-1,3,mixed,0.025279991614919783,1,20,2,1.0,1.0,1.0,0.0,0.0,4
2018-12-27,4,0,4,3,0,-1,-1,1,-1,3,mixed,0.07017088731378673,1,20,3,1.0,1.0,1.0,0.0,0.0,3
2018-12-28,4,2,4,0,0,1,-1,1,-1,4,mixed,0.01608136035085239,1,20,1,1.0,1.0,1.0,0.0,1.0,2
2018-12-29,4,2,4,3,0,-1,-1,1,-1,3,mixed,0.004217180533932163,1,20,1,1.0,1.0,1.0,0.0,0.0,3
2018-12-30,4,3,4,3,0,-1,-1,-1,-1,3,mixed,0.06944957550207631,1,20,2,1.0,1.0,1.0,0.0,0.0,4
2018-12-31,4,3,4,3,0,-1,-1,-1,-1,2,lean,0.04110488247924793,1,20,3,1.0,1.0,1.0,0.0,0.0,4
2019-01-01,4,0,4,3,0,-1,-1,1,-1,3,mixed,0.044402682121859716,1,20,4,1.0,1.0,1.0,0.0,0.0,3
2019-01-02,4,3,4,3,0,-1,-1,-1,-1,3,mixed,0.014092069782422945,1,20,5,1.0,1.0,1.0,0.0,0.0,4
2019-01-03,4,3,4,3,0,-1,-1,-1,-1,3,mixed,0.06303732695517206,1,20,6,1.0,1.0,1.0,0.0,0.0,4
2019-01-04,4,1,1,0,0,1,-1,1,1,4,mixed,0.008580195130880153,1,20,1,1.0,1.0,1.0,0.0,1.0,3
2019-01-05,4,1,1,3,0,-1,-1,1,1,2,lean,0.003147572142761179,1,20,1,1.0,1.0,1.0,0.0,0.0,2
2019-01-06,4,1,1,0,0,1,-1,1,1,4,mixed,0.05014557893021532,1,20,1,1.0,1.0,1.0,0.0,1.0,3
2019-01-07,4,1,1,0,0,1,-1,1,1,4,mixed,0.025173500494346635,1,20,2,1.0,1.0,1.0,0.0,1.0,3
2019-01-08,4,1,1,1,0,1,-1,1,1,4,mixed,0.030740523521019858,1,20,3,1.0,1.0,1.0,0.0,1.0,3
2019-01-09,4,1,1,4,0,-1,-1,1,1,3,mixed,0.024569451665945374,1,20,1,1.0,1.0,1.0,0.0,0.0,2
2019-01-10,4,1,1,4,0,-1,-1,1,1,0,unanimous,0.06248115298657164,1,20,2,1.0,1.0,1.0,0.0,0.0,2
2019-01-11,4,1,1,4,0,-1,-1,1,1,0,unanimous,0.08863160990579044,1,20,3,1.0,1.0,1.0,0.0,0.0,2
2019-01-12,4,1,1,4,0,-1,-1,1,1,0,unanimous,0.09222929141225777,1,20,4,1.0,1.0,1.0,0.0,0.0,2
2019-01-13,4,1,1,4,0,-1,-1,1,1,0,unanimous,0.12033078199227187,1,20,5,1.0,1.0,1.0,0.0,0.0,2
2019-01-14,4,1,1,4,0,-1,-1,1,1,0,unanimous,0.0409236764978107,1,20,6,1.0,1.0,1.0,0.0,0.0,2
2019-01-15,4,1,1,4,0,-1,-1,1,1,0,unanimous,0.062418777821307,1,20,7,1.0,1.0,1.0,0.0,0.0,2
2019-01-16,4,1,1,4,0,-1,-1,1,1,1,strong,0.06174418695064321,1,20,8,1.0,1.0,1.0,0.0,0.0,2
2019-01-17,4,1,1,4,0,-1,-1,1,1,0,unanimous,0.06669851025372786,1,20,9,1.0,1.0,1.0,0.0,0.0,2
2019-01-18,4,1,1,4,0,-1,-1,1,1,0,unanimous,0.04627290335785772,1,20,10,1.0,1.0,1.0,0.0,0.0,2
2019-01-19,4,1,1,4,0,-1,-1,1,1,0,unanimous,0.03684638823861586,1,20,11,1.0,1.0,1.0,0.0,0.0,2
2019-01-20,4,1,1,4,0,-1,-1,1,1,0,unanimous,0.05426247523562289,1,20,12,1.0,1.0,1.0,0.0,0.0,2
2019-01-21,4,1,1,4,0,-1,-1,1,1,0,unanimous,0.0586784171578878,1,20,13,1.0,1.0,1.0,0.0,0.0,2
2019-01-22,4,1,1,4,0,-1,-1,1,1,0,unanimous,0.04666903552774104,1,20,14,1.0,1.0,1.0,0.0,0.0,2
2019-01-23,4,1,1,5,0,-1,-1,1,1,1,strong,0.05274294045640793,1,20,15,1.0,1.0,1.0,0.0,0.0,2
2019-01-24,4,1,1,5,0,-1,-1,1,1,0,unanimous,0.05062111944585457,1,20,16,1.0,1.0,1.0,0.0,0.0,2
2019-01-25,2,0,2,5,0,-1,1,1,1,0,unanimous,0.049826577669812355,1,20,17,1.0,1.0,1.0,0.0,0.0,1
2019-01-26,2,0,2,5,0,-1,1,1,1,0,unanimous,0.053016738578662626,1,20,18,1.0,1.0,1.0,0.0,0.0,1
2019-01-27,2,0,2,5,0,-1,1,1,1,0,unanimous,0.05778106662314242,1,20,19,1.0,1.0,1.0,0.0,0.0,1
2019-01-28,2,0,2,5,0,-1,1,1,1,0,unanimous,0.09118334815204276,1,20,20,1.0,1.0,1.0,0.0,0.0,1
2019-01-29,2,0,0,5,0,-1,1,1,1,0,unanimous,0.0933133599118281,1,20,21,1.0,1.0,1.0,0.0,0.0,1
2019-01-30,3,0,0,5,0,-1,-1,1,1,0,unanimous,0.06391811553588056,1,20,22,1.0,1.0,1.0,0.0,0.0,2
2019-01-31,3,0,0,5,0,-1,-1,1,1,0,unanimous,0.06944877784933867,1,20,23,1.0,1.0,1.0,0.0,0.0,2
2019-02-01,3,0,3,5,0,-1,-1,1,-1,0,unanimous,0.05808328718847533,1,20,24,1.0,1.0,1.0,0.0,0.0,3
2019-02-02,4,0,0,5,0,-1,-1,1,1,0,unanimous,0.045874689738635954,1,20,25,1.0,1.0,1.0,0.0,0.0,2
2019-02-03,3,0,0,5,0,-1,-1,1,1,0,unanimous,0.0698723672435877,1,20,26,1.0,1.0,1.0,0.0,0.0,2
2019-02-04,3,0,3,5,0,-1,-1,1,-1,0,unanimous,0.049584735926632595,1,20,27,1.0,1.0,1.0,0.0,0.0,3
2019-02-05,3,0,0,5,0,-1,-1,1,1,1,strong,0.054422955022467745,1,20,28,1.0,1.0,1.0,0.0,0.0,2
2019-02-06,3,0,3,5,0,-1,-1,1,-1,0,unanimous,0.0774523142812813,1,20,29,1.0,1.0,1.0,0.0,0.0,3
2019-02-07,3,0,0,5,0,-1,-1,1,1,0,unanimous,0.07600230274752606,1,20,30,1.0,1.0,1.0,0.0,0.0,2
2019-02-08,1,0,0,2,0,1,1,1,1,4,mixed,0.002110115455680295,1,20,1,1.0,1.0,1.0,0.0,1.0,4
2019-02-09,2,0,0,2,0,1,1,1,1,5,mixed,0.019119054348368247,1,20,2,1.0,1.0,1.0,0.0,1.0,4
2019-02-10,2,0,0,2,0,1,1,1,1,6,lean,0.030934942753266914,1,20,3,1.0,1.0,1.0,0.0,1.0,4
2019-02-11,2,0,0,2,0,1,1,1,1,5,mixed,0.012019829801608317,1,20,4,1.0,1.0,1.0,0.0,1.0,4
2019-02-12,2,0,2,2,0,1,1,1,1,5,mixed,0.01872313747418697,1,20,5,1.0,1.0,1.0,0.0,1.0,4
2019-02-13,2,0,0,2,0,1,1,1,1,4,mixed,0.00859153962963266,1,20,6,1.0,1.0,1.0,0.0,1.0,4
2019-02-14,2,0,0,2,0,1,1,1,1,4,mixed,0.0047319751188410475,1,20,7,1.0,1.0,1.0,0.0,1.0,4
2019-02-15,2,0,0,2,0,1,1,1,1,5,mixed,0.0050680200805874875,1,20,8,1.0,1.0,1.0,0.0,1.0,4
2019-02-16,2,0,2,2,0,1,1,1,1,4,mixed,0.005865371184881174,1,20,9,1.0,1.0,1.0,0.0,1.0,4
2019-02-17,1,1,1,2,0,1,1,1,1,4,mixed,0.020583997035803048,1,20,10,1.0,1.0,1.0,0.0,1.0,4
2019-02-18,1,1,1,2,0,1,1,1,1,5,mixed,0.06357309533663624,1,20,11,1.0,1.0,1.0,0.0,1.0,4
2019-02-19,1,1,1,2,0,1,1,1,1,7,strong,0.06989720422687795,1,20,12,1.0,1.0,1.0,0.0,1.0,4
2019-02-20,1,1,1,2,0,1,1,1,1,6,lean,0.0774115538020047,1,20,13,1.0,1.0,1.0,0.0,1.0,4
2019-02-21,1,1,1,2,0,1,1,1,1,6,lean,0.07730864059103726,1,20,14,1.0,1.0,1.0,0.0,1.0,4
2019-02-22,1,1,1,2,0,1,1,1,1,6,lean,0.08648545867844759,1,20,15,1.0,1.0,1.0,0.0,1.0,4
2019-02-23,1,1,1,2,0,1,1,1,1,7,strong,0.10981687563380538,1,20,16,1.0,1.0,1.0,0.0,1.0,4
2019-02-24,1,1,1,2,0,1,1,1,1,6,lean,0.028374925771424753,1,20,17,1.0,1.0,1.0,0.0,1.0,4
2019-02-25,1,1,1,2,0,1,1,1,1,7,strong,0.05868674137882901,1,20,18,1.0,1.0,1.0,0.0,1.0,4
2019-02-26,1,1,1,2,0,1,1,1,1,6,lean,0.038946179681125126,1,20,19,1.0,1.0,1.0,0.0,1.0,4
2019-02-27,1,1,1,2,0,1,1,1,1,7,strong,0.037970594637774635,1,20,20,1.0,1.0,1.0,0.0,1.0,4
2019-02-28,1,1,1,2,0,1,1,1,1,5,mixed,0.026715998018282394,1,20,21,1.0,1.0,1.0,0.0,1.0,4
2019-03-01,1,1,1,2,0,1,1,1,1,6,lean,0.03028391366737182,1,20,22,1.0,1.0,1.0,0.0,1.0,4
2019-03-02,2,1,1,2,0,1,1,1,1,6,lean,0.032418393010810176,1,20,23,1.0,1.0,1.0,0.0,1.0,4
2019-03-03,2,1,1,2,0,1,1,1,1,5,mixed,0.029349990589503272,1,20,24,1.0,1.0,1.0,0.0,1.0,4
2019-03-04,2,1,1,2,0,1,1,1,1,4,mixed,0.007346732833380831,1,20,25,1.0,1.0,1.0,0.0,1.0,4
2019-03-05,1,1,1,0,0,1,1,1,1,6,lean,0.04233736408367628,1,20,26,1.0,1.0,1.0,0.0,1.0,4
2019-03-06,1,1,1,0,0,1,1,1,1,7,strong,0.043890393941414696,1,20,27,1.0,1.0,1.0,0.0,1.0,4
2019-03-07,1,1,1,0,0,1,1,1,1,6,lean,0.045518958509738305,1,20,28,1.0,1.0,1.0,0.0,1.0,4
2019-03-08,1,1,1,0,0,1,1,1,1,6,lean,0.0438816805327048,1,20,29,1.0,1.0,1.0,0.0,1.0,4
2019-03-09,1,1,1,0,0,1,1,1,1,6,lean,0.05984528598193617,1,20,30,1.0,1.0,1.0,0.0,1.0,4
2019-03-10,2,1,1,0,0,1,1,1,1,6,lean,0.024500064964540158,1,20,31,1.0,1.0,1.0,0.0,1.0,4
2019-03-11,2,1,1,0,0,1,1,1,1,5,mixed,0.03973694048670551,1,20,32,1.0,1.0,1.0,0.0,1.0,4
2019-03-12,2,1,1,0,0,1,1,1,1,6,lean,0.03776724411909338,1,20,33,1.0,1.0,1.0,0.0,1.0,4
2019-03-13,2,1,1,0,0,1,1,1,1,6,lean,0.03440198081689094,1,20,34,1.0,1.0,1.0,0.0,1.0,4
2019-03-14,2,1,1,0,0,1,1,1,1,6,lean,0.04148743553029277,1,20,35,1.0,1.0,1.0,0.0,1.0,4
2019-03-15,2,1,2,0,0,1,1,1,1,6,lean,0.042136779762991794,1,20,36,1.0,1.0,1.0,0.0,1.0,4
2019-03-16,2,1,1,0,0,1,1,1,1,7,strong,0.059734637840174964,1,20,37,1.0,1.0,1.0,0.0,1.0,4
2019-03-17,2,1,2,0,0,1,1,1,1,7,strong,0.05053621086336613,1,20,38,1.0,1.0,1.0,0.0,1.0,4
2019-03-18,2,1,1,0,0,1,1,1,1,7,strong,0.04836188368934635,1,20,39,1.0,1.0,1.0,0.0,1.0,4
2019-03-19,2,1,1,1,0,1,1,1,1,7,strong,0.05407333291555716,1,20,40,1.0,1.0,1.0,0.0,1.0,4
2019-03-20,2,1,1,1,0,1,1,1,1,7,strong,0.05692777152581696,1,20,41,1.0,1.0,1.0,0.0,1.0,4
2019-03-21,2,1,1,1,0,1,1,1,1,7,strong,0.04212692791976891,1,20,42,1.0,1.0,1.0,0.0,1.0,4
2019-03-22,2,1,1,1,0,1,1,1,1,7,strong,0.03965071597957892,1,20,43,1.0,1.0,1.0,0.0,1.0,4
2019-03-23,2,1,1,1,0,1,1,1,1,7,strong,0.04674399127202067,1,20,44,1.0,1.0,1.0,0.0,1.0,4
2019-03-24,2,1,1,1,0,1,1,1,1,7,strong,0.0602749010443282,1,20,45,1.0,1.0,1.0,0.0,1.0,4
2019-03-25,2,1,1,1,0,1,1,1,1,6,lean,0.01682926298873688,1,20,46,1.0,1.0,1.0,0.0,1.0,4
2019-03-26,2,1,1,1,0,1,1,1,1,6,lean,0.020360486386878374,1,20,47,1.0,1.0,1.0,0.0,1.0,4
2019-03-27,2,1,1,1,0,1,1,1,1,7,strong,0.042960348608292565,1,20,48,1.0,1.0,1.0,0.0,1.0,4
2019-03-28,2,1,1,1,0,1,1,1,1,7,strong,0.04128069834499337,1,20,49,1.0,1.0,1.0,0.0,1.0,4
2019-03-29,2,1,2,1,0,1,1,1,1,7,strong,0.03547865221212276,1,20,50,1.0,1.0,1.0,0.0,1.0,4
2019-03-30,2,1,1,1,0,1,1,1,1,7,strong,0.03775825046014236,1,20,51,1.0,1.0,1.0,0.0,1.0,4
2019-03-31,2,1,1,1,0,1,1,1,1,7,strong,0.04875938823016723,1,20,52,1.0,1.0,1.0,0.0,1.0,4
2019-04-01,2,1,1,1,0,1,1,1,1,7,strong,0.05988838133203789,1,20,53,1.0,1.0,1.0,0.0,1.0,4
2019-04-02,1,1,1,1,0,1,1,1,1,8,unanimous,0.19942315331514238,1,20,54,1.0,1.0,1.0,0.0,1.0,4
2019-04-03,1,1,1,2,0,1,1,1,1,8,unanimous,0.21086832871384464,1,20,55,1.0,1.0,1.0,0.0,1.0,4
2019-04-04,1,1,1,2,0,1,1,1,1,8,unanimous,0.19539447556073797,1,20,56,1.0,1.0,1.0,0.0,1.0,4
2019-04-05,1,1,1,2,0,1,1,1,1,8,unanimous,0.2087883489125627,1,20,57,1.0,1.0,1.0,0.0,1.0,4
2019-04-06,1,1,1,2,0,1,1,1,1,8,unanimous,0.2044714859513712,1,20,58,1.0,1.0,1.0,0.0,1.0,4
2019-04-07,1,1,1,2,0,1,1,1,1,8,unanimous,0.2243532915870733,1,20,59,1.0,1.0,1.0,0.0,1.0,4
2019-04-08,1,1,1,2,0,1,1,1,1,8,unanimous,0.23036551326073285,1,20,60,1.0,1.0,1.0,0.0,1.0,4
2019-04-09,1,1,1,2,0,1,1,1,1,8,unanimous,0.21469569422561774,1,20,61,1.0,1.0,1.0,0.0,1.0,4
2019-04-10,1,1,1,2,0,1,1,1,1,8,unanimous,0.23486581423916375,1,20,62,1.0,1.0,1.0,0.0,1.0,4
2019-04-11,1,1,1,2,0,1,1,1,1,8,unanimous,0.19010612363378598,1,20,63,1.0,1.0,1.0,0.0,1.0,4
2019-04-12,1,1,1,2,0,1,1,1,1,8,unanimous,0.18937676514917612,1,20,64,1.0,1.0,1.0,0.0,1.0,4
2019-04-13,1,1,1,2,0,1,1,1,1,8,unanimous,0.1857220827779703,1,20,65,1.0,1.0,1.0,0.0,1.0,4
2019-04-14,1,1,1,2,0,1,1,1,1,8,unanimous,0.1921276053749218,1,20,66,1.0,1.0,1.0,0.0,1.0,4
2019-04-15,1,1,1,2,0,1,1,1,1,8,unanimous,0.17089882470289097,1,20,67,1.0,1.0,1.0,0.0,1.0,4
2019-04-16,1,1,1,2,0,1,1,1,1,8,unanimous,0.19289256658767717,1,20,68,1.0,1.0,1.0,0.0,1.0,4
2019-04-17,1,1,1,2,0,1,1,1,1,8,unanimous,0.19022739208372486,1,20,69,1.0,1.0,1.0,0.0,1.0,4
2019-04-18,1,1,1,2,0,1,1,1,1,8,unanimous,0.1922779469306215,1,20,70,1.0,1.0,1.0,0.0,1.0,4
2019-04-19,1,1,1,2,0,1,1,1,1,8,unanimous,0.18868585232176294,1,20,71,1.0,1.0,1.0,0.0,1.0,4
2019-04-20,1,1,1,0,0,1,1,1,1,8,unanimous,0.1895568485842939,1,20,72,1.0,1.0,1.0,0.0,1.0,4
2019-04-21,1,1,1,0,0,1,1,1,1,8,unanimous,0.1817279430359876,1,20,73,1.0,1.0,1.0,0.0,1.0,4
2019-04-22,2,1,1,0,0,1,1,1,1,8,unanimous,0.16107839089641496,1,20,74,1.0,1.0,1.0,0.0,1.0,4
2019-04-23,2,1,1,0,0,1,1,1,1,8,unanimous,0.18822617447220047,1,20,75,1.0,1.0,1.0,0.0,1.0,4
2019-04-24,2,1,1,0,0,1,1,1,1,8,unanimous,0.17319253169450322,1,20,76,1.0,1.0,1.0,0.0,1.0,4
2019-04-25,2,1,1,0,0,1,1,1,1,7,strong,0.13392955468492862,1,20,77,1.0,1.0,1.0,0.0,1.0,4
2019-04-26,2,1,1,0,0,1,1,1,1,8,unanimous,0.14659373305853518,1,20,78,1.0,1.0,1.0,0.0,1.0,4
2019-04-27,2,1,1,0,0,1,1,1,1,8,unanimous,0.14610296488215235,1,20,79,1.0,1.0,-1.0,0.0,1.0,4
2019-04-28,2,1,1,0,0,1,1,1,1,6,lean,0.14508034263298686,1,20,80,1.0,1.0,-1.0,0.0,1.0,4
2019-04-29,2,1,1,0,0,1,1,1,1,6,lean,0.13430389702515033,1,20,81,1.0,1.0,-1.0,0.0,1.0,4
2019-04-30,2,1,1,0,0,1,1,1,1,8,unanimous,0.14663287392262947,1,20,82,1.0,1.0,-1.0,0.0,1.0,4
2019-05-01,2,1,1,0,0,1,1,1,1,8,unanimous,0.15017894876040905,1,20,83,1.0,1.0,-1.0,0.0,1.0,4
2019-05-02,2,1,1,0,0,1,1,1,1,8,unanimous,0.16122566981742859,1,20,84,1.0,1.0,-1.0,0.0,1.0,4
2019-05-03,2,1,1,0,0,1,1,1,1,8,unanimous,0.19434603840320497,1,20,85,1.0,1.0,-1.0,0.0,1.0,4
2019-05-04,2,1,1,0,0,1,1,1,1,8,unanimous,0.19759247026194804,1,20,86,1.0,1.0,-1.0,0.0,1.0,4
2019-05-05,2,1,1,0,0,1,1,1,1,8,unanimous,0.18704718764011763,1,20,87,1.0,1.0,-1.0,0.0,1.0,4
2019-05-06,2,1,1,0,0,1,1,1,1,8,unanimous,0.17457234649308195,1,20,88,1.0,1.0,-1.0,0.0,1.0,4
2019-05-07,1,1,1,0,0,1,1,1,1,8,unanimous,0.18091517969622983,1,20,89,1.0,1.0,-1.0,0.0,1.0,4
2019-05-08,1,1,1,0,0,1,1,1,1,8,unanimous,0.19656989709525552,1,20,90,1.0,1.0,-1.0,0.0,1.0,4
2019-05-09,1,1,1,0,0,1,1,1,1,8,unanimous,0.21598749848315668,1,20,91,1.0,1.0,-1.0,0.0,1.0,4
2019-05-10,1,1,1,0,0,1,1,1,1,8,unanimous,0.23507039878117997,1,20,92,1.0,1.0,-1.0,0.0,1.0,4
2019-05-11,1,1,1,0,0,1,1,1,1,8,unanimous,0.3169485352434951,1,20,93,1.0,1.0,-1.0,0.0,1.0,4
2019-05-12,1,5,1,0,0,1,1,-1,1,8,unanimous,0.2861641292640582,1,20,94,1.0,1.0,-1.0,0.0,1.0,3
2019-05-13,1,5,1,0,0,1,1,-1,1,8,unanimous,0.3565137979688131,1,20,95,1.0,1.0,-1.0,0.0,1.0,3
2019-05-14,1,1,1,0,0,1,1,1,1,8,unanimous,0.3627912172906341,1,20,96,1.0,1.0,-1.0,0.0,1.0,4
2019-05-15,1,1,1,0,0,1,1,1,1,8,unanimous,0.3710076110221685,1,20,97,1.0,1.0,-1.0,0.0,1.0,4
2019-05-16,1,1,1,0,0,1,1,1,1,8,unanimous,0.3364749667327508,1,20,98,1.0,1.0,-1.0,0.0,1.0,4
2019-05-17,1,1,1,1,0,1,1,1,1,8,unanimous,0.2826299053383118,1,20,99,1.0,1.0,-1.0,0.0,1.0,4
2019-05-18,1,1,1,1,0,1,1,1,1,8,unanimous,0.2731415255240026,1,20,100,1.0,1.0,-1.0,0.0,1.0,4
2019-05-19,1,5,1,1,0,1,1,-1,1,8,unanimous,0.3598985947116864,1,20,101,1.0,1.0,-1.0,0.0,1.0,3
2019-05-20,1,5,1,1,0,1,1,-1,1,8,unanimous,0.32934077791609906,1,20,102,1.0,1.0,-1.0,0.0,1.0,3
2019-05-21,1,5,1,1,0,1,1,-1,1,8,unanimous,0.3215528090652371,1,20,103,1.0,1.0,-1.0,0.0,1.0,3
2019-05-22,2,5,5,1,0,1,1,-1,-1,8,unanimous,0.28317238417026225,1,20,104,1.0,1.0,-1.0,0.0,1.0,2
2019-05-23,2,5,5,1,0,1,1,-1,-1,8,unanimous,0.2802702248574076,1,20,105,1.0,1.0,-1.0,0.0,1.0,2
2019-05-24,2,5,5,1,0,1,1,-1,-1,7,strong,0.2814632931714346,1,20,106,1.0,1.0,-1.0,0.0,1.0,2
2019-05-25,2,5,5,0,0,1,1,-1,-1,7,strong,0.28026366134052405,1,20,107,1.0,1.0,-1.0,0.0,1.0,2
2019-05-26,2,5,5,0,0,1,1,-1,-1,8,unanimous,0.3374075720049141,1,20,108,1.0,1.0,-1.0,0.0,1.0,2
2019-05-27,1,5,5,0,0,1,1,-1,-1,8,unanimous,0.3379913446836722,1,20,109,1.0,1.0,-1.0,0.0,1.0,2
2019-05-28,1,5,5,0,0,1,1,-1,-1,8,unanimous,0.31393536135938094,1,20,110,1.0,1.0,1.0,0.0,1.0,2
2019-05-29,2,5,5,0,0,1,1,-1,-1,8,unanimous,0.2943831219350339,1,20,111,1.0,1.0,1.0,0.0,1.0,2
2019-05-30,2,5,5,0,0,1,1,-1,-1,8,unanimous,0.2562667730485886,1,20,112,1.0,1.0,1.0,0.0,1.0,2
2019-05-31,2,5,2,0,0,1,1,-1,1,8,unanimous,0.27016185770938306,1,20,113,1.0,1.0,1.0,0.0,1.0,3
2019-06-01,2,1,2,0,0,1,1,1,1,8,unanimous,0.2619562038748522,1,20,114,1.0,1.0,1.0,0.0,1.0,4
2019-06-02,2,0,0,0,0,1,1,1,1,8,unanimous,0.2701001614398918,1,20,115,1.0,1.0,1.0,0.0,1.0,4
2019-06-03,2,0,2,0,0,1,1,1,1,8,unanimous,0.21473554228140723,1,20,116,1.0,1.0,1.0,0.0,1.0,4
2019-06-04,2,0,2,0,0,1,1,1,1,5,mixed,0.1566952189278309,1,20,117,1.0,1.0,1.0,0.0,1.0,4
2019-06-05,2,0,0,0,0,1,1,1,1,5,mixed,0.16351136237758845,1,20,118,1.0,1.0,1.0,0.0,1.0,4
2019-06-06,2,0,0,0,0,1,1,1,1,6,lean,0.15758653125568745,1,20,119,1.0,-1.0,1.0,0.0,1.0,4
2019-06-07,2,0,0,0,0,1,1,1,1,6,lean,0.17549257973144483,1,20,120,1.0,-1.0,1.0,0.0,1.0,4
2019-06-08,2,0,0,0,0,1,1,1,1,5,mixed,0.1601321969585381,1,20,121,1.0,-1.0,1.0,0.0,1.0,4
2019-06-09,2,0,0,0,0,1,1,1,1,5,mixed,0.12527086978529656,1,20,122,1.0,-1.0,1.0,0.0,1.0,4
2019-06-10,2,0,0,0,0,1,1,1,1,6,lean,0.15385327851188346,1,20,123,1.0,-1.0,1.0,0.0,1.0,4
2019-06-11,2,0,0,0,0,1,1,1,1,6,lean,0.1398796954340671,1,20,124,1.0,-1.0,1.0,0.0,1.0,4
2019-06-12,2,0,0,0,0,1,1,1,1,6,lean,0.15702264974039248,1,20,125,1.0,-1.0,1.0,0.0,1.0,4
2019-06-13,2,0,0,0,0,1,1,1,1,7,strong,0.15960221255373142,1,20,126,1.0,-1.0,1.0,0.0,1.0,4
2019-06-14,2,0,0,0,0,1,1,1,1,8,unanimous,0.1981817274538742,1,20,127,1.0,-1.0,1.0,0.0,1.0,4
2019-06-15,2,0,0,0,0,1,1,1,1,8,unanimous,0.20466273855158534,1,20,128,1.0,-1.0,1.0,0.0,1.0,4
2019-06-16,2,0,0,0,0,1,1,1,1,8,unanimous,0.21170879160187195,1,20,129,-1.0,-1.0,1.0,1.0,1.0,4
2019-06-17,2,0,0,0,0,1,1,1,1,8,unanimous,0.23254814537136892,1,20,130,-1.0,-1.0,1.0,1.0,1.0,4
2019-06-18,2,0,0,0,0,1,1,1,1,8,unanimous,0.2048901701166579,1,20,131,-1.0,-1.0,1.0,1.0,1.0,4
2019-06-19,2,0,0,0,0,1,1,1,1,8,unanimous,0.21448887164526942,1,20,132,-1.0,-1.0,1.0,1.0,1.0,4
2019-06-20,2,0,0,1,0,1,1,1,1,8,unanimous,0.2283581115631118,1,20,133,-1.0,-1.0,1.0,1.0,1.0,4
2019-06-21,2,0,0,1,0,1,1,1,1,8,unanimous,0.2684235750152326,1,20,134,-1.0,-1.0,1.0,1.0,1.0,4
2019-06-22,2,0,2,1,0,1,1,1,1,8,unanimous,0.2992684039573852,1,20,135,-1.0,-1.0,1.0,1.0,1.0,4
2019-06-23,2,3,3,1,0,1,1,-1,-1,8,unanimous,0.30101210039489923,1,20,136,-1.0,-1.0,1.0,1.0,1.0,2
2019-06-24,1,3,2,1,0,1,1,-1,1,8,unanimous,0.3022089723153275,1,20,137,-1.0,-1.0,1.0,1.0,1.0,3
2019-06-25,1,2,1,1,0,1,1,1,1,8,unanimous,0.34011943758086227,1,20,138,-1.0,-1.0,1.0,1.0,1.0,4
2019-06-26,1,2,1,1,0,1,1,1,1,8,unanimous,0.3990562114415287,-1,21,139,-1.0,-1.0,1.0,0.0,0.0,4
2019-06-27,5,5,5,1,0,1,-1,-1,-1,8,unanimous,0.2826322014535363,-1,21,140,-1.0,-1.0,1.0,0.0,0.0,1
2019-06-28,1,5,5,1,0,1,1,-1,-1,8,unanimous,0.35891713789445945,-1,21,141,-1.0,-1.0,1.0,0.0,0.0,2
2019-06-29,1,5,5,1,0,1,1,-1,-1,8,unanimous,0.3571503812223612,-1,21,142,-1.0,-1.0,1.0,0.0,0.0,2
2019-06-30,5,5,5,1,0,1,-1,-1,-1,8,unanimous,0.2604035545750849,-1,21,143,-1.0,-1.0,1.0,0.0,0.0,1
2019-07-01,5,3,5,1,0,1,-1,-1,-1,8,unanimous,0.2509105731868124,-1,21,144,-1.0,-1.0,1.0,0.0,0.0,1
2019-07-02,5,3,5,1,0,1,-1,-1,-1,8,unanimous,0.24587109315881372,-1,21,145,-1.0,-1.0,1.0,0.0,0.0,1
2019-07-03,5,3,5,1,0,1,-1,-1,-1,8,unanimous,0.311868710372181,-1,21,146,-1.0,-1.0,1.0,0.0,0.0,1
2019-07-04,5,3,3,1,0,1,-1,-1,-1,8,unanimous,0.22483335957134976,-1,21,147,-1.0,-1.0,1.0,0.0,0.0,1
2019-07-05,5,0,5,2,0,1,-1,1,-1,7,strong,0.19782968046764027,-1,21,148,-1.0,-1.0,-1.0,0.0,0.0,2
2019-07-06,5,0,5,0,0,1,-1,1,-1,7,strong,0.20651069068616634,-1,21,149,-1.0,-1.0,-1.0,0.0,0.0,2
2019-07-07,5,0,5,0,0,1,-1,1,-1,8,unanimous,0.2155651611639806,-1,21,150,-1.0,1.0,-1.0,0.0,0.0,2
2019-07-08,5,3,5,0,0,1,-1,-1,-1,7,strong,0.26160644693664525,-1,21,151,-1.0,1.0,-1.0,0.0,0.0,1
2019-07-09,2,3,3,0,0,1,1,-1,-1,8,unanimous,0.27054799999751467,-1,21,152,-1.0,1.0,-1.0,0.0,0.0,2
2019-07-10,2,2,2,0,0,1,1,1,1,8,unanimous,0.2380221529704727,-1,21,153,-1.0,1.0,-1.0,0.0,0.0,4
2019-07-11,0,3,0,0,0,1,1,-1,1,7,strong,0.17676394636533055,-1,21,154,-1.0,1.0,-1.0,0.0,0.0,3
2019-07-12,0,0,0,0,0,1,1,1,1,8,unanimous,0.2035431137257252,-1,21,155,-1.0,1.0,-1.0,0.0,0.0,4
2019-07-13,0,0,0,0,0,1,1,1,1,6,lean,0.16824254746852563,-1,21,156,-1.0,1.0,-1.0,0.0,0.0,4
2019-07-14,0,0,0,0,0,1,1,1,1,5,mixed,0.07082077441449275,-1,21,157,-1.0,1.0,-1.0,0.0,0.0,4
2019-07-15,0,3,0,0,0,1,1,-1,1,5,mixed,0.12163133190593012,-1,21,158,-1.0,1.0,-1.0,0.0,0.0,3
2019-07-16,5,0,0,3,0,-1,-1,1,1,3,mixed,0.016085614351538213,-1,21,1,-1.0,1.0,-1.0,0.0,1.0,2
2019-07-17,5,0,0,0,0,1,-1,1,1,4,mixed,0.0027141325456609966,-1,21,1,1.0,1.0,-1.0,1.0,0.0,3
2019-07-18,0,0,0,0,0,1,1,1,1,5,mixed,0.09127958611465647,-1,21,2,1.0,1.0,-1.0,1.0,0.0,4
2019-07-19,0,0,0,0,0,1,1,1,1,5,mixed,0.07523881616484795,-1,21,3,1.0,1.0,-1.0,1.0,0.0,4
2019-07-20,0,0,0,1,0,1,1,1,1,5,mixed,0.09150171393332829,-1,21,4,1.0,1.0,-1.0,1.0,0.0,4
2019-07-21,5,0,0,1,0,1,-1,1,1,5,mixed,0.07216215361454592,-1,21,5,1.0,1.0,-1.0,1.0,0.0,3
2019-07-22,5,0,0,1,0,1,-1,1,1,4,mixed,0.04474477975347824,-1,21,6,1.0,1.0,-1.0,1.0,0.0,3
2019-07-23,5,0,0,4,0,-1,-1,1,1,3,mixed,0.0019661664329300166,-1,21,1,1.0,1.0,-1.0,1.0,1.0,2
2019-07-24,5,0,0,4,0,-1,-1,1,1,3,mixed,0.014231067493309268,-1,21,2,1.0,1.0,-1.0,1.0,1.0,2
2019-07-25,5,0,0,4,0,-1,-1,1,1,3,mixed,0.005954325386364312,-1,21,3,1.0,1.0,-1.0,1.0,1.0,2
2019-07-26,5,0,0,1,0,1,-1,1,1,4,mixed,0.03978217093156744,-1,21,1,1.0,1.0,-1.0,1.0,0.0,3
2019-07-27,5,0,0,4,0,-1,-1,1,1,3,mixed,0.022803581853825472,1,22,1,1.0,1.0,-1.0,0.0,0.0,2
2019-07-28,5,0,0,4,0,-1,-1,1,1,3,mixed,0.04921160268513236,1,22,2,1.0,1.0,-1.0,0.0,0.0,2
2019-07-29,5,0,0,4,0,-1,-1,1,1,3,mixed,0.05512378055769096,1,22,3,1.0,1.0,-1.0,0.0,0.0,2
2019-07-30,5,0,0,4,0,-1,-1,1,1,3,mixed,0.04709523422282036,1,22,4,1.0,1.0,-1.0,0.0,0.0,2
2019-07-31,0,0,0,1,0,1,1,1,1,4,mixed,0.0007986967106444753,1,22,1,1.0,1.0,-1.0,0.0,1.0,4
2019-08-01,0,0,0,1,0,1,1,1,1,6,lean,0.028783537027131212,1,22,2,1.0,1.0,-1.0,0.0,1.0,4
2019-08-02,0,0,0,1,0,1,1,1,1,6,lean,0.05869908401668211,1,22,3,1.0,1.0,-1.0,0.0,1.0,4
2019-08-03,0,0,0,1,0,1,1,1,1,7,strong,0.09331235412556194,1,22,4,1.0,1.0,-1.0,0.0,1.0,4
2019-08-04,0,0,0,2,0,1,1,1,1,8,unanimous,0.09647447284538735,1,22,5,1.0,1.0,-1.0,0.0,1.0,4
2019-08-05,4,4,4,2,0,1,-1,-1,-1,8,unanimous,0.1971946537464796,1,22,6,1.0,1.0,-1.0,0.0,1.0,1
2019-08-06,4,4,4,0,0,1,-1,-1,-1,8,unanimous,0.17428661491818065,1,22,7,1.0,1.0,-1.0,0.0,1.0,1
2019-08-07,4,4,4,0,0,1,-1,-1,-1,8,unanimous,0.2000598434355726,1,22,8,1.0,1.0,-1.0,0.0,1.0,1
2019-08-08,4,4,4,0,0,1,-1,-1,-1,8,unanimous,0.2045109841588607,1,22,9,1.0,1.0,-1.0,0.0,1.0,1
2019-08-09,4,0,4,0,0,1,-1,1,-1,8,unanimous,0.19013105994930546,1,22,10,1.0,1.0,-1.0,0.0,1.0,2
2019-08-10,0,0,0,0,0,1,1,1,1,8,unanimous,0.11171338356504068,1,22,11,1.0,1.0,-1.0,0.0,1.0,4
2019-08-11,0,4,0,0,0,1,1,-1,1,8,unanimous,0.1024397581555142,1,22,12,1.0,1.0,-1.0,0.0,1.0,3
2019-08-12,0,4,0,0,0,1,1,-1,1,8,unanimous,0.13018524084020322,1,22,13,1.0,1.0,-1.0,0.0,1.0,3
2019-08-13,0,4,0,0,0,1,1,-1,1,8,unanimous,0.09947881796092795,1,22,14,1.0,1.0,-1.0,0.0,1.0,3
2019-08-14,0,4,0,0,0,1,1,-1,1,4,mixed,0.013914287893309396,1,22,15,1.0,-1.0,-1.0,0.0,1.0,3
2019-08-15,0,4,4,0,0,1,1,-1,-1,4,mixed,0.04279108019747657,1,22,16,1.0,-1.0,-1.0,0.0,1.0,2
2019-08-16,0,4,0,0,0,1,1,-1,1,4,mixed,0.06407644697702342,1,22,17,1.0,-1.0,-1.0,0.0,1.0,3
2019-08-17,0,0,0,0,0,1,1,1,1,4,mixed,0.04688679831755738,1,22,18,1.0,-1.0,-1.0,0.0,1.0,4
2019-08-18,0,0,0,0,0,1,1,1,1,4,mixed,0.05363349697772313,1,22,19,1.0,-1.0,-1.0,0.0,1.0,4
2019-08-19,0,0,0,0,0,1,1,1,1,6,lean,0.1001641732824099,1,22,20,1.0,-1.0,-1.0,0.0,1.0,4
2019-08-20,0,0,0,1,0,1,1,1,1,5,mixed,0.05748048142048989,1,22,21,1.0,-1.0,-1.0,0.0,1.0,4
2019-08-21,0,0,0,4,0,-1,1,1,1,2,lean,0.04271933493481761,1,22,1,1.0,-1.0,-1.0,0.0,0.0,1
2019-08-22,0,0,0,4,0,-1,1,1,1,2,lean,0.04026457011867657,1,22,2,1.0,-1.0,-1.0,0.0,0.0,1
2019-08-23,0,0,0,4,0,-1,1,1,1,2,lean,0.039754334777414746,1,22,3,1.0,-1.0,-1.0,0.0,0.0,1
2019-08-24,0,0,0,4,0,-1,1,1,1,3,mixed,0.035760151246511995,1,22,4,-1.0,-1.0,-1.0,1.0,0.0,1
2019-08-25,0,0,0,4,0,-1,1,1,1,2,lean,0.03967645798777508,1,22,5,-1.0,-1.0,-1.0,1.0,0.0,1
2019-08-26,0,0,0,4,0,-1,1,1,1,2,lean,0.017487592265458485,1,22,6,-1.0,-1.0,-1.0,1.0,0.0,1
2019-08-27,0,0,0,4,0,-1,1,1,1,2,lean,0.03525599232789456,1,22,7,-1.0,-1.0,-1.0,1.0,0.0,1
2019-08-28,0,0,0,4,0,-1,1,1,1,1,strong,0.08009955656030465,1,22,8,-1.0,-1.0,-1.0,1.0,0.0,1
2019-08-29,0,0,0,4,0,-1,1,1,1,1,strong,0.10510614742881796,1,22,9,-1.0,-1.0,-1.0,1.0,0.0,1
2019-08-30,0,0,0,4,0,-1,1,1,1,1,strong,0.09206816200466306,1,22,10,-1.0,-1.0,-1.0,1.0,0.0,1
2019-08-31,0,0,0,4,0,-1,1,1,1,1,strong,0.06932311385452206,1,22,11,-1.0,-1.0,-1.0,1.0,0.0,1
2019-09-01,0,0,0,4,0,-1,1,1,1,1,strong,0.045922762682443,1,22,12,-1.0,-1.0,-1.0,1.0,0.0,1
2019-09-02,0,4,0,4,0,-1,1,-1,1,3,mixed,0.005915291083609331,1,22,13,-1.0,-1.0,-1.0,1.0,0.0,2
2019-09-03,4,4,4,1,0,1,-1,-1,-1,7,strong,0.04347085811592866,-1,23,1,-1.0,-1.0,-1.0,0.0,0.0,1
2019-09-04,4,4,4,2,0,1,-1,-1,-1,7,strong,0.03879088081574433,-1,23,2,-1.0,-1.0,-1.0,0.0,0.0,1
2019-09-05,4,0,0,2,0,1,-1,1,1,7,strong,0.019357216954745016,-1,23,3,-1.0,-1.0,-1.0,0.0,0.0,3
2019-09-06,4,4,4,2,0,1,-1,-1,-1,5,mixed,0.012700356326031614,-1,23,4,-1.0,-1.0,-1.0,0.0,0.0,1
2019-09-07,4,0,4,2,0,1,-1,1,-1,6,lean,0.026137908343526695,-1,23,5,-1.0,-1.0,-1.0,0.0,0.0,2
2019-09-08,0,0,0,2,0,1,1,1,1,4,mixed,0.01717191991243283,-1,23,6,-1.0,-1.0,-1.0,0.0,0.0,4
2019-09-09,0,4,0,2,0,1,1,-1,1,4,mixed,0.00522814868307564,-1,23,7,-1.0,-1.0,-1.0,0.0,0.0,3
2019-09-10,0,0,0,5,0,-1,1,1,1,2,lean,0.006393485836225121,-1,23,1,-1.0,-1.0,-1.0,0.0,1.0,1
2019-09-11,0,4,0,5,0,-1,1,-1,1,3,mixed,0.0001460129302264246,-1,23,2,-1.0,-1.0,-1.0,0.0,1.0,2
2019-09-12,0,4,0,2,0,1,1,-1,1,6,lean,0.006617225399548343,-1,23,1,-1.0,-1.0,-1.0,0.0,0.0,3
2019-09-13,0,0,0,3,0,-1,1,1,1,3,mixed,0.0006576948461352039,-1,23,1,-1.0,-1.0,-1.0,0.0,1.0,1
2019-09-14,0,0,0,0,0,1,1,1,1,4,mixed,0.015970385150619437,-1,23,1,-1.0,-1.0,-1.0,0.0,0.0,4
2019-09-15,0,0,0,3,0,-1,1,1,1,3,mixed,0.0022330946093349624,-1,23,1,-1.0,-1.0,-1.0,0.0,1.0,1
2019-09-16,3,4,3,3,0,-1,-1,-1,-1,3,mixed,0.007444811044148514,-1,23,2,-1.0,-1.0,-1.0,0.0,1.0,4
2019-09-17,3,4,3,3,0,-1,-1,-1,-1,3,mixed,0.01557750065668806,-1,23,3,-1.0,-1.0,-1.0,0.0,1.0,4
2019-09-18,4,4,4,3,0,-1,-1,-1,-1,2,lean,0.015784741849823147,-1,23,4,-1.0,-1.0,-1.0,0.0,1.0,4
2019-09-19,4,4,4,3,0,-1,-1,-1,-1,2,lean,0.006153504299813317,-1,23,5,-1.0,-1.0,-1.0,0.0,1.0,4
2019-09-20,4,4,4,3,0,-1,-1,-1,-1,3,mixed,0.011364855997999523,-1,23,6,-1.0,-1.0,-1.0,0.0,1.0,4
2019-09-21,4,4,4,3,0,-1,-1,-1,-1,3,mixed,0.01583430716195311,-1,23,7,-1.0,-1.0,-1.0,0.0,1.0,4
2019-09-22,3,4,0,3,0,-1,-1,-1,1,2,lean,0.026433857417266227,-1,23,8,-1.0,-1.0,-1.0,0.0,1.0,3
2019-09-23,0,4,4,3,0,-1,1,-1,-1,1,strong,0.05942392746527925,-1,23,9,-1.0,-1.0,-1.0,0.0,1.0,3
2019-09-24,5,4,4,3,0,-1,-1,-1,-1,1,strong,0.1904024844960468,-1,23,10,-1.0,-1.0,-1.0,0.0,1.0,4
2019-09-25,5,4,4,3,0,-1,-1,-1,-1,1,strong,0.20003369126078852,-1,23,11,-1.0,-1.0,-1.0,0.0,1.0,4
2019-09-26,5,4,4,3,0,-1,-1,-1,-1,0,unanimous,0.24891991356612975,-1,23,12,-1.0,-1.0,-1.0,0.0,1.0,4
2019-09-27,5,0,0,4,0,-1,-1,1,1,0,unanimous,0.22188930330787815,-1,23,13,-1.0,-1.0,-1.0,0.0,1.0,2
2019-09-28,0,0,0,4,0,-1,1,1,1,0,unanimous,0.2144836472257352,-1,23,14,-1.0,-1.0,-1.0,0.0,1.0,1
2019-09-29,0,0,0,4,0,-1,1,1,1,0,unanimous,0.24449617686462655,-1,23,15,-1.0,-1.0,-1.0,0.0,1.0,1
2019-09-30,0,0,0,4,0,-1,1,1,1,0,unanimous,0.21969331870624953,-1,23,16,-1.0,-1.0,-1.0,0.0,1.0,1
2019-10-01,0,0,0,4,0,-1,1,1,1,0,unanimous,0.2009331054021677,-1,23,17,-1.0,-1.0,-1.0,0.0,1.0,1
2019-10-02,0,0,0,4,0,-1,1,1,1,0,unanimous,0.19985013627941206,-1,23,18,-1.0,-1.0,-1.0,0.0,1.0,1
2019-10-03,0,0,0,4,0,-1,1,1,1,0,unanimous,0.1806885610646256,-1,23,19,-1.0,-1.0,-1.0,0.0,1.0,1
2019-10-04,0,0,0,4,0,-1,1,1,1,0,unanimous,0.18259597551142992,-1,23,20,-1.0,-1.0,-1.0,0.0,1.0,1
2019-10-05,0,0,0,4,0,-1,1,1,1,0,unanimous,0.18368406170157114,-1,23,21,-1.0,-1.0,-1.0,0.0,1.0,1
2019-10-06,0,0,0,4,0,-1,1,1,1,0,unanimous,0.20135957028865437,-1,23,22,-1.0,-1.0,-1.0,0.0,1.0,1
2019-10-07,5,0,5,4,0,-1,-1,1,-1,0,unanimous,0.15835497442216329,-1,23,23,-1.0,-1.0,-1.0,0.0,1.0,3
2019-10-08,0,0,0,4,0,-1,1,1,1,0,unanimous,0.15678505357324246,-1,23,24,-1.0,-1.0,-1.0,0.0,1.0,1
2019-10-09,5,4,5,4,0,-1,-1,-1,-1,1,strong,0.10331636133149358,-1,23,25,-1.0,-1.0,-1.0,0.0,1.0,4
2019-10-10,5,4,5,4,0,-1,-1,-1,-1,2,lean,0.10141656917080066,-1,23,26,-1.0,-1.0,-1.0,0.0,1.0,4
2019-10-11,5,4,5,4,0,-1,-1,-1,-1,0,unanimous,0.13284323603377368,-1,23,27,-1.0,-1.0,-1.0,0.0,1.0,4
2019-10-12,0,0,0,5,0,-1,1,1,1,0,unanimous,0.12460387049794841,-1,23,28,-1.0,-1.0,-1.0,0.0,1.0,1
2019-10-13,0,0,0,5,0,-1,1,1,1,2,lean,0.11965816379392225,-1,23,29,-1.0,-1.0,-1.0,0.0,1.0,1
2019-10-14,4,0,4,5,0,-1,-1,1,-1,2,lean,0.0439644015916858,-1,23,30,-1.0,-1.0,-1.0,0.0,1.0,3
2019-10-15,4,0,4,5,0,-1,-1,1,-1,1,strong,0.06812545052358487,-1,23,31,-1.0,-1.0,-1.0,0.0,1.0,3
2019-10-16,4,0,4,3,0,-1,-1,1,-1,1,strong,0.09163477120081875,-1,23,32,-1.0,-1.0,-1.0,0.0,1.0,3
2019-10-17,4,0,4,3,0,-1,-1,1,-1,0,unanimous,0.08648400190992689,-1,23,33,-1.0,-1.0,-1.0,0.0,1.0,3
2019-10-18,4,4,4,3,0,-1,-1,-1,-1,0,unanimous,0.10678137451152359,-1,23,34,-1.0,-1.0,1.0,0.0,1.0,4
2019-10-19,4,4,4,3,0,-1,-1,-1,-1,0,unanimous,0.10660010594633929,-1,23,35,-1.0,-1.0,1.0,0.0,1.0,4
2019-10-20,4,4,4,3,0,-1,-1,-1,-1,0,unanimous,0.07701426246209198,-1,23,36,-1.0,-1.0,1.0,0.0,1.0,4
2019-10-21,4,4,4,3,0,-1,-1,-1,-1,1,strong,0.0745576310494922,-1,23,37,-1.0,-1.0,1.0,0.0,1.0,4
2019-10-22,4,4,4,3,0,-1,-1,-1,-1,0,unanimous,0.08969828752338116,-1,23,38,-1.0,-1.0,1.0,0.0,1.0,4
2019-10-23,5,4,4,3,0,-1,-1,-1,-1,0,unanimous,0.16362798301996917,-1,23,39,-1.0,-1.0,1.0,0.0,1.0,4
2019-10-24,5,4,4,3,0,-1,-1,-1,-1,0,unanimous,0.15718801245943448,-1,23,40,-1.0,-1.0,1.0,0.0,1.0,4
2019-10-25,5,4,5,0,0,1,-1,-1,-1,4,mixed,0.007217667414416318,-1,23,1,-1.0,-1.0,1.0,0.0,0.0,1
2019-10-26,1,4,1,0,0,1,1,-1,1,6,lean,0.07444270971856493,-1,23,2,-1.0,-1.0,1.0,0.0,0.0,3
2019-10-27,1,4,1,0,0,1,1,-1,1,6,lean,0.10684041230682073,-1,23,3,-1.0,-1.0,1.0,0.0,0.0,3
2019-10-28,1,4,1,0,0,1,1,-1,1,6,lean,0.08011113103246748,-1,23,4,-1.0,-1.0,1.0,0.0,0.0,3
2019-10-29,1,1,1,0,0,1,1,1,1,6,lean,0.08824510418116849,-1,23,5,-1.0,-1.0,1.0,0.0,0.0,4
2019-10-30,1,2,1,1,0,1,1,1,1,6,lean,0.06726822977884861,-1,23,6,-1.0,-1.0,1.0,0.0,0.0,4
2019-10-31,1,1,1,1,0,1,1,1,1,6,lean,0.08164118487035554,-1,23,7,-1.0,-1.0,1.0,0.0,0.0,4
2019-11-01,1,1,1,1,0,1,1,1,1,6,lean,0.08438245551913415,-1,23,8,-1.0,-1.0,1.0,0.0,0.0,4
2019-11-02,1,1,1,1,0,1,1,1,1,6,lean,0.0853225977493135,-1,23,9,-1.0,-1.0,1.0,0.0,0.0,4
2019-11-03,1,1,1,0,0,1,1,1,1,6,lean,0.07105782655957382,-1,23,10,-1.0,-1.0,1.0,0.0,0.0,4
2019-11-04,1,1,1,0,0,1,1,1,1,6,lean,0.07988346752585851,-1,23,11,-1.0,-1.0,1.0,0.0,0.0,4
2019-11-05,1,0,1,0,0,1,1,1,1,6,lean,0.03816171388647427,-1,23,12,-1.0,-1.0,1.0,0.0,0.0,4
2019-11-06,1,1,1,0,0,1,1,1,1,5,mixed,0.042174457500669504,-1,23,13,-1.0,-1.0,1.0,0.0,0.0,4
2019-11-07,1,1,1,0,0,1,1,1,1,6,lean,0.03450567610721922,-1,23,14,-1.0,-1.0,1.0,0.0,0.0,4
2019-11-08,1,1,1,3,0,-1,1,1,1,2,lean,0.014174574603002421,-1,23,1,-1.0,-1.0,1.0,0.0,1.0,1
2019-11-09,4,1,1,3,0,-1,-1,1,1,2,lean,0.014500345503956957,-1,23,2,-1.0,-1.0,1.0,0.0,1.0,2
2019-11-10,4,1,1,0,0,1,-1,1,1,4,mixed,0.00929285018500603,-1,23,1,-1.0,-1.0,1.0,0.0,0.0,3
2019-11-11,4,1,1,3,0,-1,-1,1,1,2,lean,0.0302616019194617,-1,23,1,-1.0,-1.0,1.0,0.0,1.0,2
2019-11-12,4,1,1,3,0,-1,-1,1,1,2,lean,0.030919724341633037,-1,23,2,-1.0,-1.0,1.0,0.0,1.0,2
2019-11-13,4,1,1,3,0,-1,-1,1,1,3,mixed,0.039686069657921985,-1,23,3,-1.0,-1.0,1.0,0.0,1.0,2
2019-11-14,4,1,1,3,0,-1,-1,1,1,2,lean,0.052537295169096776,-1,23,4,-1.0,-1.0,1.0,0.0,1.0,2
2019-11-15,3,1,1,3,0,-1,-1,1,1,0,unanimous,0.0886694726189654,-1,23,5,-1.0,-1.0,1.0,0.0,1.0,2
2019-11-16,3,1,1,3,0,-1,-1,1,1,0,unanimous,0.09333481049960457,-1,23,6,-1.0,-1.0,1.0,0.0,1.0,2
2019-11-17,3,1,1,4,0,-1,-1,1,1,0,unanimous,0.0790597787051619,-1,23,7,-1.0,-1.0,1.0,0.0,1.0,2
2019-11-18,3,1,1,4,0,-1,-1,1,1,0,unanimous,0.0830912990690511,-1,23,8,-1.0,-1.0,1.0,0.0,1.0,2
2019-11-19,3,1,1,4,0,-1,-1,1,1,0,unanimous,0.09095487377777389,-1,23,9,-1.0,-1.0,1.0,0.0,1.0,2
2019-11-20,3,0,0,4,0,-1,-1,1,1,0,unanimous,0.12809567243486786,-1,23,10,-1.0,-1.0,1.0,0.0,1.0,2
2019-11-21,5,0,5,4,0,-1,-1,1,-1,0,unanimous,0.15603799554079467,-1,23,11,-1.0,-1.0,1.0,0.0,1.0,3
2019-11-22,5,0,5,4,0,-1,-1,1,-1,0,unanimous,0.208191367006324,-1,23,12,-1.0,-1.0,1.0,0.0,1.0,3
2019-11-23,5,0,0,4,0,-1,-1,1,1,0,unanimous,0.16855653510152213,-1,23,13,-1.0,-1.0,1.0,0.0,1.0,2
2019-11-24,5,0,5,4,0,-1,-1,1,-1,0,unanimous,0.2212410313156088,-1,23,14,-1.0,-1.0,1.0,0.0,1.0,3
2019-11-25,5,0,5,4,0,-1,-1,1,-1,0,unanimous,0.1883337813374557,-1,23,15,-1.0,-1.0,1.0,0.0,1.0,3
2019-11-26,5,0,0,4,0,-1,-1,1,1,0,unanimous,0.18458314640974116,-1,23,16,-1.0,-1.0,1.0,0.0,1.0,2
2019-11-27,5,0,0,4,0,-1,-1,1,1,0,unanimous,0.13356911608181132,-1,23,17,-1.0,1.0,1.0,0.0,1.0,2
2019-11-28,0,0,0,4,0,-1,1,1,1,0,unanimous,0.12979921814120798,-1,23,18,-1.0,1.0,1.0,0.0,1.0,1
2019-11-29,0,0,0,4,0,-1,1,1,1,0,unanimous,0.08458527226412871,-1,23,19,-1.0,1.0,1.0,0.0,1.0,1
2019-11-30,0,0,0,4,0,-1,1,1,1,0,unanimous,0.11073668444579265,-1,23,20,-1.0,1.0,1.0,0.0,1.0,1
2019-12-01,0,0,0,4,0,-1,1,1,1,0,unanimous,0.13060059031240456,-1,23,21,-1.0,1.0,1.0,0.0,1.0,1
2019-12-02,0,0,0,5,0,-1,1,1,1,1,strong,0.14446305257200542,-1,23,22,-1.0,1.0,1.0,0.0,1.0,1
2019-12-03,0,0,0,5,0,-1,1,1,1,0,unanimous,0.14270444857637443,-1,23,23,-1.0,1.0,1.0,0.0,1.0,1
2019-12-04,0,0,0,3,0,-1,1,1,1,1,strong,0.1514936781130769,-1,23,24,-1.0,1.0,1.0,0.0,1.0,1
2019-12-05,0,0,0,3,0,-1,1,1,1,1,strong,0.11947517120188156,-1,23,25,-1.0,1.0,1.0,0.0,1.0,1
2019-12-06,0,0,0,3,0,-1,1,1,1,1,strong,0.10304563326468763,-1,23,26,-1.0,1.0,1.0,0.0,1.0,1
2019-12-07,0,0,0,3,0,-1,1,1,1,2,lean,0.09725591024135305,-1,23,27,1.0,1.0,1.0,1.0,1.0,1
2019-12-08,0,0,0,3,0,-1,1,1,1,2,lean,0.09665899659163246,-1,23,28,1.0,1.0,1.0,1.0,1.0,1
2019-12-09,0,0,0,3,0,-1,1,1,1,0,unanimous,0.10880381541464357,-1,23,29,1.0,1.0,1.0,1.0,1.0,1
2019-12-10,0,0,0,3,0,-1,1,1,1,0,unanimous,0.12047263028790822,-1,23,30,1.0,1.0,1.0,1.0,1.0,1
2019-12-11,0,0,0,3,0,-1,1,1,1,0,unanimous,0.12284998547253978,-1,23,31,1.0,1.0,1.0,1.0,1.0,1
2019-12-12,4,0,0,3,0,-1,-1,1,1,0,unanimous,0.1114049083918045,-1,23,32,1.0,1.0,1.0,1.0,1.0,2
2019-12-13,4,0,0,3,0,-1,-1,1,1,0,unanimous,0.10031904974737316,-1,23,33,1.0,1.0,1.0,1.0,1.0,2
2019-12-14,4,0,0,3,0,-1,-1,1,1,1,strong,0.11500199798985689,-1,23,34,1.0,1.0,-1.0,1.0,1.0,2
2019-12-15,4,0,0,3,0,-1,-1,1,1,1,strong,0.1027439531487957,-1,23,35,1.0,1.0,-1.0,1.0,1.0,2
2019-12-16,4,0,0,3,0,-1,-1,1,1,0,unanimous,0.12954192103217443,-1,23,36,1.0,1.0,-1.0,1.0,1.0,2
2019-12-17,0,0,0,3,0,-1,1,1,1,0,unanimous,0.1701883472902479,1,24,37,1.0,1.0,-1.0,0.0,0.0,1
2019-12-18,5,5,5,4,0,-1,-1,-1,-1,0,unanimous,0.06023993745987566,1,24,38,1.0,1.0,-1.0,0.0,0.0,4
2019-12-19,5,5,5,4,0,-1,-1,-1,-1,0,unanimous,0.07752484929422065,1,24,39,1.0,1.0,-1.0,0.0,0.0,4
2019-12-20,4,5,5,4,0,-1,-1,-1,-1,0,unanimous,0.056717220577793714,1,24,40,1.0,1.0,-1.0,0.0,0.0,4
2019-12-21,4,0,0,4,0,-1,-1,1,1,0,unanimous,0.0552940245141762,1,24,41,1.0,1.0,-1.0,0.0,0.0,2
2019-12-22,4,5,5,4,0,-1,-1,-1,-1,3,mixed,0.00041043351373604153,1,24,42,1.0,1.0,-1.0,0.0,0.0,4
2019-12-23,4,5,5,4,0,-1,-1,-1,-1,3,mixed,0.018742158212577298,1,24,43,1.0,1.0,-1.0,0.0,0.0,4
2019-12-24,4,5,5,4,0,-1,-1,-1,-1,3,mixed,0.021396145622550877,1,24,44,1.0,1.0,-1.0,0.0,0.0,4
2019-12-25,4,5,5,4,0,-1,-1,-1,-1,2,lean,0.023925848950267614,1,24,45,1.0,1.0,-1.0,0.0,0.0,4
2019-12-26,4,5,5,4,0,-1,-1,-1,-1,1,strong,0.04255162287651659,1,24,46,1.0,1.0,-1.0,0.0,0.0,4
2019-12-27,4,5,5,3,0,-1,-1,-1,-1,2,lean,0.036508393345765056,1,24,47,1.0,1.0,-1.0,0.0,0.0,4
2019-12-28,4,0,0,3,0,-1,-1,1,1,2,lean,0.03366429478295019,1,24,48,1.0,1.0,-1.0,0.0,0.0,2
2019-12-29,4,0,0,0,0,1,-1,1,1,4,mixed,0.002930679699160499,1,24,1,1.0,1.0,-1.0,0.0,1.0,3
2019-12-30,4,0,0,3,0,-1,-1,1,1,3,mixed,0.003396972116889607,1,24,1,1.0,1.0,-1.0,0.0,0.0,2
2019-12-31,4,0,0,3,0,-1,-1,1,1,1,strong,0.01601451808724974,1,24,2,1.0,1.0,-1.0,0.0,0.0,2
2020-01-01,4,0,0,3,0,-1,-1,1,1,0,unanimous,0.043250973809295656,1,24,3,1.0,1.0,-1.0,0.0,0.0,2
2020-01-02,4,0,0,3,0,-1,-1,1,1,0,unanimous,0.05298973322346057,1,24,4,1.0,1.0,-1.0,0.0,0.0,2
2020-01-03,4,0,0,0,0,1,-1,1,1,4,mixed,0.0030432134717489623,1,24,1,1.0,1.0,-1.0,0.0,1.0,3
2020-01-04,4,0,0,0,0,1,-1,1,1,4,mixed,0.014312948312266371,1,24,2,1.0,1.0,-1.0,0.0,1.0,3
2020-01-05,4,0,0,0,0,1,-1,1,1,4,mixed,0.013735559413562637,1,24,3,1.0,1.0,-1.0,0.0,1.0,3
2020-01-06,4,1,1,0,0,1,-1,1,1,5,mixed,0.05956663485727154,1,24,4,1.0,1.0,-1.0,0.0,1.0,3
2020-01-07,1,1,1,0,0,1,1,1,1,6,lean,0.10359309351464618,1,24,5,1.0,1.0,-1.0,0.0,1.0,4
2020-01-08,1,1,1,0,0,1,1,1,1,6,lean,0.08133924767997502,1,24,6,1.0,1.0,-1.0,0.0,1.0,4
2020-01-09,1,1,1,0,0,1,1,1,1,5,mixed,0.059616435114858146,1,24,7,1.0,1.0,-1.0,0.0,1.0,4
2020-01-10,1,1,1,1,0,1,1,1,1,6,lean,0.08828682313802882,1,24,8,1.0,1.0,-1.0,0.0,1.0,4
2020-01-11,1,1,1,1,0,1,1,1,1,6,lean,0.06543654994809811,1,24,9,1.0,1.0,-1.0,0.0,1.0,4
2020-01-12,1,1,1,1,0,1,1,1,1,6,lean,0.0830805891895503,1,24,10,1.0,1.0,-1.0,0.0,1.0,4
2020-01-13,1,1,1,1,0,1,1,1,1,6,lean,0.07871575775159334,1,24,11,1.0,1.0,-1.0,0.0,1.0,4
2020-01-14,1,1,1,1,0,1,1,1,1,7,strong,0.15072237115033438,1,24,12,1.0,1.0,-1.0,0.0,1.0,4
2020-01-15,1,1,1,1,0,1,1,1,1,7,strong,0.1481879346196382,1,24,13,1.0,1.0,-1.0,0.0,1.0,4
2020-01-16,1,1,1,1,0,1,1,1,1,7,strong,0.10942117103729398,1,24,14,1.0,1.0,-1.0,0.0,1.0,4
2020-01-17,1,1,1,1,0,1,1,1,1,7,strong,0.12141807752802858,1,24,15,1.0,1.0,-1.0,0.0,1.0,4
2020-01-18,1,1,1,1,0,1,1,1,1,7,strong,0.11390534654597995,1,24,16,1.0,1.0,-1.0,0.0,1.0,4
2020-01-19,1,1,1,1,0,1,1,1,1,7,strong,0.09500925105956737,1,24,17,1.0,1.0,-1.0,0.0,1.0,4
2020-01-20,1,1,1,1,0,1,1,1,1,7,strong,0.1168455355352297,1,24,18,1.0,1.0,-1.0,0.0,1.0,4
2020-01-21,1,1,1,1,0,1,1,1,1,7,strong,0.12161013252887154,1,24,19,1.0,1.0,-1.0,0.0,1.0,4
2020-01-22,1,1,1,1,0,1,1,1,1,7,strong,0.11067077832643346,1,24,20,1.0,1.0,-1.0,0.0,1.0,4
2020-01-23,1,1,1,1,0,1,1,1,1,7,strong,0.07689943836013569,1,24,21,1.0,-1.0,-1.0,0.0,1.0,4
2020-01-24,1,1,1,1,0,1,1,1,1,6,lean,0.07734545097406986,1,24,22,1.0,-1.0,-1.0,0.0,1.0,4
2020-01-25,1,1,1,2,0,1,1,1,1,5,mixed,0.0641545303633122,1,24,23,1.0,-1.0,-1.0,0.0,1.0,4
2020-01-26,1,1,1,2,0,1,1,1,1,6,lean,0.08392944543891123,1,24,24,1.0,-1.0,-1.0,0.0,1.0,4
2020-01-27,1,1,1,2,0,1,1,1,1,6,lean,0.09901573260260099,1,24,25,1.0,-1.0,-1.0,0.0,1.0,4
2020-01-28,1,5,1,0,0,1,1,-1,1,8,unanimous,0.14147814338533593,1,24,26,1.0,-1.0,-1.0,0.0,1.0,3
2020-01-29,1,5,1,0,0,1,1,-1,1,8,unanimous,0.14048487160568646,1,24,27,1.0,-1.0,-1.0,0.0,1.0,3
2020-01-30,1,5,1,0,0,1,1,-1,1,8,unanimous,0.15214119390516345,1,24,28,1.0,-1.0,-1.0,0.0,1.0,3
2020-01-31,1,5,1,0,0,1,1,-1,1,8,unanimous,0.13604150133217352,1,24,29,1.0,-1.0,-1.0,0.0,1.0,3
2020-02-01,1,5,1,0,0,1,1,-1,1,8,unanimous,0.13076130677508213,1,24,30,1.0,-1.0,-1.0,0.0,1.0,3
2020-02-02,1,5,1,0,0,1,1,-1,1,8,unanimous,0.12843792685055222,1,24,31,-1.0,-1.0,-1.0,1.0,1.0,3
2020-02-03,1,5,1,0,0,1,1,-1,1,8,unanimous,0.11004749170538175,1,24,32,-1.0,-1.0,-1.0,1.0,1.0,3
2020-02-04,2,5,1,0,0,1,1,-1,1,8,unanimous,0.09339861793451765,1,24,33,-1.0,-1.0,-1.0,1.0,1.0,3
2020-02-05,1,1,1,0,0,1,1,1,1,8,unanimous,0.12913882120972298,1,24,34,-1.0,-1.0,-1.0,1.0,1.0,4
2020-02-06,1,1,1,0,0,1,1,1,1,8,unanimous,0.13350599645705985,1,24,35,-1.0,-1.0,-1.0,1.0,1.0,4
2020-02-07,1,1,1,0,0,1,1,1,1,8,unanimous,0.13331751398454517,1,24,36,-1.0,-1.0,-1.0,1.0,1.0,4
2020-02-08,1,1,1,0,0,1,1,1,1,8,unanimous,0.13288926553360847,1,24,37,-1.0,-1.0,-1.0,1.0,1.0,4
2020-02-09,1,1,1,0,0,1,1,1,1,8,unanimous,0.1476792309962991,1,24,38,-1.0,-1.0,-1.0,1.0,1.0,4
2020-02-10,1,1,1,0,0,1,1,1,1,8,unanimous,0.11760411705676665,1,24,39,-1.0,-1.0,-1.0,1.0,1.0,4
2020-02-11,1,1,1,1,0,1,1,1,1,8,unanimous,0.1496203949897228,1,24,40,-1.0,-1.0,-1.0,1.0,1.0,4
2020-02-12,1,1,1,1,0,1,1,1,1,8,unanimous,0.18589278486232108,-1,25,41,-1.0,-1.0,-1.0,0.0,0.0,4
2020-02-13,1,1,1,1,0,1,1,1,1,8,unanimous,0.17318186055294094,-1,25,42,-1.0,-1.0,-1.0,0.0,0.0,4
2020-02-14,1,1,1,1,0,1,1,1,1,8,unanimous,0.18516669469078995,-1,25,43,-1.0,-1.0,-1.0,0.0,0.0,4
2020-02-15,2,1,1,1,0,1,1,1,1,8,unanimous,0.13070474290373502,-1,25,44,-1.0,-1.0,1.0,0.0,0.0,4
2020-02-16,2,1,1,1,0,1,1,1,1,8,unanimous,0.10501076630570005,-1,25,45,-1.0,-1.0,1.0,0.0,0.0,4
2020-02-17,2,1,1,1,0,1,1,1,1,6,lean,0.08268911716168703,-1,25,46,-1.0,-1.0,1.0,0.0,0.0,4
2020-02-18,2,1,1,1,0,1,1,1,1,8,unanimous,0.12396808329658648,-1,25,47,-1.0,-1.0,1.0,0.0,0.0,4
2020-02-19,2,1,1,1,0,1,1,1,1,6,lean,0.07807121155829488,-1,25,48,-1.0,-1.0,1.0,0.0,0.0,4
2020-02-20,3,1,1,1,1,1,-1,1,1,6,lean,0.07638013026202883,-1,25,49,-1.0,-1.0,1.0,0.0,0.0,3
2020-02-21,3,0,0,1,1,1,-1,1,1,6,lean,0.08495416395102051,-1,25,50,-1.0,-1.0,1.0,0.0,0.0,3
2020-02-22,3,0,0,0,1,1,-1,1,1,6,lean,0.0836833510692866,-1,25,51,-1.0,-1.0,1.0,0.0,0.0,3
2020-02-23,3,0,0,0,1,1,-1,1,1,7,strong,0.10896578114441768,-1,25,52,-1.0,-1.0,1.0,0.0,0.0,3
2020-02-24,3,0,3,0,1,1,-1,1,-1,6,lean,0.08316968868164809,-1,25,53,-1.0,-1.0,1.0,0.0,0.0,2
2020-02-25,3,0,0,0,1,1,-1,1,1,4,mixed,0.04861327124172532,-1,25,54,-1.0,-1.0,1.0,0.0,0.0,3
2020-02-26,5,0,5,3,1,-1,-1,1,-1,3,mixed,0.011490478755905587,-1,25,1,-1.0,-1.0,1.0,0.0,1.0,3
2020-02-27,5,5,5,3,1,-1,-1,-1,-1,2,lean,0.01833606457720438,-1,25,2,-1.0,-1.0,1.0,0.0,1.0,4
2020-02-28,5,5,5,3,1,-1,-1,-1,-1,2,lean,0.0344068382156586,-1,25,3,-1.0,-1.0,1.0,0.0,1.0,4
2020-02-29,0,0,0,3,1,-1,1,1,1,2,lean,0.04609605185545118,-1,25,4,-1.0,-1.0,1.0,0.0,1.0,1
2020-03-01,0,0,0,3,1,-1,1,1,1,2,lean,0.05339305981487952,-1,25,5,-1.0,-1.0,1.0,0.0,1.0,1
2020-03-02,0,0,0,3,1,-1,1,1,1,3,mixed,0.019920509523300822,-1,25,6,-1.0,-1.0,1.0,0.0,1.0,1
2020-03-03,0,0,0,3,1,-1,1,1,1,3,mixed,0.0323649157358703,-1,25,7,-1.0,-1.0,1.0,0.0,1.0,1
2020-03-04,0,0,0,3,1,-1,1,1,1,3,mixed,0.038867802148616404,-1,25,8,-1.0,-1.0,1.0,0.0,1.0,1
2020-03-05,0,0,0,3,1,-1,1,1,1,3,mixed,0.004357314474141116,-1,25,9,-1.0,-1.0,1.0,0.0,1.0,1
2020-03-06,0,0,0,4,1,-1,1,1,1,3,mixed,0.00197000628867694,-1,25,10,-1.0,-1.0,1.0,0.0,1.0,1
2020-03-07,0,0,0,1,1,1,1,1,1,4,mixed,0.010037272875436765,-1,25,1,-1.0,-1.0,1.0,0.0,0.0,4
2020-03-08,0,5,0,4,1,-1,1,-1,1,1,strong,0.08341986129590695,-1,25,1,-1.0,-1.0,1.0,0.0,1.0,2
2020-03-09,0,4,4,4,1,-1,1,-1,-1,1,strong,0.09811436257856498,-1,25,2,-1.0,-1.0,1.0,0.0,1.0,3
2020-03-10,0,4,4,4,1,-1,1,-1,-1,0,unanimous,0.09846788700468845,-1,25,3,-1.0,-1.0,1.0,0.0,1.0,3
2020-03-11,0,4,0,4,1,-1,1,-1,1,0,unanimous,0.09680246852458718,-1,25,4,-1.0,-1.0,1.0,0.0,1.0,2
2020-03-12,5,5,5,4,1,-1,-1,-1,-1,0,unanimous,0.7724172132597094,-1,25,5,-1.0,-1.0,1.0,0.0,1.0,4
2020-03-13,5,5,5,4,1,-1,-1,-1,-1,0,unanimous,0.552732533096689,-1,25,6,-1.0,-1.0,1.0,0.0,1.0,4
2020-03-14,5,5,5,4,1,-1,-1,-1,-1,0,unanimous,0.6835826052664935,-1,25,7,-1.0,-1.0,1.0,0.0,1.0,4
2020-03-15,5,0,5,4,1,-1,-1,1,-1,0,unanimous,0.6332522929179538,-1,25,8,-1.0,-1.0,1.0,0.0,1.0,3
2020-03-16,5,4,5,4,1,-1,-1,-1,-1,0,unanimous,0.7397190071136761,-1,25,9,-1.0,-1.0,1.0,0.0,1.0,4
2020-03-17,5,0,0,4,1,-1,-1,1,1,0,unanimous,0.6821283209287459,-1,25,10,-1.0,-1.0,1.0,0.0,1.0,2
2020-03-18,5,0,0,4,1,-1,-1,1,1,0,unanimous,0.6277707130489552,-1,25,11,-1.0,-1.0,1.0,0.0,1.0,2
2020-03-19,5,0,5,4,1,-1,-1,1,-1,0,unanimous,0.37360694362214786,-1,25,12,-1.0,-1.0,1.0,0.0,1.0,3
2020-03-20,5,5,5,4,1,-1,-1,-1,-1,0,unanimous,0.3637696057857762,-1,25,13,-1.0,-1.0,1.0,0.0,1.0,4
2020-03-21,5,5,5,5,1,-1,-1,-1,-1,0,unanimous,0.3516289603381466,-1,25,14,-1.0,-1.0,1.0,0.0,1.0,4
2020-03-22,5,0,5,5,1,-1,-1,1,-1,1,strong,0.4179590766819028,-1,25,15,-1.0,-1.0,1.0,0.0,1.0,3
2020-03-23,5,5,5,5,1,-1,-1,-1,-1,1,strong,0.28640628881013397,-1,25,16,-1.0,-1.0,1.0,0.0,1.0,4
2020-03-24,5,4,5,5,1,-1,-1,-1,-1,2,lean,0.22446830454049826,-1,25,17,-1.0,-1.0,1.0,0.0,1.0,4
2020-03-25,5,4,5,5,1,-1,-1,-1,-1,2,lean,0.23401874235858222,-1,25,18,-1.0,-1.0,1.0,0.0,1.0,4
2020-03-26,5,0,0,5,1,-1,-1,1,1,2,lean,0.22757978828066872,-1,25,19,-1.0,1.0,1.0,0.0,1.0,2
2020-03-27,0,0,0,5,1,-1,1,1,1,2,lean,0.27350279909568487,-1,25,20,-1.0,1.0,1.0,0.0,1.0,1
2020-03-28,0,0,0,5,1,-1,1,1,1,2,lean,0.29892092569054807,-1,25,21,-1.0,1.0,1.0,0.0,1.0,1
2020-03-29,0,0,0,5,1,-1,1,1,1,0,unanimous,0.3379917324244761,-1,25,22,-1.0,1.0,1.0,0.0,1.0,1
2020-03-30,0,0,0,5,1,-1,1,1,1,2,lean,0.23015927017547266,-1,25,23,-1.0,1.0,1.0,0.0,1.0,1
2020-03-31,0,0,0,5,1,-1,1,1,1,2,lean,0.22874156779164867,-1,25,24,-1.0,1.0,1.0,0.0,1.0,1
2020-04-01,2,0,0,5,1,-1,1,1,1,3,mixed,0.11174920713223235,-1,25,25,-1.0,1.0,1.0,0.0,1.0,1
2020-04-02,2,0,0,5,1,-1,1,1,1,3,mixed,0.06963654075969195,-1,25,26,-1.0,1.0,-1.0,0.0,1.0,1
2020-04-03,2,0,0,5,1,-1,1,1,1,2,lean,0.06728300952540778,-1,25,27,-1.0,1.0,-1.0,0.0,1.0,1
2020-04-04,2,0,0,5,1,-1,1,1,1,3,mixed,0.035545980535691024,-1,25,28,-1.0,1.0,-1.0,0.0,1.0,1
2020-04-05,2,0,0,5,1,-1,1,1,1,3,mixed,0.03785386389301637,-1,25,29,1.0,1.0,-1.0,1.0,1.0,1
2020-04-06,2,0,2,2,1,1,1,1,1,4,mixed,0.03790227976670002,-1,25,1,1.0,1.0,-1.0,1.0,0.0,4
2020-04-07,2,3,2,2,1,1,1,-1,1,4,mixed,0.030521912660852912,-1,25,2,1.0,1.0,-1.0,1.0,0.0,3
2020-04-08,2,3,2,2,1,1,1,-1,1,4,mixed,0.05659618372636033,-1,25,3,1.0,1.0,-1.0,1.0,0.0,3
2020-04-09,2,3,2,2,1,1,1,-1,1,4,mixed,0.05690414214087647,-1,25,4,1.0,1.0,-1.0,1.0,0.0,3
2020-04-10,2,0,0,2,1,1,1,1,1,4,mixed,0.0016371706599600522,-1,25,5,1.0,1.0,-1.0,1.0,0.0,4
2020-04-11,2,0,0,2,1,1,1,1,1,4,mixed,0.008196281528674243,-1,25,6,1.0,1.0,-1.0,1.0,0.0,4
2020-04-12,2,0,0,2,1,1,1,1,1,4,mixed,0.02545760267219621,-1,25,7,1.0,1.0,-1.0,1.0,0.0,4
2020-04-13,4,0,0,2,1,1,-1,1,1,4,mixed,0.012173189612926683,-1,25,8,1.0,1.0,-1.0,1.0,0.0,3
2020-04-14,4,0,0,5,1,-1,-1,1,1,3,mixed,0.0036682315618628003,-1,25,1,1.0,1.0,-1.0,1.0,1.0,2
2020-04-15,4,0,0,5,1,-1,-1,1,1,1,strong,0.02243557157550291,1,26,2,1.0,1.0,-1.0,0.0,0.0,2
2020-04-16,4,0,0,5,1,-1,-1,1,1,3,mixed,0.021776213935780664,1,26,3,1.0,1.0,-1.0,0.0,0.0,2
2020-04-17,2,0,0,5,1,-1,1,1,1,3,mixed,0.01130607295706465,1,26,4,1.0,1.0,-1.0,0.0,0.0,1
2020-04-18,2,0,0,5,1,-1,1,1,1,3,mixed,0.010531430334496772,1,26,5,1.0,1.0,-1.0,0.0,0.0,1
2020-04-19,2,0,0,5,1,-1,1,1,1,3,mixed,0.015670871292484012,1,26,6,1.0,1.0,-1.0,0.0,0.0,1
2020-04-20,4,0,0,5,1,-1,-1,1,1,3,mixed,0.013803743175329508,1,26,7,1.0,1.0,-1.0,0.0,0.0,2
2020-04-21,4,0,4,5,1,-1,-1,1,-1,3,mixed,0.016149722558196578,1,26,8,1.0,1.0,-1.0,0.0,0.0,3
2020-04-22,4,1,4,2,1,1,-1,1,-1,4,mixed,0.01702997621774982,1,26,1,1.0,1.0,-1.0,0.0,1.0,2
2020-04-23,2,1,2,2,1,1,1,1,1,5,mixed,0.05565776893499108,1,26,2,1.0,1.0,-1.0,0.0,1.0,4
2020-04-24,2,1,2,2,1,1,1,1,1,5,mixed,0.06689385060420616,1,26,3,1.0,1.0,-1.0,0.0,1.0,4
2020-04-25,2,1,2,0,1,1,1,1,1,5,mixed,0.06789901529873854,1,26,4,1.0,1.0,-1.0,0.0,1.0,4
2020-04-26,2,1,2,0,1,1,1,1,1,5,mixed,0.07331676115411334,1,26,5,1.0,1.0,-1.0,0.0,1.0,4
2020-04-27,2,1,2,0,1,1,1,1,1,5,mixed,0.08564204185231206,1,26,6,1.0,1.0,-1.0,0.0,1.0,4
2020-04-28,2,1,2,0,1,1,1,1,1,5,mixed,0.07037138867221016,1,26,7,1.0,1.0,-1.0,0.0,1.0,4
2020-04-29,1,2,1,0,1,1,1,1,1,8,unanimous,0.1831162716844814,1,26,8,1.0,1.0,-1.0,0.0,1.0,4
2020-04-30,1,2,1,0,1,1,1,1,1,8,unanimous,0.19250065312098064,1,26,9,1.0,1.0,-1.0,0.0,1.0,4
2020-05-01,1,1,1,0,1,1,1,1,1,7,strong,0.2051927107660385,1,26,10,1.0,1.0,-1.0,0.0,1.0,4
2020-05-02,1,1,1,0,1,1,1,1,1,8,unanimous,0.20819592054733416,1,26,11,1.0,1.0,-1.0,0.0,1.0,4
2020-05-03,2,1,1,0,1,1,1,1,1,8,unanimous,0.16496198883811763,1,26,12,1.0,1.0,-1.0,0.0,1.0,4
2020-05-04,2,1,1,0,1,1,1,1,1,7,strong,0.15278876220366977,1,26,13,1.0,1.0,-1.0,0.0,1.0,4
2020-05-05,2,1,1,0,1,1,1,1,1,7,strong,0.15918283736537797,1,26,14,1.0,1.0,-1.0,0.0,1.0,4
2020-05-06,2,1,1,0,1,1,1,1,1,8,unanimous,0.17142468211646733,1,26,15,1.0,1.0,-1.0,0.0,1.0,4
2020-05-07,1,1,1,0,1,1,1,1,1,8,unanimous,0.21664206006562092,1,26,16,1.0,1.0,-1.0,0.0,1.0,4
2020-05-08,1,1,1,1,1,1,1,1,1,8,unanimous,0.2068146393104796,1,26,17,1.0,1.0,-1.0,0.0,1.0,4
2020-05-09,1,1,1,1,1,1,1,1,1,8,unanimous,0.17554567061781423,1,26,18,1.0,1.0,-1.0,0.0,1.0,4
2020-05-10,1,1,1,1,1,1,1,1,1,8,unanimous,0.09650056292334264,1,26,19,1.0,1.0,-1.0,0.0,1.0,4
2020-05-11,3,1,1,1,1,1,-1,1,1,7,strong,0.0991524205858535,1,26,20,1.0,1.0,-1.0,0.0,1.0,3
2020-05-12,3,1,1,1,1,1,-1,1,1,7,strong,0.11462430927591194,1,26,21,1.0,-1.0,-1.0,0.0,1.0,3
2020-05-13,3,1,1,1,1,1,-1,1,1,8,unanimous,0.15335641733273664,1,26,22,1.0,-1.0,-1.0,0.0,1.0,3
2020-05-14,3,1,1,1,1,1,-1,1,1,8,unanimous,0.18736357369994594,1,26,23,1.0,-1.0,-1.0,0.0,1.0,3
2020-05-15,3,1,1,1,1,1,-1,1,1,8,unanimous,0.14394736118604667,1,26,24,1.0,-1.0,-1.0,0.0,1.0,3
2020-05-16,3,1,1,1,1,1,-1,1,1,8,unanimous,0.14869213624231037,1,26,25,1.0,-1.0,-1.0,0.0,1.0,3
2020-05-17,3,1,1,1,1,1,-1,1,1,7,strong,0.1749861461749075,1,26,26,1.0,-1.0,1.0,0.0,1.0,3
2020-05-18,3,1,1,1,1,1,-1,1,1,7,strong,0.17992404612161028,1,26,27,1.0,-1.0,1.0,0.0,1.0,3
2020-05-19,3,1,1,1,1,1,-1,1,1,8,unanimous,0.17181204583978904,1,26,28,1.0,-1.0,1.0,0.0,1.0,3
2020-05-20,3,1,1,1,1,1,-1,1,1,8,unanimous,0.15367850341966094,1,26,29,1.0,-1.0,1.0,0.0,1.0,3
2020-05-21,3,1,1,1,1,1,-1,1,1,7,strong,0.11240246992665393,1,26,30,1.0,-1.0,1.0,0.0,1.0,3
2020-05-22,3,1,1,1,1,1,-1,1,1,7,strong,0.12232845156220129,1,26,31,-1.0,-1.0,1.0,1.0,1.0,3
2020-05-23,3,1,1,2,1,1,-1,1,1,6,lean,0.12496126584114109,1,26,32,-1.0,-1.0,1.0,1.0,1.0,3
2020-05-24,3,1,1,2,1,1,-1,1,1,5,mixed,0.08334656619908276,1,26,33,-1.0,-1.0,1.0,1.0,1.0,3
2020-05-25,3,1,1,2,1,1,-1,1,1,5,mixed,0.09561217253897947,1,26,34,-1.0,-1.0,1.0,1.0,1.0,3
2020-05-26,3,1,3,2,1,1,-1,1,-1,5,mixed,0.08819604361189626,1,26,35,-1.0,-1.0,1.0,1.0,1.0,2
2020-05-27,3,0,0,2,1,1,-1,1,1,5,mixed,0.12240593076850936,1,26,36,-1.0,-1.0,1.0,1.0,1.0,3
2020-05-28,3,0,3,2,1,1,-1,1,-1,6,lean,0.14836704698467051,1,26,37,-1.0,-1.0,1.0,1.0,1.0,2
2020-05-29,3,0,0,2,1,1,-1,1,1,6,lean,0.13499214010444038,1,26,38,-1.0,-1.0,1.0,1.0,1.0,3
2020-05-30,3,1,3,2,1,1,-1,1,-1,8,unanimous,0.15304934382374114,1,26,39,-1.0,-1.0,1.0,1.0,1.0,2
2020-05-31,3,1,3,2,1,1,-1,1,-1,8,unanimous,0.12608018323800796,1,26,40,-1.0,-1.0,1.0,1.0,1.0,2
2020-06-01,3,1,3,2,1,1,-1,1,-1,8,unanimous,0.1823352265102962,-1,27,41,-1.0,-1.0,1.0,0.0,0.0,2
2020-06-02,3,1,3,2,1,1,-1,1,-1,8,unanimous,0.12153293263080078,-1,27,42,-1.0,-1.0,1.0,0.0,0.0,2
2020-06-03,3,0,0,2,1,1,-1,1,1,7,strong,0.12840550544404206,-1,27,43,-1.0,-1.0,1.0,0.0,0.0,3
2020-06-04,3,0,0,2,1,1,-1,1,1,8,unanimous,0.1362488393053901,-1,27,44,-1.0,-1.0,1.0,0.0,0.0,3
2020-06-05,3,0,0,2,1,1,-1,1,1,8,unanimous,0.11974092689338911,-1,27,45,-1.0,-1.0,1.0,0.0,0.0,3
2020-06-06,3,0,0,2,1,1,-1,1,1,7,strong,0.11428988458463163,-1,27,46,-1.0,-1.0,1.0,0.0,0.0,3
2020-06-07,3,0,0,2,1,1,-1,1,1,8,unanimous,0.11980669356910878,-1,27,47,-1.0,-1.0,1.0,0.0,0.0,3
2020-06-08,3,0,0,2,1,1,-1,1,1,8,unanimous,0.11668359760133529,-1,27,48,-1.0,-1.0,1.0,0.0,0.0,3
2020-06-09,3,0,0,2,1,1,-1,1,1,8,unanimous,0.11383865009236149,-1,27,49,-1.0,-1.0,1.0,0.0,0.0,3
2020-06-10,3,0,0,2,1,1,-1,1,1,8,unanimous,0.11547514761505329,-1,27,50,-1.0,-1.0,1.0,0.0,0.0,3
2020-06-11,3,0,0,0,1,1,-1,1,1,5,mixed,0.058175740402168774,-1,27,51,-1.0,-1.0,1.0,0.0,0.0,3
2020-06-12,3,0,0,0,1,1,-1,1,1,6,lean,0.06954922341314584,-1,27,52,-1.0,-1.0,1.0,0.0,0.0,3
2020-06-13,3,0,3,0,1,1,-1,1,-1,6,lean,0.07228381342729495,-1,27,53,-1.0,-1.0,1.0,0.0,0.0,2
2020-06-14,3,0,3,0,1,1,-1,1,-1,5,mixed,0.05112009680328,-1,27,54,-1.0,-1.0,1.0,0.0,0.0,2
2020-06-15,3,0,3,0,1,1,-1,1,-1,6,lean,0.06514324590837794,-1,27,55,-1.0,-1.0,1.0,0.0,0.0,2
2020-06-16,3,0,0,0,1,1,-1,1,1,6,lean,0.05718646508059955,-1,27,56,-1.0,-1.0,1.0,0.0,0.0,3
2020-06-17,3,0,0,0,1,1,-1,1,1,5,mixed,0.04736436050453252,-1,27,57,-1.0,-1.0,1.0,0.0,0.0,3
2020-06-18,3,0,0,0,1,1,-1,1,1,4,mixed,0.036314311464336946,-1,27,58,-1.0,-1.0,-1.0,0.0,0.0,3
2020-06-19,3,0,0,0,1,1,-1,1,1,4,mixed,0.018850402905449704,-1,27,59,-1.0,-1.0,-1.0,0.0,0.0,3
2020-06-20,3,0,0,0,1,1,-1,1,1,4,mixed,0.01913740248944895,-1,27,60,-1.0,-1.0,-1.0,0.0,0.0,3
2020-06-21,3,0,3,0,1,1,-1,1,-1,4,mixed,0.012074985155841267,-1,27,61,-1.0,-1.0,-1.0,0.0,0.0,2
2020-06-22,3,0,3,0,1,1,-1,1,-1,8,unanimous,0.044116533100159505,-1,27,62,-1.0,-1.0,-1.0,0.0,0.0,2
2020-06-23,3,0,0,0,1,1,-1,1,1,7,strong,0.03853222828216929,-1,27,63,-1.0,-1.0,-1.0,0.0,0.0,3
2020-06-24,3,0,3,1,1,1,-1,1,-1,4,mixed,0.0021574653245393094,-1,27,64,-1.0,-1.0,-1.0,0.0,0.0,2
2020-06-25,3,0,3,4,1,-1,-1,1,-1,3,mixed,0.006086862500324308,-1,27,1,-1.0,-1.0,-1.0,0.0,1.0,3
2020-06-26,3,0,3,4,1,-1,-1,1,-1,3,mixed,0.019992655100125045,-1,27,2,-1.0,1.0,-1.0,0.0,1.0,3
2020-06-27,3,0,3,4,1,-1,-1,1,-1,3,mixed,0.035786079695462325,-1,27,3,-1.0,1.0,-1.0,0.0,1.0,3
2020-06-28,3,0,0,4,1,-1,-1,1,1,3,mixed,0.02511589344380072,-1,27,4,-1.0,1.0,-1.0,0.0,1.0,2
2020-06-29,4,0,0,4,1,-1,-1,1,1,3,mixed,0.01057182034408144,-1,27,5,-1.0,1.0,-1.0,0.0,1.0,2
2020-06-30,4,0,0,4,1,-1,-1,1,1,3,mixed,0.021268089476617513,-1,27,6,-1.0,1.0,-1.0,0.0,1.0,2
2020-07-01,4,3,3,4,1,-1,-1,-1,-1,3,mixed,0.008160168384427013,-1,27,7,-1.0,1.0,-1.0,0.0,1.0,4
2020-07-02,4,3,3,4,1,-1,-1,-1,-1,3,mixed,0.023582752014720043,-1,27,8,-1.0,1.0,-1.0,0.0,1.0,4
2020-07-03,4,3,3,4,1,-1,-1,-1,-1,3,mixed,0.025611803710037462,-1,27,9,-1.0,1.0,-1.0,0.0,1.0,4
2020-07-04,4,3,3,4,1,-1,-1,-1,-1,3,mixed,0.01881144850871852,-1,27,10,-1.0,1.0,-1.0,0.0,1.0,4
2020-07-05,4,3,3,4,1,-1,-1,-1,-1,2,lean,0.02147019759641844,-1,27,11,-1.0,1.0,-1.0,0.0,1.0,4
2020-07-06,4,3,4,1,1,1,-1,-1,-1,4,mixed,0.011984936025771553,-1,27,1,1.0,1.0,-1.0,1.0,0.0,1
2020-07-07,4,0,4,4,1,-1,-1,1,-1,3,mixed,0.0005747829198434751,-1,27,1,1.0,1.0,-1.0,1.0,1.0,3
2020-07-08,4,3,4,1,1,1,-1,-1,-1,6,lean,0.018999720379099694,-1,27,1,1.0,1.0,-1.0,1.0,0.0,1
2020-07-09,4,3,4,2,1,1,-1,-1,-1,5,mixed,0.009389263185349939,-1,27,2,1.0,1.0,-1.0,1.0,0.0,1
2020-07-10,4,3,4,2,1,1,-1,-1,-1,5,mixed,0.015175921188856578,-1,27,3,1.0,1.0,-1.0,1.0,0.0,1
2020-07-11,4,3,3,2,1,1,-1,-1,-1,4,mixed,0.001300977635549816,-1,27,4,1.0,1.0,-1.0,1.0,0.0,1
2020-07-12,4,3,4,2,1,1,-1,-1,-1,5,mixed,0.0049133942286961885,-1,27,5,1.0,1.0,-1.0,1.0,0.0,1
2020-07-13,4,0,4,2,1,1,-1,1,-1,4,mixed,0.003384026242467586,-1,27,6,1.0,1.0,-1.0,1.0,0.0,2
2020-07-14,4,0,4,2,1,1,-1,1,-1,4,mixed,0.0037394187811227164,-1,27,7,1.0,1.0,-1.0,1.0,0.0,2
2020-07-15,4,3,4,5,1,-1,-1,-1,-1,3,mixed,0.0015964477759420337,-1,27,1,1.0,1.0,-1.0,1.0,1.0,4
2020-07-16,4,3,4,5,1,-1,-1,-1,-1,2,lean,0.008416340925532895,1,28,2,1.0,1.0,-1.0,0.0,0.0,4
2020-07-17,4,3,3,5,1,-1,-1,-1,-1,3,mixed,0.006803911501146898,1,28,3,1.0,1.0,-1.0,0.0,0.0,4
2020-07-18,4,3,3,5,1,-1,-1,-1,-1,3,mixed,0.0060081499213997525,1,28,4,1.0,1.0,-1.0,0.0,0.0,4
2020-07-19,4,3,3,5,1,-1,-1,-1,-1,2,lean,0.002893275136211848,1,28,5,1.0,1.0,-1.0,0.0,0.0,4
2020-07-20,4,3,4,2,1,1,-1,-1,-1,4,mixed,0.002863118572089429,1,28,1,1.0,1.0,-1.0,0.0,1.0,1
2020-07-21,4,4,4,2,1,1,-1,-1,-1,8,unanimous,0.01742415609529091,1,28,2,1.0,1.0,-1.0,0.0,1.0,1
2020-07-22,4,4,4,2,1,1,-1,-1,-1,8,unanimous,0.03318258448968281,1,28,3,1.0,1.0,-1.0,0.0,1.0,1
2020-07-23,2,0,0,2,1,1,1,1,1,8,unanimous,0.05153583450769328,1,28,4,1.0,1.0,-1.0,0.0,1.0,4
2020-07-24,4,0,0,2,1,1,-1,1,1,8,unanimous,0.04240419964492337,1,28,5,1.0,1.0,-1.0,0.0,1.0,3
2020-07-25,2,0,0,2,1,1,1,1,1,8,unanimous,0.06076868966127036,1,28,6,1.0,1.0,1.0,0.0,1.0,4
2020-07-26,2,0,2,0,1,1,1,1,1,8,unanimous,0.07310824892035217,1,28,7,1.0,1.0,1.0,0.0,1.0,4
2020-07-27,1,5,1,0,1,1,1,-1,1,8,unanimous,0.15818540490005295,1,28,8,1.0,1.0,1.0,0.0,1.0,3
2020-07-28,1,5,1,0,1,1,1,-1,1,8,unanimous,0.14403111806449753,1,28,9,1.0,-1.0,1.0,0.0,1.0,3
2020-07-29,1,5,1,0,1,1,1,-1,1,8,unanimous,0.16418227026081655,1,28,10,1.0,-1.0,1.0,0.0,1.0,3
2020-07-30,1,5,1,0,1,1,1,-1,1,8,unanimous,0.16491503735800417,1,28,11,1.0,-1.0,1.0,0.0,1.0,3
2020-07-31,1,5,1,0,1,1,1,-1,1,8,unanimous,0.1720832618240432,1,28,12,1.0,-1.0,1.0,0.0,1.0,3
2020-08-01,1,1,1,0,1,1,1,1,1,8,unanimous,0.1906755506013691,1,28,13,1.0,-1.0,1.0,0.0,1.0,4
2020-08-02,1,1,1,0,1,1,1,1,1,8,unanimous,0.1346192562244608,1,28,14,1.0,-1.0,1.0,0.0,1.0,4
2020-08-03,1,1,1,0,1,1,1,1,1,8,unanimous,0.1520009836525935,1,28,15,1.0,-1.0,1.0,0.0,1.0,4
2020-08-04,2,1,1,0,1,1,1,1,1,8,unanimous,0.14209285426301044,1,28,16,1.0,-1.0,1.0,0.0,1.0,4
2020-08-05,1,1,1,0,1,1,1,1,1,8,unanimous,0.17937298219598052,1,28,17,1.0,-1.0,1.0,0.0,1.0,4
2020-08-06,1,1,1,0,1,1,1,1,1,8,unanimous,0.17879389983114935,1,28,18,1.0,-1.0,1.0,0.0,1.0,4
2020-08-07,1,1,1,0,1,1,1,1,1,8,unanimous,0.16323894319035492,1,28,19,-1.0,-1.0,1.0,1.0,1.0,4
2020-08-08,2,1,1,1,1,1,1,1,1,8,unanimous,0.1714966133845256,1,28,20,-1.0,-1.0,1.0,1.0,1.0,4
2020-08-09,2,1,1,1,1,1,1,1,1,8,unanimous,0.16320517327875173,1,28,21,-1.0,-1.0,1.0,1.0,1.0,4
2020-08-10,1,1,1,1,1,1,1,1,1,8,unanimous,0.1878010623635331,1,28,22,-1.0,-1.0,1.0,1.0,1.0,4
2020-08-11,1,1,1,1,1,1,1,1,1,7,strong,0.15187981522997396,1,28,23,-1.0,-1.0,1.0,1.0,1.0,4
2020-08-12,1,1,1,1,1,1,1,1,1,8,unanimous,0.16247020085610964,1,28,24,-1.0,-1.0,1.0,1.0,1.0,4
2020-08-13,1,1,1,1,1,1,1,1,1,8,unanimous,0.17441499647560377,1,28,25,-1.0,-1.0,1.0,1.0,1.0,4
2020-08-14,1,1,1,1,1,1,1,1,1,8,unanimous,0.17118514416869357,1,28,26,-1.0,-1.0,1.0,1.0,1.0,4
2020-08-15,3,1,1,1,1,1,-1,1,1,8,unanimous,0.1652267915451865,1,28,27,-1.0,-1.0,1.0,1.0,1.0,3
2020-08-16,3,1,1,1,1,1,-1,1,1,8,unanimous,0.1559116593690686,1,28,28,-1.0,-1.0,1.0,1.0,1.0,3
2020-08-17,3,1,1,1,1,1,-1,1,1,8,unanimous,0.17738728617466049,-1,29,29,-1.0,-1.0,1.0,0.0,0.0,3
2020-08-18,3,1,1,1,1,1,-1,1,1,8,unanimous,0.15514071630363546,-1,29,30,-1.0,-1.0,1.0,0.0,0.0,3
2020-08-19,3,1,1,1,1,1,-1,1,1,8,unanimous,0.134570016749062,-1,29,31,-1.0,-1.0,1.0,0.0,0.0,3
2020-08-20,3,1,1,1,1,1,-1,1,1,8,unanimous,0.13981688158754013,-1,29,32,-1.0,-1.0,1.0,0.0,0.0,3
2020-08-21,3,1,1,1,1,1,-1,1,1,6,lean,0.11534393935383735,-1,29,33,-1.0,-1.0,1.0,0.0,0.0,3
2020-08-22,3,1,1,1,1,1,-1,1,1,7,strong,0.1192614141334154,-1,29,34,-1.0,-1.0,1.0,0.0,0.0,3
2020-08-23,3,1,1,2,1,1,-1,1,1,6,lean,0.11453850561298451,-1,29,35,-1.0,-1.0,1.0,0.0,0.0,3
2020-08-24,3,1,1,2,1,1,-1,1,1,8,unanimous,0.11933689747272092,-1,29,36,-1.0,-1.0,1.0,0.0,0.0,3
2020-08-25,3,1,1,2,1,1,-1,1,1,5,mixed,0.08379427818114171,-1,29,37,-1.0,-1.0,1.0,0.0,0.0,3
2020-08-26,3,1,1,2,1,1,-1,1,1,5,mixed,0.0901182267850611,-1,29,38,-1.0,-1.0,1.0,0.0,0.0,3
2020-08-27,3,1,1,0,1,1,-1,1,1,5,mixed,0.07335281261979487,-1,29,39,-1.0,-1.0,1.0,0.0,0.0,3
2020-08-28,3,1,1,0,1,1,-1,1,1,5,mixed,0.08781120165939804,-1,29,40,-1.0,-1.0,1.0,0.0,0.0,3
2020-08-29,3,0,3,0,1,1,-1,1,-1,5,mixed,0.08144456872384853,-1,29,41,-1.0,-1.0,1.0,0.0,0.0,2
2020-08-30,3,0,0,0,1,1,-1,1,1,6,lean,0.09419736385121158,-1,29,42,-1.0,-1.0,1.0,0.0,0.0,3
2020-08-31,3,0,1,0,1,1,-1,1,1,7,strong,0.08806242844424528,-1,29,43,-1.0,-1.0,1.0,0.0,0.0,3
2020-09-01,3,0,0,0,1,1,-1,1,1,8,unanimous,0.10645703894795588,-1,29,44,-1.0,-1.0,1.0,0.0,0.0,3
2020-09-02,5,0,0,0,1,1,-1,1,1,4,mixed,0.058681779087524255,-1,29,45,-1.0,-1.0,1.0,0.0,0.0,3
2020-09-03,5,5,5,3,1,-1,-1,-1,-1,3,mixed,0.052570857814797645,-1,29,1,-1.0,1.0,1.0,0.0,1.0,4
2020-09-04,5,5,5,3,1,-1,-1,-1,-1,3,mixed,0.02728646152520442,-1,29,2,-1.0,1.0,1.0,0.0,1.0,4
2020-09-05,5,5,5,3,1,-1,-1,-1,-1,2,lean,0.06395791810036022,-1,29,3,-1.0,1.0,1.0,0.0,1.0,4
2020-09-06,5,5,5,3,1,-1,-1,-1,-1,3,mixed,0.05371445414418852,-1,29,4,-1.0,1.0,1.0,0.0,1.0,4
2020-09-07,5,5,5,3,1,-1,-1,-1,-1,3,mixed,0.04628749468183746,-1,29,5,-1.0,1.0,1.0,0.0,1.0,4
2020-09-08,5,5,5,3,1,-1,-1,-1,-1,2,lean,0.07269547153560518,-1,29,6,-1.0,1.0,1.0,0.0,1.0,4
2020-09-09,5,5,5,4,1,-1,-1,-1,-1,2,lean,0.06256269738997933,-1,29,7,-1.0,1.0,1.0,0.0,1.0,4
2020-09-10,5,5,5,4,1,-1,-1,-1,-1,3,mixed,0.05175730998081507,-1,29,8,-1.0,1.0,1.0,0.0,1.0,4
2020-09-11,5,5,5,4,1,-1,-1,-1,-1,3,mixed,0.04976166054159159,-1,29,9,-1.0,1.0,1.0,0.0,1.0,4
2020-09-12,5,5,5,4,1,-1,-1,-1,-1,3,mixed,0.04749328494092775,-1,29,10,-1.0,1.0,1.0,0.0,1.0,4
2020-09-13,5,0,5,1,1,1,-1,1,-1,4,mixed,0.001118013720167954,-1,29,1,1.0,1.0,1.0,1.0,0.0,2
2020-09-14,5,5,5,1,1,1,-1,-1,-1,4,mixed,0.015825014459854292,-1,29,2,1.0,1.0,1.0,1.0,0.0,1
2020-09-15,5,0,5,1,1,1,-1,1,-1,4,mixed,0.04340632611968964,-1,29,3,1.0,1.0,1.0,1.0,0.0,2
2020-09-16,5,0,5,1,1,1,-1,1,-1,5,mixed,0.05797333719271747,-1,29,4,1.0,1.0,1.0,1.0,0.0,2
2020-09-17,5,0,5,1,1,1,-1,1,-1,5,mixed,0.05292056576992421,-1,29,5,1.0,1.0,1.0,1.0,0.0,2
2020-09-18,5,0,5,1,1,1,-1,1,-1,5,mixed,0.05327962653315088,-1,29,6,1.0,1.0,1.0,1.0,0.0,2
2020-09-19,0,0,0,1,1,1,1,1,1,5,mixed,0.06458174128170047,-1,29,7,1.0,1.0,1.0,1.0,0.0,4
2020-09-20,0,0,0,1,1,1,1,1,1,5,mixed,0.04974451612679809,-1,29,8,1.0,1.0,1.0,1.0,0.0,4
2020-09-21,5,5,5,1,1,1,-1,-1,-1,4,mixed,0.005097329459055944,-1,29,9,1.0,1.0,1.0,1.0,0.0,1
2020-09-22,0,5,0,1,1,1,1,-1,1,4,mixed,0.009136919707140367,-1,29,10,1.0,1.0,1.0,1.0,0.0,3
2020-09-23,0,5,0,4,1,-1,1,-1,1,3,mixed,0.007570556690537078,1,30,1,1.0,1.0,1.0,0.0,0.0,2
2020-09-24,5,5,5,2,1,1,-1,-1,-1,6,lean,0.023071691225186264,1,30,1,1.0,1.0,1.0,0.0,1.0,1
2020-09-25,5,5,5,2,1,1,-1,-1,-1,4,mixed,0.010937095580720757,1,30,2,1.0,1.0,1.0,0.0,1.0,1
2020-09-26,5,5,5,2,1,1,-1,-1,-1,4,mixed,0.014254916544092167,1,30,3,1.0,1.0,1.0,0.0,1.0,1
2020-09-27,5,5,5,2,1,1,-1,-1,-1,4,mixed,0.014638659877520444,1,30,4,1.0,1.0,1.0,0.0,1.0,1
2020-09-28,5,5,5,2,1,1,-1,-1,-1,4,mixed,0.005437766161393465,1,30,5,1.0,1.0,1.0,0.0,1.0,1
2020-09-29,2,5,5,2,1,1,1,-1,-1,4,mixed,0.01554960543586481,1,30,6,1.0,1.0,1.0,0.0,1.0,2
2020-09-30,2,5,5,2,1,1,1,-1,-1,4,mixed,0.007709057299473909,1,30,7,1.0,1.0,1.0,0.0,1.0,2
2020-10-01,2,5,5,2,1,1,1,-1,-1,4,mixed,0.008320145766545828,1,30,8,1.0,1.0,1.0,0.0,1.0,2
2020-10-02,5,5,5,2,1,1,-1,-1,-1,4,mixed,0.0029961805661593566,1,30,9,1.0,1.0,1.0,0.0,1.0,1
2020-10-03,5,5,5,3,1,-1,-1,-1,-1,3,mixed,0.0007774930507260525,1,30,1,1.0,1.0,1.0,0.0,0.0,4
2020-10-04,5,5,5,3,1,-1,-1,-1,-1,2,lean,0.006339695740792184,1,30,2,1.0,1.0,1.0,0.0,0.0,4
2020-10-05,5,0,5,0,1,1,-1,1,-1,5,mixed,0.005820118191261603,1,30,1,1.0,1.0,1.0,0.0,1.0,2
2020-10-06,5,0,5,3,1,-1,-1,1,-1,1,strong,0.013797791159924744,1,30,1,1.0,1.0,1.0,0.0,0.0,3
2020-10-07,5,0,5,3,1,-1,-1,1,-1,2,lean,0.005839606956821841,1,30,2,1.0,1.0,1.0,0.0,0.0,3
2020-10-08,5,5,5,0,1,1,-1,-1,-1,5,mixed,0.0188749668758994,1,30,1,1.0,1.0,1.0,0.0,1.0,1
2020-10-09,4,0,0,0,1,1,-1,1,1,6,lean,0.03389925179271258,1,30,2,1.0,1.0,1.0,0.0,1.0,3
2020-10-10,4,0,0,0,1,1,-1,1,1,7,strong,0.054070513852712776,1,30,3,1.0,1.0,1.0,0.0,1.0,3
2020-10-11,4,0,0,0,1,1,-1,1,1,7,strong,0.06393869331108692,1,30,4,1.0,1.0,1.0,0.0,1.0,3
2020-10-12,2,0,2,0,1,1,1,1,1,7,strong,0.07787178706205422,1,30,5,1.0,1.0,1.0,0.0,1.0,4
2020-10-13,2,0,0,0,1,1,1,1,1,7,strong,0.06448345540778855,1,30,6,1.0,1.0,1.0,0.0,1.0,4
2020-10-14,2,0,1,0,1,1,1,1,1,7,strong,0.05857124365004063,1,30,7,1.0,1.0,1.0,0.0,1.0,4
2020-10-15,4,0,1,0,1,1,-1,1,1,7,strong,0.06189670864601393,1,30,8,1.0,1.0,1.0,0.0,1.0,3
2020-10-16,4,0,1,1,1,1,-1,1,1,7,strong,0.04823362800891251,1,30,9,1.0,1.0,1.0,0.0,1.0,3
2020-10-17,4,0,1,1,1,1,-1,1,1,7,strong,0.049098080300082336,1,30,10,1.0,1.0,1.0,0.0,1.0,3
2020-10-18,4,0,0,1,1,1,-1,1,1,7,strong,0.05547193052116961,1,30,11,1.0,1.0,1.0,0.0,1.0,3
2020-10-19,4,0,0,1,1,1,-1,1,1,7,strong,0.07435039982845404,1,30,12,1.0,1.0,1.0,0.0,1.0,3
2020-10-20,2,1,1,1,1,1,1,1,1,8,unanimous,0.08536738052567283,1,30,13,1.0,1.0,1.0,0.0,1.0,4
2020-10-21,1,1,1,1,1,1,1,1,1,8,unanimous,0.14705314559344485,1,30,14,1.0,1.0,1.0,0.0,1.0,4
2020-10-22,1,1,1,1,1,1,1,1,1,8,unanimous,0.15306340996969814,1,30,15,1.0,1.0,1.0,0.0,1.0,4
2020-10-23,1,1,1,1,1,1,1,1,1,8,unanimous,0.14925211744218148,1,30,16,1.0,1.0,1.0,0.0,1.0,4
2020-10-24,1,1,1,1,1,1,1,1,1,8,unanimous,0.15826091634798944,1,30,17,1.0,1.0,1.0,0.0,1.0,4
2020-10-25,1,1,1,1,1,1,1,1,1,8,unanimous,0.15022736814770665,1,30,18,1.0,1.0,1.0,0.0,1.0,4
2020-10-26,1,1,1,1,1,1,1,1,1,8,unanimous,0.1501004567770151,1,30,19,1.0,1.0,1.0,0.0,1.0,4
2020-10-27,1,1,1,1,1,1,1,1,1,8,unanimous,0.18326088623773074,1,30,20,1.0,1.0,1.0,0.0,1.0,4
2020-10-28,1,1,1,1,1,1,1,1,1,8,unanimous,0.15627704504292494,1,30,21,1.0,1.0,1.0,0.0,1.0,4
2020-10-29,1,1,1,1,1,1,1,1,1,8,unanimous,0.16380834429012137,1,30,22,1.0,1.0,1.0,0.0,1.0,4
2020-10-30,1,1,1,1,1,1,1,1,1,8,unanimous,0.16610618254987752,1,30,23,1.0,1.0,1.0,0.0,1.0,4
2020-10-31,1,1,1,2,1,1,1,1,1,8,unanimous,0.1739216548718765,1,30,24,1.0,1.0,1.0,0.0,1.0,4
2020-11-01,3,1,1,2,1,1,-1,1,1,8,unanimous,0.1691094634174084,1,30,25,1.0,1.0,1.0,0.0,1.0,3
2020-11-02,3,1,1,2,1,1,-1,1,1,8,unanimous,0.1586945314465098,1,30,26,1.0,1.0,1.0,0.0,1.0,3
2020-11-03,3,1,1,2,1,1,-1,1,1,8,unanimous,0.1806981788307096,1,30,27,1.0,1.0,1.0,0.0,1.0,3
2020-11-04,3,1,1,2,1,1,-1,1,1,8,unanimous,0.1886901762372608,1,30,28,1.0,1.0,1.0,0.0,1.0,3
2020-11-05,1,1,1,2,1,1,1,1,1,8,unanimous,0.26190877643660115,1,30,29,1.0,1.0,1.0,0.0,1.0,4
2020-11-06,1,1,1,2,1,1,1,1,1,8,unanimous,0.25833970361665204,1,30,30,1.0,1.0,1.0,0.0,1.0,4
2020-11-07,1,1,1,2,1,1,1,1,1,8,unanimous,0.21870131315623698,1,30,31,1.0,1.0,1.0,0.0,1.0,4
2020-11-08,1,1,1,2,1,1,1,1,1,8,unanimous,0.24144927186966536,1,30,32,1.0,1.0,1.0,0.0,1.0,4
2020-11-09,1,1,1,2,1,1,1,1,1,8,unanimous,0.2268051430233179,1,30,33,1.0,1.0,1.0,0.0,1.0,4
2020-11-10,3,1,1,2,1,1,-1,1,1,8,unanimous,0.21924486698938717,1,30,34,1.0,1.0,1.0,0.0,1.0,3
2020-11-11,3,1,1,2,1,1,-1,1,1,8,unanimous,0.23441996022171963,1,30,35,1.0,1.0,1.0,0.0,1.0,3
2020-11-12,1,1,1,2,1,1,1,1,1,8,unanimous,0.25586617858135274,1,30,36,1.0,1.0,1.0,0.0,1.0,4
2020-11-13,1,1,1,2,1,1,1,1,1,8,unanimous,0.2519450828434985,1,30,37,1.0,1.0,1.0,0.0,1.0,4
2020-11-14,1,1,1,2,1,1,1,1,1,8,unanimous,0.2344980920589702,1,30,38,1.0,1.0,1.0,0.0,1.0,4
2020-11-15,3,1,1,2,1,1,-1,1,1,8,unanimous,0.22368784622073945,1,30,39,1.0,1.0,1.0,0.0,1.0,3
2020-11-16,3,1,1,2,1,1,-1,1,1,8,unanimous,0.2539308848346651,1,30,40,1.0,1.0,1.0,0.0,1.0,3
2020-11-17,1,1,1,2,1,1,1,1,1,8,unanimous,0.28767880581795446,1,30,41,1.0,1.0,1.0,0.0,1.0,4
2020-11-18,1,1,1,2,1,1,1,1,1,8,unanimous,0.28778771137498027,1,30,42,1.0,1.0,1.0,0.0,1.0,4
2020-11-19,1,1,1,2,1,1,1,1,1,8,unanimous,0.28177944595565396,1,30,43,1.0,1.0,1.0,0.0,1.0,4
2020-11-20,1,1,1,2,1,1,1,1,1,8,unanimous,0.30610385703545406,1,30,44,1.0,1.0,1.0,0.0,1.0,4
2020-11-21,1,1,1,2,1,1,1,1,1,8,unanimous,0.29953368704938044,1,30,45,1.0,1.0,1.0,0.0,1.0,4
2020-11-22,1,1,1,2,1,1,1,1,1,8,unanimous,0.2814066266248242,1,30,46,1.0,1.0,1.0,0.0,1.0,4
2020-11-23,1,1,1,2,1,1,1,1,1,8,unanimous,0.27415292227827803,1,30,47,1.0,1.0,1.0,0.0,1.0,4
2020-11-24,1,1,1,2,1,1,1,1,1,8,unanimous,0.2955859114470223,1,30,48,1.0,1.0,1.0,0.0,1.0,4
2020-11-25,1,1,1,2,1,1,1,1,1,8,unanimous,0.2739099301174389,1,30,49,1.0,1.0,1.0,0.0,1.0,4
2020-11-26,5,1,1,2,1,1,-1,1,1,8,unanimous,0.1990921281776874,1,30,50,1.0,1.0,1.0,0.0,1.0,3
2020-11-27,3,1,1,2,1,1,-1,1,1,6,lean,0.1907346038699228,1,30,51,1.0,1.0,1.0,0.0,1.0,3
2020-11-28,3,1,1,2,1,1,-1,1,1,7,strong,0.21255983500116082,1,30,52,1.0,1.0,1.0,0.0,1.0,3
2020-11-29,3,1,1,2,1,1,-1,1,1,8,unanimous,0.22602543182197665,1,30,53,1.0,1.0,1.0,0.0,1.0,3
2020-11-30,1,1,1,2,1,1,1,1,1,8,unanimous,0.2766161448591,1,30,54,1.0,1.0,1.0,0.0,1.0,4
2020-12-01,1,1,1,2,1,1,1,1,1,8,unanimous,0.23680254046751492,1,30,55,1.0,1.0,1.0,0.0,1.0,4
2020-12-02,3,1,1,2,1,1,-1,1,1,8,unanimous,0.24534015105766338,1,30,56,1.0,1.0,1.0,0.0,1.0,3
2020-12-03,3,1,1,2,1,1,-1,1,1,8,unanimous,0.24738518853812796,1,30,57,1.0,1.0,1.0,0.0,1.0,3
2020-12-04,3,1,3,2,1,1,-1,1,-1,7,strong,0.20953341147819549,1,30,58,1.0,1.0,1.0,0.0,1.0,2
2020-12-05,3,1,1,2,1,1,-1,1,1,8,unanimous,0.22112509583597706,1,30,59,1.0,1.0,1.0,0.0,1.0,3
2020-12-06,3,0,3,2,1,1,-1,1,-1,8,unanimous,0.221376421325028,1,30,60,1.0,1.0,1.0,0.0,1.0,2
2020-12-07,3,0,3,2,1,1,-1,1,-1,8,unanimous,0.2077046856380822,1,30,61,1.0,1.0,1.0,0.0,1.0,2
2020-12-08,3,0,0,2,1,1,-1,1,1,7,strong,0.16254206329330556,1,30,62,1.0,1.0,1.0,0.0,1.0,3
2020-12-09,3,0,0,2,1,1,-1,1,1,7,strong,0.16663134584034756,1,30,63,1.0,1.0,1.0,0.0,1.0,3
2020-12-10,0,0,0,0,1,1,1,1,1,5,mixed,0.14679553207759632,1,30,64,1.0,1.0,1.0,0.0,1.0,4
2020-12-11,0,0,0,0,1,1,1,1,1,5,mixed,0.13076146776557684,1,30,65,1.0,1.0,1.0,0.0,1.0,4
2020-12-12,0,0,0,0,1,1,1,1,1,7,strong,0.1592103649336476,1,30,66,1.0,1.0,1.0,0.0,1.0,4
2020-12-13,0,0,0,0,1,1,1,1,1,7,strong,0.16755897028481126,1,30,67,1.0,1.0,1.0,0.0,1.0,4
2020-12-14,0,0,0,0,1,1,1,1,1,8,unanimous,0.1653342188653778,1,30,68,1.0,1.0,1.0,0.0,1.0,4
2020-12-15,0,0,0,0,1,1,1,1,1,8,unanimous,0.1657431133311592,1,30,69,1.0,1.0,1.0,0.0,1.0,4
2020-12-16,2,2,2,0,1,1,1,1,1,8,unanimous,0.23346015119577357,1,30,70,1.0,1.0,1.0,0.0,1.0,4
2020-12-17,1,5,1,0,1,1,1,-1,1,8,unanimous,0.27639252959903726,1,30,71,1.0,1.0,1.0,0.0,1.0,3
2020-12-18,1,5,1,0,1,1,1,-1,1,8,unanimous,0.27869632486844675,1,30,72,1.0,1.0,1.0,0.0,1.0,3
2020-12-19,1,5,1,0,1,1,1,-1,1,8,unanimous,0.29284406829421095,1,30,73,1.0,1.0,1.0,0.0,1.0,3
2020-12-20,1,5,1,0,1,1,1,-1,1,8,unanimous,0.2730458887161401,1,30,74,1.0,1.0,1.0,0.0,1.0,3
2020-12-21,1,5,5,0,1,1,1,-1,-1,8,unanimous,0.2437392708600551,1,30,75,1.0,1.0,1.0,0.0,1.0,2
2020-12-22,1,5,1,0,1,1,1,-1,1,8,unanimous,0.26786493369518094,1,30,76,1.0,1.0,1.0,0.0,1.0,3
2020-12-23,1,5,1,1,1,1,1,-1,1,8,unanimous,0.24301623509449122,1,30,77,1.0,1.0,1.0,0.0,1.0,3
2020-12-24,1,2,1,1,1,1,1,1,1,8,unanimous,0.2514992777966989,1,30,78,1.0,1.0,1.0,0.0,1.0,4
2020-12-25,1,2,2,1,1,1,1,1,1,8,unanimous,0.27236095487625833,1,30,79,1.0,1.0,1.0,0.0,1.0,4
2020-12-26,1,2,1,1,1,1,1,1,1,8,unanimous,0.31408028907806707,1,30,80,1.0,1.0,1.0,0.0,1.0,4
2020-12-27,1,2,2,1,1,1,1,1,1,8,unanimous,0.3012855083855239,1,30,81,1.0,1.0,1.0,0.0,1.0,4
2020-12-28,1,2,1,1,1,1,1,1,1,8,unanimous,0.32356381741321494,1,30,82,1.0,1.0,1.0,0.0,1.0,4
2020-12-29,1,2,1,1,1,1,1,1,1,8,unanimous,0.32192020482002015,1,30,83,1.0,1.0,1.0,0.0,1.0,4
2020-12-30,1,1,1,1,1,1,1,1,1,8,unanimous,0.3666994253505622,1,30,84,1.0,1.0,1.0,0.0,1.0,4
2020-12-31,1,1,1,1,1,1,1,1,1,8,unanimous,0.377316108870426,1,30,85,1.0,1.0,1.0,0.0,1.0,4
2021-01-01,1,1,1,1,1,1,1,1,1,8,unanimous,0.35985705970504733,1,30,86,1.0,1.0,1.0,0.0,1.0,4
2021-01-02,1,1,1,1,1,1,1,1,1,8,unanimous,0.4041702187728602,1,30,87,1.0,1.0,1.0,0.0,1.0,4
2021-01-03,1,1,1,1,1,1,1,1,1,8,unanimous,0.4128902821406263,1,30,88,1.0,1.0,1.0,0.0,1.0,4
2021-01-04,1,1,1,1,1,1,1,1,1,8,unanimous,0.39268333657103827,1,30,89,1.0,1.0,1.0,0.0,1.0,4
2021-01-05,1,1,1,1,1,1,1,1,1,8,unanimous,0.3913958991967573,1,30,90,1.0,1.0,1.0,0.0,1.0,4
2021-01-06,1,1,1,1,1,1,1,1,1,8,unanimous,0.42938170412022436,1,30,91,1.0,1.0,1.0,0.0,1.0,4
2021-01-07,1,1,1,2,1,1,1,1,1,8,unanimous,0.45710273306605986,1,30,92,1.0,1.0,1.0,0.0,1.0,4
2021-01-08,1,1,1,2,1,1,1,1,1,8,unanimous,0.46609941078055617,1,30,93,1.0,1.0,1.0,0.0,1.0,4
2021-01-09,1,1,1,2,1,1,1,1,1,8,unanimous,0.4481571281534026,1,30,94,1.0,1.0,1.0,0.0,1.0,4
2021-01-10,1,1,1,2,1,1,1,1,1,8,unanimous,0.4099989473978395,1,30,95,1.0,1.0,1.0,0.0,1.0,4
2021-01-11,1,1,1,2,1,1,1,1,1,8,unanimous,0.3531981307046016,1,30,96,1.0,1.0,1.0,0.0,1.0,4
2021-01-12,5,1,1,2,1,1,-1,1,1,8,unanimous,0.3148786231854853,1,30,97,1.0,1.0,1.0,0.0,1.0,3
2021-01-13,5,1,1,2,1,1,-1,1,1,8,unanimous,0.36667306499605234,1,30,98,1.0,1.0,1.0,0.0,1.0,3
2021-01-14,1,1,1,2,1,1,1,1,1,8,unanimous,0.3876718921421485,1,30,99,1.0,1.0,1.0,0.0,1.0,4
2021-01-15,3,1,1,2,1,1,-1,1,1,8,unanimous,0.3380549217615596,1,30,100,1.0,1.0,1.0,0.0,1.0,3
2021-01-16,5,1,5,2,1,1,-1,1,-1,7,strong,0.3172270818499141,1,30,101,1.0,1.0,1.0,0.0,1.0,2
2021-01-17,5,5,5,2,1,1,-1,-1,-1,7,strong,0.30114590712924205,1,30,102,1.0,1.0,1.0,0.0,1.0,1
2021-01-18,5,5,5,0,1,1,-1,-1,-1,7,strong,0.30883219740910506,1,30,103,1.0,1.0,1.0,0.0,1.0,1
2021-01-19,5,5,5,0,1,1,-1,-1,-1,7,strong,0.28963404862125774,1,30,104,1.0,1.0,1.0,0.0,1.0,1
2021-01-20,5,5,5,0,1,1,-1,-1,-1,6,lean,0.27089214637622183,1,30,105,1.0,1.0,1.0,0.0,1.0,1
2021-01-21,5,5,5,0,1,1,-1,-1,-1,6,lean,0.14975839510905353,1,30,106,1.0,1.0,1.0,0.0,1.0,1
2021-01-22,5,5,5,0,1,1,-1,-1,-1,6,lean,0.19951839350564404,1,30,107,1.0,1.0,1.0,0.0,1.0,1
2021-01-23,5,0,5,0,1,1,-1,1,-1,5,mixed,0.1687549387808146,1,30,108,1.0,1.0,1.0,0.0,1.0,2
2021-01-24,5,0,0,0,1,1,-1,1,1,6,lean,0.1674632273377088,1,30,109,1.0,1.0,1.0,0.0,1.0,3
2021-01-25,5,0,5,0,1,1,-1,1,-1,5,mixed,0.1615165538533524,1,30,110,1.0,1.0,1.0,0.0,1.0,2
2021-01-26,5,0,0,0,1,1,-1,1,1,5,mixed,0.15881421864693335,1,30,111,1.0,1.0,1.0,0.0,1.0,3
2021-01-27,5,0,5,0,1,1,-1,1,-1,4,mixed,0.09146511130039203,1,30,112,1.0,1.0,1.0,0.0,1.0,2
2021-01-28,5,0,5,0,1,1,-1,1,-1,5,mixed,0.16761303341113865,1,30,113,1.0,1.0,1.0,0.0,1.0,2
2021-01-29,5,0,5,0,1,1,-1,1,-1,5,mixed,0.18140203836200253,1,30,114,1.0,1.0,1.0,0.0,1.0,2
2021-01-30,5,0,5,0,1,1,-1,1,-1,5,mixed,0.17260994126426632,1,30,115,1.0,1.0,1.0,0.0,1.0,2
2021-01-31,0,0,0,1,1,1,1,1,1,6,lean,0.1360346177239009,1,30,116,1.0,1.0,1.0,0.0,1.0,4
2021-02-01,0,0,0,1,1,1,1,1,1,6,lean,0.1400188957950339,1,30,117,1.0,1.0,1.0,0.0,1.0,4
2021-02-02,0,0,0,1,1,1,1,1,1,7,strong,0.18072142591848384,1,30,118,1.0,1.0,1.0,0.0,1.0,4
2021-02-03,0,0,0,1,1,1,1,1,1,7,strong,0.21621557690240312,1,30,119,1.0,1.0,1.0,0.0,1.0,4
2021-02-04,0,0,0,1,1,1,1,1,1,8,unanimous,0.196305483708484,1,30,120,1.0,1.0,1.0,0.0,1.0,4
2021-02-05,0,0,0,1,1,1,1,1,1,8,unanimous,0.21409348242405235,1,30,121,1.0,1.0,1.0,0.0,1.0,4
2021-02-06,0,4,0,1,1,1,1,-1,1,8,unanimous,0.22798763518554843,1,30,122,1.0,1.0,1.0,0.0,1.0,3
2021-02-07,0,4,0,1,1,1,1,-1,1,8,unanimous,0.21176898688345347,1,30,123,1.0,1.0,1.0,0.0,1.0,3
2021-02-08,5,4,4,1,1,1,-1,-1,-1,8,unanimous,0.32863470479145795,1,30,124,1.0,1.0,1.0,0.0,1.0,1
2021-02-09,5,4,5,1,1,1,-1,-1,-1,8,unanimous,0.3224857553255309,1,30,125,1.0,1.0,1.0,0.0,1.0,1
2021-02-10,2,4,4,1,1,1,1,-1,-1,8,unanimous,0.3137367374971247,1,30,126,1.0,1.0,1.0,0.0,1.0,2
2021-02-11,2,4,2,1,1,1,1,-1,1,8,unanimous,0.3237726977638097,1,30,127,1.0,1.0,1.0,0.0,1.0,3
2021-02-12,2,3,2,1,1,1,1,-1,1,8,unanimous,0.3249606824697675,1,30,128,1.0,1.0,-1.0,0.0,1.0,3
2021-02-13,2,3,3,1,1,1,1,-1,-1,8,unanimous,0.3145308255767554,1,30,129,1.0,1.0,-1.0,0.0,1.0,2
2021-02-14,2,3,3,1,1,1,1,-1,-1,8,unanimous,0.33562820918459224,1,30,130,1.0,1.0,-1.0,0.0,1.0,2
2021-02-15,2,3,2,2,1,1,1,-1,1,8,unanimous,0.3206839126979245,1,30,131,1.0,1.0,-1.0,0.0,1.0,3
2021-02-16,2,3,2,2,1,1,1,-1,1,8,unanimous,0.3814506786611087,1,30,132,1.0,1.0,-1.0,0.0,1.0,3
2021-02-17,2,3,3,2,1,1,1,-1,-1,8,unanimous,0.35826012689299425,1,30,133,1.0,1.0,-1.0,0.0,1.0,2
2021-02-18,2,3,3,2,1,1,1,-1,-1,8,unanimous,0.33598061923980815,1,30,134,1.0,1.0,-1.0,0.0,1.0,2
2021-02-19,2,3,3,2,1,1,1,-1,-1,8,unanimous,0.38681931721585017,1,30,135,1.0,1.0,-1.0,0.0,1.0,2
2021-02-20,2,3,2,2,1,1,1,-1,1,8,unanimous,0.4097211589030849,1,30,136,1.0,1.0,-1.0,0.0,1.0,3
2021-02-21,2,0,0,2,1,1,1,1,1,8,unanimous,0.4171496757755109,1,30,137,1.0,1.0,-1.0,0.0,1.0,4
2021-02-22,2,0,0,2,1,1,1,1,1,8,unanimous,0.3449170913119005,1,30,138,1.0,1.0,-1.0,0.0,1.0,4
2021-02-23,5,0,0,2,1,1,-1,1,1,8,unanimous,0.2325134552193674,1,30,139,1.0,1.0,-1.0,0.0,1.0,3
2021-02-24,0,0,0,2,1,1,1,1,1,8,unanimous,0.25710049813097735,1,30,140,1.0,1.0,-1.0,0.0,1.0,4
2021-02-25,0,0,0,2,1,1,1,1,1,6,lean,0.1900363353562774,1,30,141,1.0,1.0,-1.0,0.0,1.0,4
2021-02-26,5,0,5,2,1,1,-1,1,-1,6,lean,0.15264968436680193,1,30,142,1.0,1.0,-1.0,0.0,1.0,2
2021-02-27,0,0,0,2,1,1,1,1,1,6,lean,0.15772365658218823,1,30,143,1.0,1.0,-1.0,0.0,1.0,4
2021-02-28,0,0,0,2,1,1,1,1,1,5,mixed,0.1145505907158465,1,30,144,1.0,1.0,-1.0,0.0,1.0,4
2021-03-01,0,0,0,2,1,1,1,1,1,6,lean,0.18920619458113086,1,30,145,1.0,1.0,-1.0,0.0,1.0,4
2021-03-02,0,0,0,2,1,1,1,1,1,6,lean,0.16112251064944505,1,30,146,1.0,1.0,-1.0,0.0,1.0,4
2021-03-03,0,0,0,0,1,1,1,1,1,7,strong,0.19151329070019962,1,30,147,1.0,1.0,-1.0,0.0,1.0,4
2021-03-04,0,0,0,0,1,1,1,1,1,6,lean,0.15239991742733183,1,30,148,1.0,1.0,-1.0,0.0,1.0,4
2021-03-05,0,0,0,0,1,1,1,1,1,7,strong,0.15299597965087885,1,30,149,1.0,1.0,-1.0,0.0,1.0,4
2021-03-06,0,0,0,0,1,1,1,1,1,6,lean,0.14756233795504847,1,30,150,1.0,1.0,-1.0,0.0,1.0,4
2021-03-07,0,0,0,0,1,1,1,1,1,8,unanimous,0.18175461475740895,1,30,151,1.0,1.0,-1.0,0.0,1.0,4
2021-03-08,0,0,0,0,1,1,1,1,1,8,unanimous,0.19420010409165145,1,30,152,1.0,1.0,-1.0,0.0,1.0,4
2021-03-09,0,0,0,0,1,1,1,1,1,8,unanimous,0.22854585339235334,1,30,153,1.0,1.0,-1.0,0.0,1.0,4
2021-03-10,0,0,0,0,1,1,1,1,1,8,unanimous,0.24045107729612325,1,30,154,1.0,1.0,-1.0,0.0,1.0,4
2021-03-11,0,0,0,0,1,1,1,1,1,8,unanimous,0.25888187945985763,1,30,155,1.0,1.0,-1.0,0.0,1.0,4
2021-03-12,0,3,0,0,1,1,1,-1,1,8,unanimous,0.24619273511008166,1,30,156,1.0,1.0,-1.0,0.0,1.0,3
2021-03-13,0,3,0,0,1,1,1,-1,1,8,unanimous,0.2878524969044576,1,30,157,1.0,1.0,-1.0,0.0,1.0,3
2021-03-14,0,3,0,0,1,1,1,-1,1,8,unanimous,0.25770777368884557,1,30,158,1.0,1.0,-1.0,0.0,1.0,3
2021-03-15,0,4,0,0,1,1,1,-1,1,8,unanimous,0.20653187612207846,1,30,159,1.0,1.0,-1.0,0.0,1.0,3
2021-03-16,0,0,0,1,1,1,1,1,1,8,unanimous,0.21337772773809294,1,30,160,1.0,1.0,-1.0,0.0,1.0,4
2021-03-17,4,3,4,1,1,1,-1,-1,-1,8,unanimous,0.23504462015304062,1,30,161,1.0,1.0,-1.0,0.0,1.0,1
2021-03-18,4,0,0,1,1,1,-1,1,1,8,unanimous,0.21490435755871684,1,30,162,1.0,1.0,-1.0,0.0,1.0,3
2021-03-19,4,3,4,1,1,1,-1,-1,-1,8,unanimous,0.21530033723447917,1,30,163,1.0,1.0,-1.0,0.0,1.0,1
2021-03-20,4,3,4,1,1,1,-1,-1,-1,8,unanimous,0.22594840548748607,1,30,164,1.0,1.0,-1.0,0.0,1.0,1
2021-03-21,4,0,4,1,1,1,-1,1,-1,7,strong,0.19079857893275887,1,30,165,1.0,1.0,-1.0,0.0,1.0,2
2021-03-22,0,0,0,1,1,1,1,1,1,6,lean,0.13806572790079763,1,30,166,1.0,1.0,-1.0,0.0,1.0,4
2021-03-23,0,0,0,0,1,1,1,1,1,6,lean,0.13470489195859736,1,30,167,1.0,1.0,-1.0,0.0,1.0,4
2021-03-24,0,0,0,0,1,1,1,1,1,5,mixed,0.0952105083578535,1,30,168,1.0,-1.0,-1.0,0.0,1.0,4
2021-03-25,0,0,0,0,1,1,1,1,1,5,mixed,0.06976919669341664,1,30,169,1.0,-1.0,-1.0,0.0,1.0,4
2021-03-26,0,0,0,0,1,1,1,1,1,6,lean,0.12174607333371079,1,30,170,1.0,-1.0,-1.0,0.0,1.0,4
2021-03-27,0,3,0,0,1,1,1,-1,1,6,lean,0.12803290196942518,1,30,171,1.0,-1.0,-1.0,0.0,1.0,3
2021-03-28,0,3,0,0,1,1,1,-1,1,6,lean,0.11994098869227976,1,30,172,1.0,-1.0,-1.0,0.0,1.0,3
2021-03-29,0,3,0,0,1,1,1,-1,1,7,strong,0.14076393334218917,1,30,173,1.0,-1.0,-1.0,0.0,1.0,3
2021-03-30,0,3,0,0,1,1,1,-1,1,8,unanimous,0.15104892784665958,1,30,174,1.0,-1.0,-1.0,0.0,1.0,3
2021-03-31,0,3,0,0,1,1,1,-1,1,8,unanimous,0.1439748360901455,1,30,175,1.0,-1.0,-1.0,0.0,1.0,3
2021-04-01,0,3,3,0,1,1,1,-1,-1,8,unanimous,0.13913747859886927,1,30,176,1.0,-1.0,-1.0,0.0,1.0,2
2021-04-02,0,3,3,0,1,1,1,-1,-1,7,strong,0.13602495681720994,1,30,177,1.0,-1.0,-1.0,0.0,1.0,2
2021-04-03,0,3,3,0,1,1,1,-1,-1,7,strong,0.10229660079300984,1,30,178,-1.0,-1.0,-1.0,1.0,1.0,2
2021-04-04,0,3,0,0,1,1,1,-1,1,8,unanimous,0.12005731878137427,1,30,179,-1.0,-1.0,-1.0,1.0,1.0,3
2021-04-05,0,3,0,1,1,1,1,-1,1,8,unanimous,0.11235437965052064,1,30,180,-1.0,-1.0,-1.0,1.0,1.0,3
2021-04-06,0,0,0,1,1,1,1,1,1,7,strong,0.09306074854960433,1,30,181,-1.0,-1.0,-1.0,1.0,1.0,4
2021-04-07,0,0,0,1,1,1,1,1,1,6,lean,0.052654291525317864,1,30,182,-1.0,-1.0,-1.0,1.0,1.0,4
2021-04-08,0,3,0,1,1,1,1,-1,1,7,strong,0.08462442661463021,1,30,183,-1.0,-1.0,-1.0,1.0,1.0,3
2021-04-09,0,3,0,1,1,1,1,-1,1,6,lean,0.07985459544312701,1,30,184,-1.0,-1.0,-1.0,1.0,1.0,3
2021-04-10,4,3,3,1,1,1,-1,-1,-1,8,unanimous,0.10034535923457943,1,30,185,-1.0,-1.0,-1.0,1.0,1.0,1
2021-04-11,4,3,3,1,1,1,-1,-1,-1,8,unanimous,0.10231024240485487,1,30,186,-1.0,-1.0,-1.0,1.0,1.0,1
2021-04-12,4,3,3,1,1,1,-1,-1,-1,8,unanimous,0.09416174853828418,1,30,187,-1.0,-1.0,-1.0,1.0,1.0,1
2021-04-13,4,3,4,1,1,1,-1,-1,-1,8,unanimous,0.16895444607008048,-1,31,188,-1.0,-1.0,-1.0,0.0,0.0,1
2021-04-14,4,3,4,1,1,1,-1,-1,-1,8,unanimous,0.18072556205149248,-1,31,189,-1.0,-1.0,-1.0,0.0,0.0,1
2021-04-15,4,3,3,1,1,1,-1,-1,-1,8,unanimous,0.13154093451010007,-1,31,190,-1.0,-1.0,-1.0,0.0,0.0,1
2021-04-16,2,3,4,1,1,1,1,-1,-1,8,unanimous,0.10275108498761765,-1,31,191,-1.0,-1.0,-1.0,0.0,0.0,2
2021-04-17,4,0,4,1,1,1,-1,1,-1,8,unanimous,0.08615132717282292,-1,31,192,-1.0,-1.0,-1.0,0.0,0.0,2
2021-04-18,5,0,5,1,1,1,-1,1,-1,4,mixed,0.010952310540240706,-1,31,193,-1.0,-1.0,-1.0,0.0,0.0,2
2021-04-19,0,0,0,1,1,1,1,1,1,4,mixed,0.0008414865650128167,-1,31,194,-1.0,-1.0,-1.0,0.0,0.0,4
2021-04-20,0,0,0,2,1,1,1,1,1,4,mixed,0.010357128430218632,-1,31,195,-1.0,-1.0,-1.0,0.0,0.0,4
2021-04-21,0,0,0,5,1,-1,1,1,1,2,lean,0.04068983103500523,-1,31,1,-1.0,-1.0,-1.0,0.0,1.0,1
2021-04-22,5,4,4,5,1,-1,-1,-1,-1,2,lean,0.11161936080678925,-1,31,2,-1.0,-1.0,-1.0,0.0,1.0,4
2021-04-23,5,4,4,3,1,-1,-1,-1,-1,2,lean,0.08776517059766054,-1,31,3,-1.0,-1.0,-1.0,0.0,1.0,4
2021-04-24,0,0,0,3,1,-1,1,1,1,3,mixed,0.11119666951959939,-1,31,4,-1.0,-1.0,-1.0,0.0,1.0,1
2021-04-25,0,0,0,3,1,-1,1,1,1,1,strong,0.13504867474976034,-1,31,5,-1.0,-1.0,-1.0,0.0,1.0,1
2021-04-26,0,4,4,3,1,-1,1,-1,-1,3,mixed,0.030225587468244886,-1,31,6,-1.0,-1.0,-1.0,0.0,1.0,3
2021-04-27,0,0,0,3,1,-1,1,1,1,3,mixed,0.013658670677977547,-1,31,7,-1.0,-1.0,-1.0,0.0,1.0,1
2021-04-28,0,0,0,3,1,-1,1,1,1,3,mixed,0.020246399591023145,-1,31,8,-1.0,-1.0,-1.0,0.0,1.0,1
2021-04-29,0,0,0,3,1,-1,1,1,1,3,mixed,0.040503254970712055,-1,31,9,-1.0,-1.0,-1.0,0.0,1.0,1
2021-04-30,0,4,0,0,1,1,1,-1,1,7,strong,0.02744196444803404,-1,31,1,-1.0,-1.0,-1.0,0.0,0.0,3
2021-05-01,0,0,0,0,1,1,1,1,1,7,strong,0.06782108136993692,-1,31,2,-1.0,-1.0,-1.0,0.0,0.0,4
2021-05-02,0,0,0,0,1,1,1,1,1,6,lean,0.08597407728585427,-1,31,3,-1.0,-1.0,-1.0,0.0,0.0,4
2021-05-03,0,4,0,0,1,1,1,-1,1,7,strong,0.10027057099279668,-1,31,4,-1.0,-1.0,-1.0,0.0,0.0,3
2021-05-04,0,4,4,0,1,1,1,-1,-1,4,mixed,0.030321009341158556,-1,31,5,-1.0,-1.0,-1.0,0.0,0.0,2
2021-05-05,0,4,4,0,1,1,1,-1,-1,7,strong,0.09570572199745964,-1,31,6,-1.0,-1.0,-1.0,0.0,0.0,2
2021-05-06,0,4,4,1,1,1,1,-1,-1,5,mixed,0.042108305671588186,-1,31,7,-1.0,-1.0,-1.0,0.0,0.0,2
2021-05-07,0,4,4,1,1,1,1,-1,-1,7,strong,0.047296774376911266,-1,31,8,-1.0,-1.0,-1.0,0.0,0.0,2
2021-05-08,0,4,4,1,1,1,1,-1,-1,8,unanimous,0.06767694757066456,-1,31,9,-1.0,-1.0,-1.0,0.0,0.0,2
2021-05-09,4,4,4,1,1,1,-1,-1,-1,8,unanimous,0.05781318713881212,-1,31,10,-1.0,-1.0,-1.0,0.0,0.0,1
2021-05-10,4,4,4,4,1,-1,-1,-1,-1,3,mixed,0.010978098906665679,-1,31,1,-1.0,-1.0,-1.0,0.0,1.0,4
2021-05-11,4,4,4,1,1,1,-1,-1,-1,4,mixed,0.028982370463338514,-1,31,1,-1.0,-1.0,-1.0,0.0,0.0,1
2021-05-12,5,4,4,4,1,-1,-1,-1,-1,1,strong,0.12554750746170962,-1,31,1,-1.0,-1.0,-1.0,0.0,1.0,4
2021-05-13,5,4,5,4,1,-1,-1,-1,-1,1,strong,0.11068429515553446,-1,31,2,-1.0,-1.0,-1.0,0.0,1.0,4
2021-05-14,0,4,0,4,1,-1,1,-1,1,1,strong,0.08053075231044282,-1,31,3,-1.0,-1.0,-1.0,0.0,1.0,2
2021-05-15,0,0,0,4,1,-1,1,1,1,1,strong,0.18150720761877315,-1,31,4,-1.0,-1.0,-1.0,0.0,1.0,1
2021-05-16,0,4,0,4,1,-1,1,-1,1,1,strong,0.18101518975276365,-1,31,5,-1.0,-1.0,-1.0,0.0,1.0,2
2021-05-17,5,4,4,4,1,-1,-1,-1,-1,1,strong,0.26403910133888675,-1,31,6,-1.0,-1.0,-1.0,0.0,1.0,4
2021-05-18,0,0,0,4,1,-1,1,1,1,1,strong,0.27768507903689166,-1,31,7,-1.0,-1.0,-1.0,0.0,1.0,1
2021-05-19,5,4,5,4,1,-1,-1,-1,-1,0,unanimous,0.4648105717712083,-1,31,8,-1.0,-1.0,-1.0,0.0,1.0,4
2021-05-20,5,4,5,4,1,-1,-1,-1,-1,1,strong,0.33470300041290124,-1,31,9,-1.0,-1.0,-1.0,0.0,1.0,4
2021-05-21,5,4,5,5,1,-1,-1,-1,-1,0,unanimous,0.44925608707350717,-1,31,10,-1.0,-1.0,1.0,0.0,1.0,4
2021-05-22,5,0,5,5,1,-1,-1,1,-1,0,unanimous,0.4214284639709678,-1,31,11,-1.0,-1.0,1.0,0.0,1.0,3
2021-05-23,5,4,5,5,1,-1,-1,-1,-1,0,unanimous,0.5153563511922303,-1,31,12,-1.0,-1.0,1.0,0.0,1.0,4
2021-05-24,5,4,5,5,1,-1,-1,-1,-1,0,unanimous,0.33581838077953674,-1,31,13,-1.0,-1.0,1.0,0.0,1.0,4
2021-05-25,5,0,0,5,1,-1,-1,1,1,0,unanimous,0.3366987552947249,-1,31,14,-1.0,-1.0,1.0,0.0,1.0,2
2021-05-26,0,0,0,5,1,-1,1,1,1,0,unanimous,0.2912360385654542,-1,31,15,-1.0,-1.0,1.0,0.0,1.0,1
2021-05-27,0,0,0,5,1,-1,1,1,1,0,unanimous,0.3057646309558124,-1,31,16,-1.0,-1.0,1.0,0.0,1.0,1
2021-05-28,0,0,0,5,1,-1,1,1,1,0,unanimous,0.3931958840980334,-1,31,17,-1.0,-1.0,1.0,0.0,1.0,1
2021-05-29,0,0,0,5,1,-1,1,1,1,0,unanimous,0.42189041143509654,-1,31,18,-1.0,-1.0,1.0,0.0,1.0,1
2021-05-30,0,0,0,5,1,-1,1,1,1,0,unanimous,0.3638556561224191,-1,31,19,-1.0,-1.0,1.0,0.0,1.0,1
2021-05-31,0,0,0,5,1,-1,1,1,1,1,strong,0.2908852990152859,-1,31,20,-1.0,-1.0,1.0,0.0,1.0,1
2021-06-01,0,0,0,5,1,-1,1,1,1,0,unanimous,0.3035994540076865,-1,31,21,-1.0,-1.0,1.0,0.0,1.0,1
2021-06-02,0,0,0,5,1,-1,1,1,1,1,strong,0.2628813777114798,-1,31,22,-1.0,-1.0,1.0,0.0,1.0,1
2021-06-03,0,0,0,5,1,-1,1,1,1,2,lean,0.20210632793746575,-1,31,23,-1.0,-1.0,1.0,0.0,1.0,1
2021-06-04,0,0,0,5,1,-1,1,1,1,0,unanimous,0.2674058821586267,-1,31,24,-1.0,-1.0,1.0,0.0,1.0,1
2021-06-05,0,0,0,5,1,-1,1,1,1,0,unanimous,0.30633529121910064,-1,31,25,-1.0,-1.0,1.0,0.0,1.0,1
2021-06-06,0,0,0,5,2,-1,1,1,1,0,unanimous,0.21401627685001112,-1,31,26,-1.0,-1.0,1.0,0.0,1.0,1
2021-06-07,0,0,0,5,2,-1,1,1,1,0,unanimous,0.27856073782340096,-1,31,27,-1.0,-1.0,1.0,0.0,1.0,1
2021-06-08,0,0,0,5,2,-1,1,1,1,0,unanimous,0.25429018245767154,-1,31,28,-1.0,-1.0,1.0,0.0,1.0,1
2021-06-09,0,4,0,5,2,-1,1,-1,1,2,lean,0.12622259912411105,-1,31,29,-1.0,-1.0,1.0,0.0,1.0,2
2021-06-10,0,0,0,5,2,-1,1,1,1,1,strong,0.14853646314377467,-1,31,30,-1.0,-1.0,1.0,0.0,1.0,1
2021-06-11,0,0,0,5,2,-1,1,1,1,2,lean,0.13156838242824964,-1,31,31,-1.0,-1.0,1.0,0.0,1.0,1
2021-06-12,0,0,0,5,2,-1,1,1,1,1,strong,0.1908585577051698,-1,31,32,-1.0,-1.0,1.0,0.0,1.0,1
2021-06-13,0,0,0,5,2,-1,1,1,1,2,lean,0.0824217175023425,-1,31,33,-1.0,-1.0,1.0,0.0,1.0,1
2021-06-14,0,4,0,5,2,-1,1,-1,1,3,mixed,0.04057822250748977,-1,31,34,-1.0,-1.0,1.0,0.0,1.0,2
2021-06-15,0,4,4,5,2,-1,1,-1,-1,3,mixed,0.025475744720659943,-1,31,35,-1.0,-1.0,1.0,0.0,1.0,3
2021-06-16,0,0,0,5,2,-1,1,1,1,2,lean,0.06920916168945679,-1,31,36,-1.0,-1.0,1.0,0.0,1.0,1
2021-06-17,2,0,0,5,2,-1,1,1,1,3,mixed,0.06367338731166106,-1,31,37,-1.0,-1.0,1.0,0.0,1.0,1
2021-06-18,0,0,0,3,2,-1,1,1,1,2,lean,0.1165735928839493,-1,31,38,-1.0,-1.0,1.0,0.0,1.0,1
2021-06-19,0,0,0,3,2,-1,1,1,1,0,unanimous,0.10749539319788082,-1,31,39,-1.0,-1.0,1.0,0.0,1.0,1
2021-06-20,0,0,0,3,2,-1,1,1,1,0,unanimous,0.08979084687758188,-1,31,40,-1.0,-1.0,1.0,0.0,1.0,1
2021-06-21,0,5,0,3,2,-1,1,-1,1,0,unanimous,0.21725924986368783,-1,31,41,-1.0,-1.0,1.0,0.0,1.0,2
2021-06-22,0,5,0,3,2,-1,1,-1,1,0,unanimous,0.1719865580856017,-1,31,42,-1.0,-1.0,1.0,0.0,1.0,2
2021-06-23,0,0,0,3,2,-1,1,1,1,0,unanimous,0.1626703980438069,-1,31,43,-1.0,-1.0,1.0,0.0,1.0,1
2021-06-24,0,0,0,3,2,-1,1,1,1,0,unanimous,0.1602899121707757,-1,31,44,-1.0,-1.0,1.0,0.0,1.0,1
2021-06-25,0,0,0,3,2,-1,1,1,1,0,unanimous,0.2771525192111415,-1,31,45,-1.0,-1.0,1.0,0.0,1.0,1
2021-06-26,0,0,0,3,2,-1,1,1,1,0,unanimous,0.1914103047846356,-1,31,46,-1.0,-1.0,1.0,0.0,1.0,1
2021-06-27,0,0,0,3,2,-1,1,1,1,1,strong,0.0982364875902293,-1,31,47,-1.0,-1.0,1.0,0.0,1.0,1
2021-06-28,2,0,0,3,2,-1,1,1,1,1,strong,0.05631771510022565,-1,31,48,-1.0,-1.0,1.0,0.0,1.0,1
2021-06-29,2,0,0,3,2,-1,1,1,1,2,lean,0.0411886060248845,-1,31,49,-1.0,-1.0,1.0,0.0,1.0,1
2021-06-30,2,0,0,3,2,-1,1,1,1,0,unanimous,0.047423575217040215,-1,31,50,-1.0,1.0,1.0,0.0,1.0,1
2021-07-01,2,0,0,3,2,-1,1,1,1,1,strong,0.11206565344055286,-1,31,51,-1.0,1.0,1.0,0.0,1.0,1
2021-07-02,2,0,0,4,2,-1,1,1,1,1,strong,0.06437740828838212,-1,31,52,-1.0,1.0,1.0,0.0,1.0,1
2021-07-03,0,0,0,4,2,-1,1,1,1,1,strong,0.12776170042460144,-1,31,53,-1.0,1.0,1.0,0.0,1.0,1
2021-07-04,0,0,0,4,2,-1,1,1,1,2,lean,0.12144126544798528,-1,31,54,-1.0,1.0,1.0,0.0,1.0,1
2021-07-05,0,0,0,3,2,-1,1,1,1,1,strong,0.16207533816145925,-1,31,55,-1.0,1.0,1.0,0.0,1.0,1
2021-07-06,0,0,0,3,2,-1,1,1,1,1,strong,0.12010643286730915,-1,31,56,-1.0,1.0,1.0,0.0,1.0,1
2021-07-07,0,0,0,3,2,-1,1,1,1,0,unanimous,0.12400339957567619,-1,31,57,-1.0,1.0,1.0,0.0,1.0,1
2021-07-08,0,5,0,3,2,-1,1,-1,1,0,unanimous,0.08850692446492991,-1,31,58,-1.0,1.0,1.0,0.0,1.0,2
2021-07-09,0,0,0,3,2,-1,1,1,1,0,unanimous,0.061239271772066006,-1,31,59,-1.0,1.0,1.0,0.0,1.0,1
2021-07-10,4,0,0,3,2,-1,-1,1,1,0,unanimous,0.06496848420621082,-1,31,60,1.0,1.0,1.0,1.0,1.0,2
2021-07-11,4,0,0,3,2,-1,-1,1,1,3,mixed,0.032021395026284205,-1,31,61,1.0,1.0,1.0,1.0,1.0,2
2021-07-12,4,0,0,3,2,-1,-1,1,1,1,strong,0.06319385391657373,-1,31,62,1.0,1.0,1.0,1.0,1.0,2
2021-07-13,4,0,0,3,2,-1,-1,1,1,0,unanimous,0.07320234772800216,-1,31,63,1.0,1.0,1.0,1.0,1.0,2
2021-07-14,4,0,0,3,2,-1,-1,1,1,0,unanimous,0.07511448052316672,-1,31,64,1.0,1.0,1.0,1.0,1.0,2
2021-07-15,4,0,0,3,2,-1,-1,1,1,1,strong,0.0987287888152295,-1,31,65,1.0,1.0,1.0,1.0,1.0,2
2021-07-16,4,0,0,3,2,-1,-1,1,1,0,unanimous,0.10795800848908077,-1,31,66,1.0,1.0,1.0,1.0,1.0,2
2021-07-17,4,0,0,3,2,-1,-1,1,1,0,unanimous,0.1022998138485347,-1,31,67,1.0,1.0,1.0,1.0,1.0,2
2021-07-18,4,0,0,3,2,-1,-1,1,1,0,unanimous,0.09159259572807699,-1,31,68,1.0,1.0,1.0,1.0,1.0,2
2021-07-19,0,0,0,4,2,-1,1,1,1,0,unanimous,0.14507832239768992,-1,31,69,1.0,1.0,1.0,1.0,1.0,1
2021-07-20,0,0,0,4,2,-1,1,1,1,0,unanimous,0.1755771208362662,1,32,70,1.0,1.0,1.0,0.0,0.0,1
2021-07-21,4,0,0,4,2,-1,-1,1,1,0,unanimous,0.06631728928404712,1,32,71,1.0,1.0,1.0,0.0,0.0,2
2021-07-22,4,0,0,4,2,-1,-1,1,1,0,unanimous,0.05637491386960547,1,32,72,1.0,1.0,1.0,0.0,0.0,2
2021-07-23,4,0,4,4,2,-1,-1,1,-1,2,lean,0.03236884743145674,1,32,73,1.0,1.0,1.0,0.0,0.0,3
2021-07-24,2,5,5,4,2,-1,1,-1,-1,3,mixed,0.015172190476383074,1,32,74,1.0,1.0,1.0,0.0,0.0,3
2021-07-25,2,0,0,1,2,1,1,1,1,5,mixed,0.04537977609736865,1,32,1,1.0,1.0,1.0,0.0,1.0,4
2021-07-26,2,5,5,1,2,1,1,-1,-1,5,mixed,0.08308903709811954,1,32,2,1.0,1.0,1.0,0.0,1.0,2
2021-07-27,1,5,1,1,2,1,1,-1,1,6,lean,0.14087907061900284,1,32,3,1.0,1.0,1.0,0.0,1.0,3
2021-07-28,1,1,1,1,2,1,1,1,1,6,lean,0.15912756125221228,1,32,4,1.0,1.0,1.0,0.0,1.0,4
2021-07-29,1,1,1,1,2,1,1,1,1,6,lean,0.15522757122621444,1,32,5,1.0,1.0,1.0,0.0,1.0,4
2021-07-30,1,1,1,0,2,1,1,1,1,7,strong,0.19689185367347228,1,32,6,1.0,1.0,1.0,0.0,1.0,4
2021-07-31,1,1,1,0,2,1,1,1,1,7,strong,0.17502620909208721,1,32,7,1.0,1.0,1.0,0.0,1.0,4
2021-08-01,1,1,1,0,2,1,1,1,1,7,strong,0.12979562979924797,1,32,8,1.0,1.0,1.0,0.0,1.0,4
2021-08-02,1,1,1,0,2,1,1,1,1,5,mixed,0.10517461545436113,1,32,9,1.0,1.0,1.0,0.0,1.0,4
2021-08-03,2,1,1,0,2,1,1,1,1,6,lean,0.07954749041095621,1,32,10,1.0,1.0,1.0,0.0,1.0,4
2021-08-04,2,1,1,0,2,1,1,1,1,7,strong,0.11063125917596439,1,32,11,1.0,1.0,1.0,0.0,1.0,4
2021-08-05,2,1,1,0,2,1,1,1,1,7,strong,0.12251603472404482,1,32,12,1.0,1.0,1.0,0.0,1.0,4
2021-08-06,1,1,1,0,2,1,1,1,1,7,strong,0.17434119757857092,1,32,13,1.0,1.0,1.0,0.0,1.0,4
2021-08-07,1,1,1,0,2,1,1,1,1,7,strong,0.203017561764547,1,32,14,1.0,1.0,1.0,0.0,1.0,4
2021-08-08,1,1,1,0,2,1,1,1,1,7,strong,0.14733501136874638,1,32,15,1.0,1.0,1.0,0.0,1.0,4
2021-08-09,1,1,1,0,2,1,1,1,1,8,unanimous,0.2084054963194455,1,32,16,1.0,1.0,1.0,0.0,1.0,4
2021-08-10,1,1,1,0,2,1,1,1,1,8,unanimous,0.1809943436750413,1,32,17,1.0,1.0,1.0,0.0,1.0,4
2021-08-11,1,1,1,0,2,1,1,1,1,8,unanimous,0.20063476678336334,1,32,18,1.0,1.0,1.0,0.0,1.0,4
2021-08-12,1,1,1,0,2,1,1,1,1,7,strong,0.13046594570111836,1,32,19,1.0,1.0,1.0,0.0,1.0,4
2021-08-13,1,1,1,1,2,1,1,1,1,8,unanimous,0.201708937163519,1,32,20,1.0,1.0,1.0,0.0,1.0,4
2021-08-14,1,1,1,1,2,1,1,1,1,8,unanimous,0.18436876935271784,1,32,21,1.0,1.0,1.0,0.0,1.0,4
2021-08-15,1,1,1,1,2,1,1,1,1,8,unanimous,0.18570566869255523,1,32,22,1.0,1.0,1.0,0.0,1.0,4
2021-08-16,1,1,1,1,2,1,1,1,1,8,unanimous,0.16983411905459245,1,32,23,1.0,1.0,1.0,0.0,1.0,4
2021-08-17,2,1,1,1,2,1,1,1,1,7,strong,0.14252200014275773,1,32,24,1.0,1.0,1.0,0.0,1.0,4
2021-08-18,2,1,1,1,2,1,1,1,1,7,strong,0.13831064119787628,1,32,25,1.0,1.0,1.0,0.0,1.0,4
2021-08-19,2,1,1,1,2,1,1,1,1,8,unanimous,0.16746638014888882,1,32,26,1.0,1.0,1.0,0.0,1.0,4
2021-08-20,1,1,1,1,2,1,1,1,1,8,unanimous,0.20521802605923922,1,32,27,1.0,1.0,1.0,0.0,1.0,4
2021-08-21,1,1,1,1,2,1,1,1,1,8,unanimous,0.18968518914995725,1,32,28,1.0,1.0,1.0,0.0,1.0,4
2021-08-22,1,1,1,1,2,1,1,1,1,8,unanimous,0.20517777792033687,1,32,29,1.0,1.0,1.0,0.0,1.0,4
2021-08-23,1,1,1,1,2,1,1,1,1,8,unanimous,0.2287886075960902,1,32,30,1.0,1.0,1.0,0.0,1.0,4
2021-08-24,1,1,1,1,2,1,1,1,1,8,unanimous,0.16682584436646042,1,32,31,1.0,1.0,1.0,0.0,1.0,4
2021-08-25,1,1,1,1,2,1,1,1,1,8,unanimous,0.16525947661242313,1,32,32,1.0,1.0,1.0,0.0,1.0,4
2021-08-26,3,1,1,1,2,1,-1,1,1,8,unanimous,0.10981372796879363,1,32,33,1.0,1.0,1.0,0.0,1.0,3
2021-08-27,3,1,1,2,2,1,-1,1,1,8,unanimous,0.1403015153839562,1,32,34,1.0,1.0,1.0,0.0,1.0,3
2021-08-28,3,1,1,2,2,1,-1,1,1,8,unanimous,0.1279901557340717,1,32,35,1.0,1.0,1.0,0.0,1.0,3
2021-08-29,3,1,1,2,2,1,-1,1,1,8,unanimous,0.11666718387935415,1,32,36,1.0,1.0,1.0,0.0,1.0,3
2021-08-30,3,1,1,2,2,1,-1,1,1,6,lean,0.07423858533066219,1,32,37,1.0,1.0,1.0,0.0,1.0,3
2021-08-31,3,1,1,2,2,1,-1,1,1,6,lean,0.06841696701139677,1,32,38,1.0,1.0,1.0,0.0,1.0,3
2021-09-01,3,1,1,2,2,1,-1,1,1,7,strong,0.09333228561584883,1,32,39,1.0,1.0,1.0,0.0,1.0,3
2021-09-02,3,1,1,0,2,1,-1,1,1,7,strong,0.09460208900163158,1,32,40,1.0,1.0,1.0,0.0,1.0,3
2021-09-03,3,1,1,0,2,1,-1,1,1,8,unanimous,0.10006440961981033,1,32,41,1.0,1.0,1.0,0.0,1.0,3
2021-09-04,3,1,1,0,2,1,-1,1,1,8,unanimous,0.09209560365348213,1,32,42,1.0,1.0,1.0,0.0,1.0,3
2021-09-05,3,1,1,0,2,1,-1,1,1,8,unanimous,0.11860606887768821,1,32,43,1.0,1.0,1.0,0.0,1.0,3
2021-09-06,3,1,1,0,2,1,-1,1,1,8,unanimous,0.15081973418058314,1,32,44,1.0,1.0,1.0,0.0,1.0,3
2021-09-07,1,1,1,0,2,1,1,1,1,6,lean,0.042937255588844425,1,32,45,1.0,1.0,1.0,0.0,1.0,4
2021-09-08,3,1,1,0,2,1,-1,1,1,4,mixed,0.0007410186813224806,1,32,46,1.0,1.0,1.0,0.0,1.0,3
2021-09-09,3,1,1,0,2,1,-1,1,1,4,mixed,0.00844372173204877,1,32,47,1.0,1.0,-1.0,0.0,1.0,3
2021-09-10,3,0,0,3,2,-1,-1,1,1,3,mixed,0.023984532238626288,1,32,1,1.0,1.0,-1.0,0.0,0.0,2
2021-09-11,3,0,0,3,2,-1,-1,1,1,3,mixed,0.016352816427397165,1,32,2,1.0,1.0,-1.0,0.0,0.0,2
2021-09-12,3,0,0,0,2,1,-1,1,1,4,mixed,0.0031537906467314913,1,32,1,1.0,1.0,-1.0,0.0,1.0,3
2021-09-13,3,5,5,3,2,-1,-1,-1,-1,3,mixed,0.02112272383993896,1,32,1,1.0,1.0,-1.0,0.0,0.0,4
2021-09-14,3,5,5,0,2,1,-1,-1,-1,4,mixed,0.025197082200415388,1,32,1,1.0,1.0,-1.0,0.0,1.0,1
2021-09-15,3,5,5,0,2,1,-1,-1,-1,7,strong,0.04703357696865762,1,32,2,1.0,1.0,-1.0,0.0,1.0,1
2021-09-16,3,5,5,0,2,1,-1,-1,-1,5,mixed,0.03887647209819056,1,32,3,1.0,1.0,-1.0,0.0,1.0,1
2021-09-17,3,0,0,0,2,1,-1,1,1,5,mixed,0.0285839927804048,1,32,4,1.0,1.0,-1.0,0.0,1.0,3
2021-09-18,3,0,0,0,2,1,-1,1,1,7,strong,0.0490390165743021,1,32,5,1.0,1.0,-1.0,0.0,1.0,3
2021-09-19,3,0,0,0,2,1,-1,1,1,6,lean,0.02879239955459767,1,32,6,1.0,1.0,-1.0,0.0,1.0,3
2021-09-20,5,5,5,3,2,-1,-1,-1,-1,2,lean,0.05610678053582574,1,32,1,1.0,1.0,-1.0,0.0,0.0,4
2021-09-21,5,5,5,3,2,-1,-1,-1,-1,1,strong,0.11576590036283818,1,32,2,1.0,1.0,-1.0,0.0,0.0,4
2021-09-22,5,5,5,3,2,-1,-1,-1,-1,2,lean,0.05155693337714973,1,32,3,1.0,1.0,-1.0,0.0,0.0,4
2021-09-23,5,5,5,3,2,-1,-1,-1,-1,2,lean,0.016870635584685267,1,32,4,1.0,1.0,-1.0,0.0,0.0,4
2021-09-24,5,5,5,3,2,-1,-1,-1,-1,2,lean,0.06864771078282383,1,32,5,1.0,1.0,-1.0,0.0,0.0,4
2021-09-25,0,5,0,3,2,-1,1,-1,1,2,lean,0.07309080477683705,1,32,6,1.0,1.0,-1.0,0.0,0.0,2
2021-09-26,0,0,0,3,2,-1,1,1,1,2,lean,0.055781231544432375,1,32,7,1.0,1.0,-1.0,0.0,0.0,1
2021-09-27,0,5,0,3,2,-1,1,-1,1,2,lean,0.07836219288055846,1,32,8,1.0,1.0,-1.0,0.0,0.0,2
2021-09-28,0,5,0,3,2,-1,1,-1,1,0,unanimous,0.10807993788145831,1,32,9,1.0,1.0,-1.0,0.0,0.0,2
2021-09-29,0,5,0,3,2,-1,1,-1,1,1,strong,0.09151204962864745,1,32,10,1.0,1.0,-1.0,0.0,0.0,2
2021-09-30,0,0,0,4,2,-1,1,1,1,3,mixed,0.01882836386895903,1,32,11,1.0,1.0,-1.0,0.0,0.0,1
2021-10-01,2,5,5,1,2,1,1,-1,-1,8,unanimous,0.07431428527443562,1,32,1,1.0,1.0,-1.0,0.0,1.0,2
2021-10-02,2,5,5,1,2,1,1,-1,-1,8,unanimous,0.0641823406078853,1,32,2,1.0,1.0,-1.0,0.0,1.0,2
2021-10-03,2,0,0,1,2,1,1,1,1,8,unanimous,0.06856553283733091,1,32,3,1.0,1.0,-1.0,0.0,1.0,4
2021-10-04,2,5,5,1,2,1,1,-1,-1,8,unanimous,0.08675333896948656,1,32,4,1.0,1.0,-1.0,0.0,1.0,2
2021-10-05,2,5,5,1,2,1,1,-1,-1,8,unanimous,0.12837717441132002,1,32,5,1.0,1.0,-1.0,0.0,1.0,2
2021-10-06,1,5,5,1,2,1,1,-1,-1,8,unanimous,0.18735611491932302,1,32,6,1.0,1.0,-1.0,0.0,1.0,2
2021-10-07,1,5,5,1,2,1,1,-1,-1,8,unanimous,0.1640654935491208,1,32,7,1.0,1.0,-1.0,0.0,1.0,2
2021-10-08,1,5,1,1,2,1,1,-1,1,8,unanimous,0.15107226958900144,1,32,8,1.0,1.0,-1.0,0.0,1.0,3
2021-10-09,1,5,1,1,2,1,1,-1,1,8,unanimous,0.17070210665039776,1,32,9,1.0,1.0,-1.0,0.0,1.0,3
2021-10-10,1,5,1,1,2,1,1,-1,1,8,unanimous,0.17873837838965,1,32,10,1.0,1.0,-1.0,0.0,1.0,3
2021-10-11,1,0,1,1,2,1,1,1,1,8,unanimous,0.21723276777062694,1,32,11,1.0,1.0,-1.0,0.0,1.0,4
2021-10-12,1,5,1,1,2,1,1,-1,1,8,unanimous,0.15124758761814494,1,32,12,1.0,1.0,-1.0,0.0,1.0,3
2021-10-13,1,2,1,1,2,1,1,1,1,8,unanimous,0.17951141640978796,1,32,13,1.0,1.0,-1.0,0.0,1.0,4
2021-10-14,1,2,2,2,2,1,1,1,1,8,unanimous,0.1792436577937907,1,32,14,1.0,1.0,-1.0,0.0,1.0,4
2021-10-15,1,1,1,2,2,1,1,1,1,8,unanimous,0.25310058928652623,1,32,15,1.0,1.0,-1.0,0.0,1.0,4
2021-10-16,1,1,1,2,2,1,1,1,1,8,unanimous,0.26053020539142746,1,32,16,1.0,1.0,-1.0,0.0,1.0,4
2021-10-17,1,1,1,2,2,1,1,1,1,8,unanimous,0.2683152350011587,1,32,17,1.0,1.0,-1.0,0.0,1.0,4
2021-10-18,1,1,1,2,2,1,1,1,1,8,unanimous,0.24680747941453052,1,32,18,1.0,1.0,-1.0,0.0,1.0,4
2021-10-19,1,1,1,2,2,1,1,1,1,8,unanimous,0.2344807822659477,1,32,19,1.0,-1.0,-1.0,0.0,1.0,4
2021-10-20,1,1,1,2,2,1,1,1,1,8,unanimous,0.2589272533488779,1,32,20,1.0,-1.0,-1.0,0.0,1.0,4
2021-10-21,1,1,1,2,2,1,1,1,1,8,unanimous,0.20717704424844108,1,32,21,1.0,-1.0,-1.0,0.0,1.0,4
2021-10-22,1,1,1,2,2,1,1,1,1,8,unanimous,0.18364971339789227,1,32,22,1.0,-1.0,-1.0,0.0,1.0,4
2021-10-23,1,1,1,2,2,1,1,1,1,8,unanimous,0.2149028623318563,1,32,23,1.0,-1.0,-1.0,0.0,1.0,4
2021-10-24,3,1,1,2,2,1,-1,1,1,8,unanimous,0.19395653140016467,1,32,24,1.0,-1.0,-1.0,0.0,1.0,3
2021-10-25,3,1,1,2,2,1,-1,1,1,8,unanimous,0.19702818822265433,1,32,25,1.0,-1.0,-1.0,0.0,1.0,3
2021-10-26,3,1,1,2,2,1,-1,1,1,7,strong,0.15750538334489617,1,32,26,1.0,-1.0,-1.0,0.0,1.0,3
2021-10-27,3,1,1,2,2,1,-1,1,1,6,lean,0.12708023151287207,1,32,27,1.0,-1.0,-1.0,0.0,1.0,3
2021-10-28,3,1,1,2,2,1,-1,1,1,7,strong,0.15519252753280433,1,32,28,1.0,-1.0,-1.0,0.0,1.0,3
2021-10-29,3,1,1,2,2,1,-1,1,1,7,strong,0.17329795437244344,1,32,29,-1.0,-1.0,-1.0,1.0,1.0,3
2021-10-30,3,1,1,0,2,1,-1,1,1,7,strong,0.16464311860587222,1,32,30,-1.0,-1.0,-1.0,1.0,1.0,3
2021-10-31,3,1,1,0,2,1,-1,1,1,7,strong,0.15327474944875352,1,32,31,-1.0,-1.0,-1.0,1.0,1.0,3
2021-11-01,3,1,1,0,2,1,-1,1,1,7,strong,0.14557728333894748,1,32,32,-1.0,-1.0,-1.0,1.0,1.0,3
2021-11-02,3,1,1,0,2,1,-1,1,1,8,unanimous,0.17266151713890643,1,32,33,-1.0,-1.0,-1.0,1.0,1.0,3
2021-11-03,3,1,1,0,2,1,-1,1,1,8,unanimous,0.16571841265480602,1,32,34,-1.0,-1.0,-1.0,1.0,1.0,3
2021-11-04,3,1,1,0,2,1,-1,1,1,5,mixed,0.14201872337820742,1,32,35,-1.0,-1.0,-1.0,1.0,1.0,3
2021-11-05,3,1,3,0,2,1,-1,1,-1,7,strong,0.13498980771792202,1,32,36,-1.0,-1.0,-1.0,1.0,1.0,2
2021-11-06,3,0,3,0,2,1,-1,1,-1,6,lean,0.13669547989294628,1,32,37,-1.0,-1.0,-1.0,1.0,1.0,2
2021-11-07,3,0,0,0,2,1,-1,1,1,8,unanimous,0.1570958592910966,1,32,38,-1.0,-1.0,-1.0,1.0,1.0,3
2021-11-08,3,2,2,0,2,1,-1,1,1,8,unanimous,0.20574007055624466,-1,33,39,-1.0,-1.0,-1.0,0.0,0.0,3
2021-11-09,3,2,2,0,2,1,-1,1,1,8,unanimous,0.19294303456705408,-1,33,40,-1.0,-1.0,-1.0,0.0,0.0,3
2021-11-10,3,2,2,0,2,1,-1,1,1,8,unanimous,0.16272210554286304,-1,33,41,-1.0,-1.0,-1.0,0.0,0.0,3
2021-11-11,3,2,2,0,2,1,-1,1,1,8,unanimous,0.15719810111722143,-1,33,42,-1.0,-1.0,-1.0,0.0,0.0,3
2021-11-12,3,2,3,0,2,1,-1,1,-1,8,unanimous,0.14148697696508583,-1,33,43,-1.0,-1.0,-1.0,0.0,0.0,2
2021-11-13,4,0,3,1,2,1,-1,1,-1,8,unanimous,0.14117685537203217,-1,33,44,-1.0,-1.0,-1.0,0.0,0.0,2
2021-11-14,4,3,3,1,2,1,-1,-1,-1,8,unanimous,0.15004179326865585,-1,33,45,-1.0,-1.0,-1.0,0.0,0.0,1
2021-11-15,4,3,3,1,2,1,-1,-1,-1,8,unanimous,0.11979748787702793,-1,33,46,-1.0,-1.0,-1.0,0.0,0.0,1
2021-11-16,5,3,3,1,2,1,-1,-1,-1,5,mixed,0.06551294885248371,-1,33,47,-1.0,-1.0,-1.0,0.0,0.0,1
2021-11-17,5,3,3,1,2,1,-1,-1,-1,4,mixed,0.06537736389591065,-1,33,48,-1.0,-1.0,-1.0,0.0,0.0,1
2021-11-18,5,3,5,0,2,1,-1,-1,-1,4,mixed,0.005244982090561345,-1,33,49,-1.0,-1.0,-1.0,0.0,0.0,1
2021-11-19,0,4,0,0,2,1,1,-1,1,4,mixed,0.021286235844297563,-1,33,50,-1.0,-1.0,-1.0,0.0,0.0,3
2021-11-20,0,0,0,0,2,1,1,1,1,4,mixed,0.04220315451067058,-1,33,51,-1.0,-1.0,-1.0,0.0,0.0,4
2021-11-21,0,0,0,0,2,1,1,1,1,4,mixed,0.021784691572101722,-1,33,52,-1.0,-1.0,-1.0,0.0,0.0,4
2021-11-22,0,4,0,3,2,-1,1,-1,1,3,mixed,0.024805076649957902,-1,33,1,-1.0,-1.0,-1.0,0.0,1.0,2
2021-11-23,0,4,0,3,2,-1,1,-1,1,3,mixed,0.005982956429055886,-1,33,2,-1.0,-1.0,1.0,0.0,1.0,2
2021-11-24,0,4,0,3,2,-1,1,-1,1,3,mixed,0.0334897725300658,-1,33,3,-1.0,-1.0,1.0,0.0,1.0,2
2021-11-25,0,4,0,3,2,-1,1,-1,1,3,mixed,0.0194173439142733,-1,33,4,-1.0,-1.0,1.0,0.0,1.0,2
2021-11-26,0,4,4,3,2,-1,1,-1,-1,2,lean,0.09467903398088895,-1,33,5,-1.0,-1.0,1.0,0.0,1.0,3
2021-11-27,0,4,0,3,2,-1,1,-1,1,3,mixed,0.07368561167969734,-1,33,6,-1.0,-1.0,1.0,0.0,1.0,2
2021-11-28,0,0,0,0,2,1,1,1,1,4,mixed,0.00535071735353132,-1,33,1,-1.0,-1.0,1.0,0.0,0.0,4
2021-11-29,0,0,0,3,2,-1,1,1,1,3,mixed,0.005414812506770117,-1,33,1,-1.0,-1.0,1.0,0.0,1.0,1
2021-11-30,0,4,0,3,2,-1,1,-1,1,3,mixed,0.040964735181764356,-1,33,2,-1.0,-1.0,1.0,0.0,1.0,2
2021-12-01,0,4,0,3,2,-1,1,-1,1,3,mixed,0.02622143883120387,-1,33,3,-1.0,-1.0,1.0,0.0,1.0,2
2021-12-02,0,0,0,1,2,1,1,1,1,4,mixed,0.0033380777754208335,-1,33,1,-1.0,-1.0,1.0,0.0,0.0,4
2021-12-03,0,4,0,4,2,-1,1,-1,1,2,lean,0.07408503849276205,-1,33,1,-1.0,-1.0,1.0,0.0,1.0,2
2021-12-04,5,4,4,4,2,-1,-1,-1,-1,1,strong,0.14389474553367987,-1,33,2,-1.0,-1.0,1.0,0.0,1.0,4
2021-12-05,5,4,4,4,2,-1,-1,-1,-1,1,strong,0.14965317859497596,-1,33,3,-1.0,-1.0,1.0,0.0,1.0,4
2021-12-06,0,4,0,4,2,-1,1,-1,1,1,strong,0.0785505413010752,-1,33,4,-1.0,-1.0,1.0,0.0,1.0,2
2021-12-07,0,4,0,4,2,-1,1,-1,1,1,strong,0.08116341642049107,-1,33,5,-1.0,-1.0,1.0,0.0,1.0,2
2021-12-08,0,0,0,4,2,-1,1,1,1,1,strong,0.09584605311966121,-1,33,6,-1.0,-1.0,1.0,0.0,1.0,1
2021-12-09,0,0,0,4,2,-1,1,1,1,1,strong,0.15255422032723653,-1,33,7,-1.0,-1.0,1.0,0.0,1.0,1
2021-12-10,0,0,0,4,2,-1,1,1,1,1,strong,0.20663501756118552,-1,33,8,-1.0,-1.0,1.0,0.0,1.0,1
2021-12-11,0,0,0,4,2,-1,1,1,1,1,strong,0.13529601872372465,-1,33,9,-1.0,-1.0,1.0,0.0,1.0,1
2021-12-12,5,0,0,4,2,-1,-1,1,1,1,strong,0.12357602321808647,-1,33,10,-1.0,-1.0,1.0,0.0,1.0,2
2021-12-13,0,0,0,4,2,-1,1,1,1,0,unanimous,0.16835768704112453,-1,33,11,-1.0,-1.0,1.0,0.0,1.0,1
2021-12-14,0,4,0,4,2,-1,1,-1,1,0,unanimous,0.17040006818771847,-1,33,12,-1.0,-1.0,1.0,0.0,1.0,2
2021-12-15,0,4,4,4,2,-1,1,-1,-1,1,strong,0.11448392584246436,-1,33,13,-1.0,-1.0,1.0,0.0,1.0,3
2021-12-16,0,0,0,5,2,-1,1,1,1,1,strong,0.1238704941155182,-1,33,14,-1.0,-1.0,1.0,0.0,1.0,1
2021-12-17,0,4,0,5,2,-1,1,-1,1,0,unanimous,0.1802823857760938,-1,33,15,-1.0,-1.0,1.0,0.0,1.0,2
2021-12-18,0,0,0,5,2,-1,1,1,1,0,unanimous,0.16395066370348377,-1,33,16,-1.0,-1.0,1.0,0.0,1.0,1
2021-12-19,0,0,0,5,2,-1,1,1,1,0,unanimous,0.16790833017952278,-1,33,17,-1.0,-1.0,1.0,0.0,1.0,1
2021-12-20,0,4,0,5,2,-1,1,-1,1,0,unanimous,0.1629115178526408,-1,33,18,-1.0,-1.0,1.0,0.0,1.0,2
2021-12-21,0,0,0,5,2,-1,1,1,1,1,strong,0.10457764929824731,-1,33,19,-1.0,-1.0,1.0,0.0,1.0,1
2021-12-22,0,0,0,5,2,-1,1,1,1,2,lean,0.10355115103053047,-1,33,20,-1.0,-1.0,1.0,0.0,1.0,1
2021-12-23,0,0,0,5,2,-1,1,1,1,3,mixed,0.04870244321335271,-1,33,21,-1.0,-1.0,1.0,0.0,1.0,1
2021-12-24,0,0,0,2,2,1,1,1,1,4,mixed,0.031905197670616614,-1,33,1,-1.0,-1.0,1.0,0.0,0.0,4
2021-12-25,0,0,0,2,2,1,1,1,1,4,mixed,0.0210393550943746,-1,33,2,-1.0,-1.0,1.0,0.0,0.0,4
2021-12-26,0,0,0,2,2,1,1,1,1,4,mixed,0.004465514425970318,-1,33,3,-1.0,-1.0,1.0,0.0,0.0,4
2021-12-27,0,0,0,3,2,-1,1,1,1,3,mixed,0.0011782676988729701,-1,33,1,-1.0,-1.0,1.0,0.0,1.0,1
2021-12-28,0,4,4,3,2,-1,1,-1,-1,1,strong,0.06127361915994811,-1,33,2,-1.0,-1.0,1.0,0.0,1.0,3
2021-12-29,0,4,4,3,2,-1,1,-1,-1,0,unanimous,0.044700149584514515,-1,33,3,-1.0,-1.0,1.0,0.0,1.0,3
2021-12-30,0,0,0,3,2,-1,1,1,1,1,strong,0.027568713547132084,-1,33,4,-1.0,-1.0,1.0,0.0,1.0,1
2021-12-31,0,4,4,3,2,-1,1,-1,-1,0,unanimous,0.06599648233363853,-1,33,5,-1.0,-1.0,1.0,0.0,1.0,3
2022-01-01,0,0,0,3,2,-1,1,1,1,0,unanimous,0.050570027877204105,-1,33,6,-1.0,-1.0,1.0,0.0,1.0,1
2022-01-02,4,4,4,3,2,-1,-1,-1,-1,1,strong,0.06627976236262323,-1,33,7,-1.0,1.0,1.0,0.0,1.0,4
2022-01-03,4,4,4,3,2,-1,-1,-1,-1,0,unanimous,0.0817085101047017,-1,33,8,-1.0,1.0,1.0,0.0,1.0,4
2022-01-04,5,4,4,3,2,-1,-1,-1,-1,0,unanimous,0.08887656525284426,-1,33,9,-1.0,1.0,1.0,0.0,1.0,4
2022-01-05,5,4,4,3,2,-1,-1,-1,-1,0,unanimous,0.1425569934831239,-1,33,10,-1.0,1.0,1.0,0.0,1.0,4
2022-01-06,0,4,0,3,2,-1,1,-1,1,0,unanimous,0.14667847966002268,-1,33,11,-1.0,1.0,1.0,0.0,1.0,2
2022-01-07,5,4,4,3,2,-1,-1,-1,-1,0,unanimous,0.15874746703818543,-1,33,12,-1.0,1.0,1.0,0.0,1.0,4
2022-01-08,0,0,0,3,2,-1,1,1,1,0,unanimous,0.15494969097816114,-1,33,13,-1.0,1.0,1.0,0.0,1.0,1
2022-01-09,0,0,0,3,2,-1,1,1,1,0,unanimous,0.15101443947616788,-1,33,14,-1.0,1.0,1.0,0.0,1.0,1
2022-01-10,0,0,0,4,2,-1,1,1,1,0,unanimous,0.15437183279618782,-1,33,15,-1.0,1.0,1.0,0.0,1.0,1
2022-01-11,0,0,0,4,2,-1,1,1,1,0,unanimous,0.1308644530109826,-1,33,16,-1.0,1.0,1.0,0.0,1.0,1
2022-01-12,4,3,4,4,2,-1,-1,-1,-1,0,unanimous,0.10085237363096278,-1,33,17,1.0,1.0,1.0,1.0,1.0,4
2022-01-13,5,0,5,4,2,-1,-1,1,-1,0,unanimous,0.13703729067883041,-1,33,18,1.0,1.0,1.0,1.0,1.0,3
2022-01-14,0,0,0,4,2,-1,1,1,1,0,unanimous,0.12458313445279301,-1,33,19,1.0,1.0,1.0,1.0,1.0,1
2022-01-15,0,0,0,4,2,-1,1,1,1,0,unanimous,0.1234010828040466,-1,33,20,1.0,1.0,1.0,1.0,1.0,1
2022-01-16,0,0,0,4,2,-1,1,1,1,0,unanimous,0.12600454047885346,-1,33,21,1.0,1.0,1.0,1.0,1.0,1
2022-01-17,0,0,0,3,2,-1,1,1,1,1,strong,0.12634875969164971,-1,33,22,1.0,1.0,1.0,1.0,1.0,1
2022-01-18,0,0,0,3,2,-1,1,1,1,1,strong,0.09602400849102355,-1,33,23,1.0,1.0,1.0,1.0,1.0,1
2022-01-19,4,0,0,3,2,-1,-1,1,1,0,unanimous,0.13016850717369155,-1,33,24,1.0,1.0,1.0,1.0,1.0,2
2022-01-20,4,0,0,3,2,-1,-1,1,1,0,unanimous,0.1382981696026775,-1,33,25,1.0,1.0,1.0,1.0,1.0,2
2022-01-21,5,4,4,3,2,-1,-1,-1,-1,0,unanimous,0.30801762720595893,-1,33,26,1.0,1.0,1.0,1.0,1.0,4
2022-01-22,5,4,4,3,2,-1,-1,-1,-1,0,unanimous,0.35155240827570466,1,34,27,1.0,1.0,1.0,0.0,0.0,4
2022-01-23,0,4,0,3,2,-1,1,-1,1,0,unanimous,0.2806562647318329,1,34,28,1.0,1.0,1.0,0.0,0.0,2
2022-01-24,5,4,4,3,2,-1,-1,-1,-1,0,unanimous,0.2521733876072787,1,34,29,1.0,1.0,1.0,0.0,0.0,4
2022-01-25,0,0,0,3,2,-1,1,1,1,0,unanimous,0.2048848786664219,1,34,30,1.0,1.0,1.0,0.0,0.0,1
2022-01-26,0,4,4,3,2,-1,1,-1,-1,0,unanimous,0.201781264889912,1,34,31,1.0,1.0,1.0,0.0,0.0,3
2022-01-27,0,0,0,3,2,-1,1,1,1,0,unanimous,0.18562082779931033,1,34,32,1.0,1.0,1.0,0.0,0.0,1
2022-01-28,0,0,0,3,2,-1,1,1,1,0,unanimous,0.15885364285634362,1,34,33,1.0,1.0,-1.0,0.0,0.0,1
2022-01-29,0,0,0,3,2,-1,1,1,1,0,unanimous,0.14198637185076102,1,34,34,1.0,1.0,-1.0,0.0,0.0,1
2022-01-30,0,0,0,3,2,-1,1,1,1,0,unanimous,0.14132742458215075,1,34,35,1.0,1.0,-1.0,0.0,0.0,1
2022-01-31,0,0,0,4,2,-1,1,1,1,1,strong,0.1174186040168288,1,34,36,1.0,1.0,-1.0,0.0,0.0,1
2022-02-01,0,0,0,3,2,-1,1,1,1,1,strong,0.13436727625501121,1,34,37,1.0,1.0,-1.0,0.0,0.0,1
2022-02-02,0,0,0,3,2,-1,1,1,1,1,strong,0.15258810710061899,1,34,38,1.0,1.0,-1.0,0.0,0.0,1
2022-02-03,0,0,0,3,2,-1,1,1,1,1,strong,0.1600097270926022,1,34,39,1.0,1.0,-1.0,0.0,0.0,1
2022-02-04,5,5,5,3,2,-1,-1,-1,-1,2,lean,0.040397303370109716,1,34,40,1.0,1.0,-1.0,0.0,0.0,4
2022-02-05,0,0,0,3,2,-1,1,1,1,2,lean,0.0403636066117079,1,34,41,1.0,1.0,-1.0,0.0,0.0,1
2022-02-06,0,0,0,0,2,1,1,1,1,4,mixed,0.0038168715818244214,1,34,1,1.0,1.0,-1.0,0.0,1.0,4
2022-02-07,5,5,5,0,2,1,-1,-1,-1,5,mixed,0.033408823380821295,1,34,2,1.0,1.0,-1.0,0.0,1.0,1
2022-02-08,5,5,5,0,2,1,-1,-1,-1,5,mixed,0.053812349249472424,1,34,3,1.0,1.0,-1.0,0.0,1.0,1
2022-02-09,2,5,5,0,2,1,1,-1,-1,5,mixed,0.07431236988696355,1,34,4,1.0,1.0,-1.0,0.0,1.0,2
2022-02-10,2,5,5,0,2,1,1,-1,-1,5,mixed,0.059843389310712314,1,34,5,1.0,1.0,-1.0,0.0,1.0,2
2022-02-11,2,5,5,0,2,1,1,-1,-1,4,mixed,0.03647510644570073,1,34,6,1.0,1.0,-1.0,0.0,1.0,2
2022-02-12,2,0,2,0,2,1,1,1,1,4,mixed,0.03520498871637667,1,34,7,1.0,1.0,-1.0,0.0,1.0,4
2022-02-13,2,0,0,0,2,1,1,1,1,4,mixed,0.036351246488025124,1,34,8,1.0,1.0,-1.0,0.0,1.0,4
2022-02-14,2,0,0,0,2,1,1,1,1,4,mixed,0.025501797748006316,1,34,9,1.0,1.0,-1.0,0.0,1.0,4
2022-02-15,2,0,0,1,2,1,1,1,1,5,mixed,0.0703090248116508,1,34,10,1.0,1.0,-1.0,0.0,1.0,4
2022-02-16,2,0,0,1,2,1,1,1,1,5,mixed,0.035244773612353564,1,34,11,1.0,1.0,-1.0,0.0,1.0,4
2022-02-17,2,5,5,4,2,-1,1,-1,-1,1,strong,0.05865862755809714,1,34,1,1.0,1.0,-1.0,0.0,0.0,3
2022-02-18,2,5,5,4,2,-1,1,-1,-1,1,strong,0.06938235083341437,1,34,2,1.0,1.0,-1.0,0.0,0.0,3
2022-02-19,2,0,0,4,2,-1,1,1,1,1,strong,0.06319003798133371,1,34,3,1.0,1.0,-1.0,0.0,0.0,1
2022-02-20,2,0,0,4,2,-1,1,1,1,0,unanimous,0.10621326949049914,1,34,4,1.0,1.0,-1.0,0.0,0.0,1
2022-02-21,5,5,5,4,2,-1,-1,-1,-1,0,unanimous,0.1410277761559091,1,34,5,1.0,1.0,-1.0,0.0,0.0,4
2022-02-22,2,5,5,4,2,-1,1,-1,-1,1,strong,0.09885851550691216,1,34,6,1.0,1.0,-1.0,0.0,0.0,3
2022-02-23,2,5,5,4,2,-1,1,-1,-1,1,strong,0.12249193851565532,1,34,7,1.0,1.0,-1.0,0.0,0.0,3
2022-02-24,5,5,5,4,2,-1,-1,-1,-1,0,unanimous,0.08617877096099091,1,34,8,1.0,1.0,-1.0,0.0,0.0,4
2022-02-25,2,0,5,4,2,-1,1,1,-1,0,unanimous,0.05678923062823982,1,34,9,1.0,1.0,-1.0,0.0,0.0,2
2022-02-26,2,0,0,4,2,-1,1,1,1,0,unanimous,0.08457416193000489,1,34,10,1.0,1.0,-1.0,0.0,0.0,1
2022-02-27,4,0,0,4,2,-1,-1,1,1,0,unanimous,0.09152351526684854,1,34,11,1.0,1.0,-1.0,0.0,0.0,2
2022-02-28,5,0,5,1,2,1,-1,1,-1,4,mixed,0.05076252078256449,1,34,1,1.0,1.0,-1.0,0.0,1.0,2
2022-03-01,5,1,5,2,2,1,-1,1,-1,5,mixed,0.07680743977355697,1,34,2,1.0,1.0,-1.0,0.0,1.0,2
2022-03-02,1,1,1,2,2,1,1,1,1,5,mixed,0.06904462302274472,1,34,3,1.0,1.0,-1.0,0.0,1.0,4
2022-03-03,2,1,1,2,2,1,1,1,1,5,mixed,0.03812279283873965,1,34,4,1.0,1.0,-1.0,0.0,1.0,4
2022-03-04,5,1,5,5,2,-1,-1,1,-1,1,strong,0.041594240313471254,1,34,1,1.0,1.0,-1.0,0.0,0.0,3
2022-03-05,5,1,5,5,2,-1,-1,1,-1,1,strong,0.03173411580398766,1,34,2,1.0,1.0,-1.0,0.0,0.0,3
2022-03-06,5,1,5,5,2,-1,-1,1,-1,1,strong,0.05622837183605389,1,34,3,1.0,1.0,-1.0,0.0,0.0,3
2022-03-07,5,5,5,5,2,-1,-1,-1,-1,0,unanimous,0.06405025938240283,1,34,4,1.0,1.0,-1.0,0.0,0.0,4
2022-03-08,5,5,5,5,2,-1,-1,-1,-1,0,unanimous,0.04547251241160044,1,34,5,1.0,1.0,-1.0,0.0,0.0,4
2022-03-09,5,1,1,2,2,1,-1,1,1,6,lean,0.034769872714036976,1,34,1,1.0,-1.0,-1.0,0.0,1.0,3
2022-03-10,5,1,1,5,2,-1,-1,1,1,0,unanimous,0.030030003534533556,1,34,1,1.0,-1.0,-1.0,0.0,0.0,2
2022-03-11,2,1,1,3,2,-1,1,1,1,0,unanimous,0.04809298726237654,1,34,2,1.0,-1.0,-1.0,0.0,0.0,1
2022-03-12,2,0,0,3,2,-1,1,1,1,1,strong,0.045360955826587945,1,34,3,1.0,-1.0,-1.0,0.0,0.0,1
2022-03-13,2,0,0,3,2,-1,1,1,1,1,strong,0.07458962655600998,1,34,4,1.0,-1.0,-1.0,0.0,0.0,1
2022-03-14,2,1,2,3,2,-1,1,1,1,2,lean,0.011376157259277209,1,34,5,1.0,-1.0,-1.0,0.0,0.0,1
2022-03-15,2,1,2,3,2,-1,1,1,1,1,strong,0.01832894594399548,1,34,6,1.0,-1.0,-1.0,0.0,0.0,1
2022-03-16,1,1,1,0,2,1,1,1,1,5,mixed,0.02793042170259341,1,34,1,1.0,-1.0,-1.0,0.0,1.0,4
2022-03-17,2,1,1,0,2,1,1,1,1,5,mixed,0.02115666822417739,1,34,2,1.0,-1.0,-1.0,0.0,1.0,4
2022-03-18,1,1,1,0,2,1,1,1,1,5,mixed,0.0387310352430994,1,34,3,1.0,-1.0,-1.0,0.0,1.0,4
2022-03-19,2,1,1,0,2,1,1,1,1,5,mixed,0.037524850380778574,1,34,4,-1.0,-1.0,-1.0,1.0,1.0,4
2022-03-20,2,1,1,0,2,1,1,1,1,4,mixed,0.016723315560858487,1,34,5,-1.0,-1.0,-1.0,1.0,1.0,4
2022-03-21,2,1,2,0,2,1,1,1,1,5,mixed,0.014587565648918277,1,34,6,-1.0,-1.0,-1.0,1.0,1.0,4
2022-03-22,2,1,1,0,2,1,1,1,1,6,lean,0.05494486096163764,1,34,7,-1.0,-1.0,-1.0,1.0,1.0,4
2022-03-23,2,1,1,0,2,1,1,1,1,7,strong,0.0639645580197784,1,34,8,-1.0,-1.0,-1.0,1.0,1.0,4
2022-03-24,1,1,1,0,2,1,1,1,1,7,strong,0.08500200450383999,1,34,9,-1.0,-1.0,-1.0,1.0,1.0,4
2022-03-25,1,1,1,1,2,1,1,1,1,7,strong,0.0893694923912981,1,34,10,-1.0,-1.0,-1.0,1.0,1.0,4
2022-03-26,1,1,1,1,2,1,1,1,1,7,strong,0.08943818992420616,1,34,11,-1.0,-1.0,-1.0,1.0,1.0,4
2022-03-27,1,1,1,1,2,1,1,1,1,7,strong,0.13199801004759892,1,34,12,-1.0,-1.0,-1.0,1.0,1.0,4
2022-03-28,1,1,1,1,2,1,1,1,1,7,strong,0.13417961568900405,1,34,13,-1.0,-1.0,-1.0,1.0,1.0,4
2022-03-29,1,1,1,1,2,1,1,1,1,7,strong,0.11912587748935721,-1,35,14,-1.0,-1.0,-1.0,0.0,0.0,4
2022-03-30,1,1,1,1,2,1,1,1,1,7,strong,0.12625329071334102,-1,35,15,-1.0,-1.0,-1.0,0.0,0.0,4
2022-03-31,1,1,1,1,2,1,1,1,1,7,strong,0.09681790827899384,-1,35,16,-1.0,-1.0,-1.0,0.0,0.0,4
2022-04-01,1,1,1,1,2,1,1,1,1,7,strong,0.10557554858047413,-1,35,17,-1.0,-1.0,-1.0,0.0,0.0,4
2022-04-02,1,1,1,1,2,1,1,1,1,7,strong,0.09420171745081596,-1,35,18,-1.0,-1.0,-1.0,0.0,0.0,4
2022-04-03,1,1,1,1,2,1,1,1,1,7,strong,0.10141561675027588,-1,35,19,-1.0,-1.0,-1.0,0.0,0.0,4
2022-04-04,1,1,1,1,2,1,1,1,1,7,strong,0.10208648008580223,-1,35,20,-1.0,-1.0,-1.0,0.0,0.0,4
2022-04-05,1,1,1,1,2,1,1,1,1,7,strong,0.07984132681665468,-1,35,21,-1.0,-1.0,-1.0,0.0,0.0,4
2022-04-06,1,1,1,1,2,1,1,1,1,5,mixed,0.028195928536488335,-1,35,22,-1.0,-1.0,-1.0,0.0,0.0,4
2022-04-07,1,1,1,1,2,1,1,1,1,5,mixed,0.025087759389098574,-1,35,23,-1.0,-1.0,-1.0,0.0,0.0,4
2022-04-08,2,1,1,3,2,-1,1,1,1,3,mixed,0.007531512822838815,-1,35,1,-1.0,-1.0,-1.0,0.0,1.0,1
2022-04-09,2,1,1,0,2,1,1,1,1,4,mixed,0.004656203242664136,-1,35,1,-1.0,-1.0,-1.0,0.0,0.0,4
2022-04-10,2,1,1,3,2,-1,1,1,1,3,mixed,0.007935571717944567,-1,35,1,-1.0,-1.0,-1.0,0.0,1.0,1
2022-04-11,2,1,1,3,2,-1,1,1,1,0,unanimous,0.07531773380496287,-1,35,2,-1.0,-1.0,-1.0,0.0,1.0,1
2022-04-12,5,1,1,3,2,-1,-1,1,1,0,unanimous,0.05722538598670046,-1,35,3,-1.0,-1.0,-1.0,0.0,1.0,2
2022-04-13,3,1,1,3,2,-1,-1,1,1,0,unanimous,0.031144579085816027,-1,35,4,-1.0,-1.0,-1.0,0.0,1.0,2
2022-04-14,3,1,1,3,2,-1,-1,1,1,0,unanimous,0.06406881327828096,-1,35,5,-1.0,-1.0,-1.0,0.0,1.0,2
2022-04-15,3,1,1,3,2,-1,-1,1,1,0,unanimous,0.050142525005810734,-1,35,6,-1.0,-1.0,-1.0,0.0,1.0,2
2022-04-16,0,0,0,3,2,-1,1,1,1,0,unanimous,0.0688259590509619,-1,35,7,-1.0,-1.0,-1.0,0.0,1.0,1
2022-04-17,0,0,0,3,2,-1,1,1,1,0,unanimous,0.09533928043247641,-1,35,8,-1.0,-1.0,-1.0,0.0,1.0,1
2022-04-18,5,1,1,3,2,-1,-1,1,1,1,strong,0.035796833587028676,-1,35,9,-1.0,-1.0,-1.0,0.0,1.0,2
2022-04-19,3,1,1,3,2,-1,-1,1,1,2,lean,0.02686324008263896,-1,35,10,-1.0,-1.0,1.0,0.0,1.0,2
2022-04-20,3,1,1,3,2,-1,-1,1,1,2,lean,0.020140313662185827,-1,35,11,-1.0,-1.0,1.0,0.0,1.0,2
2022-04-21,3,0,3,3,2,-1,-1,1,-1,2,lean,0.029263454959821633,-1,35,12,-1.0,-1.0,1.0,0.0,1.0,3
2022-04-22,5,0,5,4,2,-1,-1,1,-1,1,strong,0.051119957960394924,-1,35,13,-1.0,-1.0,1.0,0.0,1.0,3
2022-04-23,0,0,0,4,2,-1,1,1,1,1,strong,0.05509660278581774,-1,35,14,-1.0,-1.0,1.0,0.0,1.0,1
2022-04-24,0,0,0,4,2,-1,1,1,1,1,strong,0.04604709124907291,-1,35,15,-1.0,-1.0,1.0,0.0,1.0,1
2022-04-25,5,0,5,4,2,-1,-1,1,-1,1,strong,0.01596689508165139,-1,35,16,-1.0,-1.0,1.0,0.0,1.0,3
2022-04-26,5,5,5,4,2,-1,-1,-1,-1,0,unanimous,0.07765515355417874,-1,35,17,-1.0,-1.0,1.0,0.0,1.0,4
2022-04-27,5,5,5,4,2,-1,-1,-1,-1,1,strong,0.04573286118404751,-1,35,18,-1.0,-1.0,1.0,0.0,1.0,4
2022-04-28,5,5,5,4,2,-1,-1,-1,-1,1,strong,0.03093089189297249,-1,35,19,-1.0,-1.0,1.0,0.0,1.0,4
2022-04-29,5,5,5,4,2,-1,-1,-1,-1,0,unanimous,0.08327933340259341,-1,35,20,-1.0,-1.0,1.0,0.0,1.0,4
2022-04-30,0,0,0,4,2,-1,1,1,1,0,unanimous,0.10640310856363655,-1,35,21,-1.0,-1.0,1.0,0.0,1.0,1
2022-05-01,4,5,5,4,2,-1,-1,-1,-1,0,unanimous,0.06516550279207545,-1,35,22,-1.0,-1.0,1.0,0.0,1.0,4
2022-05-02,2,5,5,4,2,-1,1,-1,-1,0,unanimous,0.06440183043365177,-1,35,23,-1.0,-1.0,1.0,0.0,1.0,3
2022-05-03,4,5,5,4,2,-1,-1,-1,-1,0,unanimous,0.08696549966574052,-1,35,24,-1.0,-1.0,1.0,0.0,1.0,4
2022-05-04,2,5,5,4,2,-1,1,-1,-1,3,mixed,0.005973658986913266,-1,35,25,-1.0,-1.0,1.0,0.0,1.0,3
2022-05-05,5,5,5,4,2,-1,-1,-1,-1,0,unanimous,0.10877126241397739,-1,35,26,-1.0,-1.0,1.0,0.0,1.0,4
2022-05-06,5,5,5,5,2,-1,-1,-1,-1,0,unanimous,0.12162736888927039,-1,35,27,-1.0,-1.0,1.0,0.0,1.0,4
2022-05-07,0,0,0,5,2,-1,1,1,1,0,unanimous,0.11872586235352367,-1,35,28,-1.0,-1.0,1.0,0.0,1.0,1
2022-05-08,5,5,5,5,2,-1,-1,-1,-1,0,unanimous,0.20320147842313951,-1,35,29,-1.0,-1.0,1.0,0.0,1.0,4
2022-05-09,5,5,5,5,2,-1,-1,-1,-1,0,unanimous,0.34161141925884664,-1,35,30,-1.0,-1.0,1.0,0.0,1.0,4
2022-05-10,5,5,5,5,2,-1,-1,-1,-1,0,unanimous,0.2976193963068079,-1,35,31,-1.0,-1.0,1.0,0.0,1.0,4
2022-05-11,5,5,5,5,2,-1,-1,-1,-1,0,unanimous,0.37766745447057315,-1,35,32,-1.0,-1.0,1.0,0.0,1.0,4
2022-05-12,5,5,5,5,2,-1,-1,-1,-1,0,unanimous,0.3574374420920945,-1,35,33,-1.0,-1.0,1.0,0.0,1.0,4
2022-05-13,5,5,5,5,2,-1,-1,-1,-1,0,unanimous,0.34844759359883093,-1,35,34,-1.0,-1.0,1.0,0.0,1.0,4
2022-05-14,0,0,0,5,2,-1,1,1,1,0,unanimous,0.31121705846047787,-1,35,35,-1.0,-1.0,1.0,0.0,1.0,1
2022-05-15,0,0,0,5,2,-1,1,1,1,0,unanimous,0.2873400746066843,-1,35,36,-1.0,-1.0,1.0,0.0,1.0,1
2022-05-16,0,5,0,5,2,-1,1,-1,1,0,unanimous,0.2764144809086624,-1,35,37,-1.0,-1.0,1.0,0.0,1.0,2
2022-05-17,0,5,0,5,2,-1,1,-1,1,0,unanimous,0.28972934269839734,-1,35,38,-1.0,-1.0,1.0,0.0,1.0,2
2022-05-18,0,0,0,5,2,-1,1,1,1,0,unanimous,0.38352050521714354,-1,35,39,-1.0,-1.0,1.0,0.0,1.0,1
2022-05-19,0,5,0,5,2,-1,1,-1,1,1,strong,0.27364910074061877,-1,35,40,-1.0,-1.0,1.0,0.0,1.0,2
2022-05-20,0,5,0,5,2,-1,1,-1,1,0,unanimous,0.29157256621879024,-1,35,41,-1.0,-1.0,1.0,0.0,1.0,2
2022-05-21,0,0,0,5,2,-1,1,1,1,1,strong,0.30703987577392455,-1,35,42,-1.0,-1.0,1.0,0.0,1.0,1
2022-05-22,0,0,0,5,2,-1,1,1,1,1,strong,0.2706002017552007,-1,35,43,-1.0,-1.0,1.0,0.0,1.0,1
2022-05-23,0,4,0,5,2,-1,1,-1,1,0,unanimous,0.29731501703309604,-1,35,44,-1.0,-1.0,1.0,0.0,1.0,2
2022-05-24,0,0,0,5,2,-1,1,1,1,0,unanimous,0.2948501999149531,-1,35,45,-1.0,-1.0,1.0,0.0,1.0,1
2022-05-25,0,0,0,5,2,-1,1,1,1,0,unanimous,0.23721986275173457,-1,35,46,-1.0,-1.0,1.0,0.0,1.0,1
2022-05-26,0,4,0,5,2,-1,1,-1,1,0,unanimous,0.2314431025159529,-1,35,47,-1.0,-1.0,1.0,0.0,1.0,2
2022-05-27,0,4,4,5,2,-1,1,-1,-1,0,unanimous,0.24013138010651058,-1,35,48,-1.0,-1.0,1.0,0.0,1.0,3
2022-05-28,0,4,0,5,2,-1,1,-1,1,1,strong,0.18984554812738597,-1,35,49,-1.0,-1.0,1.0,0.0,1.0,2
2022-05-29,0,0,0,5,2,-1,1,1,1,0,unanimous,0.15329759655341535,-1,35,50,-1.0,1.0,1.0,0.0,1.0,1
2022-05-30,2,4,4,5,2,-1,1,-1,-1,3,mixed,0.06076026419100167,-1,35,51,-1.0,1.0,1.0,0.0,1.0,3
2022-05-31,2,4,4,5,2,-1,1,-1,-1,3,mixed,0.05146269524417679,-1,35,52,-1.0,1.0,1.0,0.0,1.0,3
2022-06-01,2,4,4,5,2,-1,1,-1,-1,1,strong,0.11495500285094984,-1,35,53,-1.0,1.0,1.0,0.0,1.0,3
2022-06-02,2,4,2,5,2,-1,1,-1,1,3,mixed,0.08234166915846952,-1,35,54,-1.0,1.0,1.0,0.0,1.0,2
2022-06-03,2,0,0,5,2,-1,1,1,1,1,strong,0.10237631298273908,-1,35,55,-1.0,1.0,1.0,0.0,1.0,1
2022-06-04,2,0,0,5,2,-1,1,1,1,2,lean,0.08838429468151565,-1,35,56,-1.0,1.0,1.0,0.0,1.0,1
2022-06-05,2,0,0,5,2,-1,1,1,1,3,mixed,0.07859749554766693,-1,35,57,-1.0,1.0,1.0,0.0,1.0,1
2022-06-06,2,4,2,3,2,-1,1,-1,1,3,mixed,0.020631814223734057,-1,35,58,-1.0,1.0,1.0,0.0,1.0,2
2022-06-07,2,5,2,3,2,-1,1,-1,1,3,mixed,0.02076558343912005,-1,35,59,-1.0,1.0,1.0,0.0,1.0,2
2022-06-08,2,4,2,3,2,-1,1,-1,1,2,lean,0.046234567793804526,-1,35,60,1.0,1.0,1.0,1.0,1.0,2
2022-06-09,4,0,0,3,2,-1,-1,1,1,2,lean,0.0536129344725611,-1,35,61,1.0,1.0,1.0,1.0,1.0,2
2022-06-10,4,0,0,3,2,-1,-1,1,1,0,unanimous,0.09312763197516238,-1,35,62,1.0,1.0,1.0,1.0,1.0,2
2022-06-11,4,0,0,3,2,-1,-1,1,1,0,unanimous,0.0917355361320491,-1,35,63,1.0,1.0,1.0,1.0,1.0,2
2022-06-12,4,0,0,3,2,-1,-1,1,1,0,unanimous,0.14793364764224037,-1,35,64,1.0,1.0,1.0,1.0,1.0,2
2022-06-13,5,5,5,3,2,-1,-1,-1,-1,0,unanimous,0.35142678807882466,-1,35,65,1.0,1.0,1.0,1.0,1.0,4
2022-06-14,5,0,5,3,2,-1,-1,1,-1,0,unanimous,0.3522364565795286,-1,35,66,1.0,1.0,-1.0,1.0,1.0,3
2022-06-15,5,5,5,3,2,-1,-1,-1,-1,0,unanimous,0.32489586230133116,-1,35,67,1.0,1.0,-1.0,1.0,1.0,4
2022-06-16,5,0,0,3,2,-1,-1,1,1,0,unanimous,0.5391624953703282,-1,35,68,1.0,1.0,-1.0,1.0,1.0,2
2022-06-17,5,0,0,3,2,-1,-1,1,1,0,unanimous,0.5218965521682746,-1,35,69,1.0,1.0,-1.0,1.0,1.0,2
2022-06-18,5,0,0,3,2,-1,-1,1,1,0,unanimous,0.5887539869691312,1,36,70,1.0,1.0,-1.0,0.0,0.0,2
2022-06-19,5,0,0,3,2,-1,-1,1,1,0,unanimous,0.5337873218804048,1,36,71,1.0,1.0,-1.0,0.0,0.0,2
2022-06-20,5,0,0,4,2,-1,-1,1,1,0,unanimous,0.5139079646089204,1,36,72,1.0,1.0,-1.0,0.0,0.0,2
2022-06-21,5,0,0,4,2,-1,-1,1,1,0,unanimous,0.43883245537978466,1,36,73,1.0,1.0,-1.0,0.0,0.0,2
2022-06-22,5,0,0,4,2,-1,-1,1,1,0,unanimous,0.5243630170699571,1,36,74,1.0,1.0,-1.0,0.0,0.0,2
2022-06-23,0,0,0,4,2,-1,1,1,1,0,unanimous,0.40873394504930505,1,36,75,1.0,1.0,-1.0,0.0,0.0,1
2022-06-24,0,0,0,4,2,-1,1,1,1,0,unanimous,0.4051147829081869,1,36,76,1.0,1.0,-1.0,0.0,0.0,1
2022-06-25,0,0,0,4,2,-1,1,1,1,0,unanimous,0.3765195960050185,1,36,77,1.0,1.0,-1.0,0.0,0.0,1
2022-06-26,0,0,0,4,2,-1,1,1,1,1,strong,0.3933191232059918,1,36,78,1.0,1.0,-1.0,0.0,0.0,1
2022-06-27,0,0,0,4,2,-1,1,1,1,1,strong,0.39760431625451464,1,36,79,1.0,1.0,-1.0,0.0,0.0,1
2022-06-28,0,0,0,3,2,-1,1,1,1,1,strong,0.4140109317352092,1,36,80,1.0,1.0,-1.0,0.0,0.0,1
2022-06-29,0,0,0,3,2,-1,1,1,1,0,unanimous,0.4117345093713949,1,36,81,1.0,1.0,-1.0,0.0,0.0,1
2022-06-30,0,0,0,3,2,-1,1,1,1,0,unanimous,0.41878489940601726,1,36,82,1.0,1.0,-1.0,0.0,0.0,1
2022-07-01,0,0,0,3,2,-1,1,1,1,0,unanimous,0.4402427388755319,1,36,83,1.0,1.0,-1.0,0.0,0.0,1
2022-07-02,0,0,0,3,2,-1,1,1,1,0,unanimous,0.39082697128055277,1,36,84,1.0,1.0,-1.0,0.0,0.0,1
2022-07-03,0,0,0,3,2,-1,1,1,1,0,unanimous,0.30119208219507376,1,36,85,1.0,1.0,-1.0,0.0,0.0,1
2022-07-04,0,0,0,3,2,-1,1,1,1,0,unanimous,0.22809890108970676,1,36,86,1.0,1.0,-1.0,0.0,0.0,1
2022-07-05,0,4,4,3,2,-1,1,-1,-1,0,unanimous,0.2191262230330313,1,36,87,1.0,1.0,-1.0,0.0,0.0,3
2022-07-06,4,4,4,3,2,-1,-1,-1,-1,2,lean,0.18734969957084213,1,36,88,1.0,1.0,-1.0,0.0,0.0,4
2022-07-07,2,4,4,3,2,-1,1,-1,-1,3,mixed,0.11777654947431926,1,36,89,1.0,1.0,-1.0,0.0,0.0,3
2022-07-08,2,4,4,3,2,-1,1,-1,-1,3,mixed,0.103752445446186,1,36,90,1.0,1.0,-1.0,0.0,0.0,3
2022-07-09,2,4,4,3,2,-1,1,-1,-1,3,mixed,0.09898375099578871,1,36,91,1.0,1.0,-1.0,0.0,0.0,3
2022-07-10,2,4,4,3,2,-1,1,-1,-1,3,mixed,0.1249970369095319,1,36,92,1.0,1.0,-1.0,0.0,0.0,3
2022-07-11,4,4,4,3,2,-1,-1,-1,-1,1,strong,0.16365048380080283,1,36,93,1.0,1.0,-1.0,0.0,0.0,4
2022-07-12,4,4,4,4,2,-1,-1,-1,-1,1,strong,0.18866166186590894,1,36,94,1.0,1.0,-1.0,0.0,0.0,4
2022-07-13,2,4,4,4,2,-1,1,-1,-1,1,strong,0.12326075453052665,1,36,95,1.0,1.0,-1.0,0.0,0.0,3
2022-07-14,2,4,4,4,2,-1,1,-1,-1,2,lean,0.09172722216467166,1,36,96,1.0,1.0,-1.0,0.0,0.0,3
2022-07-15,4,4,4,4,2,-1,-1,-1,-1,2,lean,0.06627894115220934,1,36,97,1.0,1.0,-1.0,0.0,0.0,4
2022-07-16,2,4,2,4,2,-1,1,-1,1,3,mixed,0.035719622664370565,1,36,98,1.0,1.0,-1.0,0.0,0.0,2
2022-07-17,2,0,2,4,2,-1,1,1,1,2,lean,0.043907343573177604,1,36,99,1.0,1.0,-1.0,0.0,0.0,1
2022-07-18,2,5,2,1,2,1,1,-1,1,4,mixed,0.03355788877179089,1,36,1,1.0,1.0,-1.0,0.0,1.0,3
2022-07-19,2,2,2,1,2,1,1,1,1,4,mixed,0.07683925116426271,1,36,2,1.0,1.0,-1.0,0.0,1.0,4
2022-07-20,2,2,2,1,2,1,1,1,1,4,mixed,0.0914052432631336,1,36,3,1.0,1.0,-1.0,0.0,1.0,4
2022-07-21,2,2,2,1,2,1,1,1,1,4,mixed,0.09445061565169921,1,36,4,1.0,1.0,-1.0,0.0,1.0,4
2022-07-22,2,2,2,1,2,1,1,1,1,4,mixed,0.07030509041963373,1,36,5,1.0,1.0,-1.0,0.0,1.0,4
2022-07-23,2,2,2,1,2,1,1,1,1,4,mixed,0.051972586320362946,1,36,6,1.0,1.0,1.0,0.0,1.0,4
2022-07-24,2,0,2,1,2,1,1,1,1,4,mixed,0.05279647700492318,1,36,7,1.0,-1.0,1.0,0.0,1.0,4
2022-07-25,2,2,2,4,2,-1,1,1,1,3,mixed,0.008477650633560874,1,36,1,1.0,-1.0,1.0,0.0,0.0,1
2022-07-26,2,2,2,5,2,-1,1,1,1,3,mixed,0.016283509300048182,1,36,2,1.0,-1.0,1.0,0.0,0.0,1
2022-07-27,2,2,2,2,2,1,1,1,1,4,mixed,0.05638595688185821,1,36,1,1.0,-1.0,1.0,0.0,1.0,4
2022-07-28,2,2,2,2,2,1,1,1,1,5,mixed,0.05696207508639772,1,36,2,1.0,-1.0,1.0,0.0,1.0,4
2022-07-29,2,2,2,2,2,1,1,1,1,5,mixed,0.03150741775774735,1,36,3,1.0,-1.0,1.0,0.0,1.0,4
2022-07-30,2,2,2,2,2,1,1,1,1,5,mixed,0.031153815011379593,1,36,4,1.0,-1.0,1.0,0.0,1.0,4
2022-07-31,2,0,2,2,2,1,1,1,1,5,mixed,0.022358887503174607,1,36,5,1.0,-1.0,1.0,0.0,1.0,4
2022-08-01,2,2,2,2,2,1,1,1,1,5,mixed,0.02659097401580146,1,36,6,1.0,-1.0,1.0,0.0,1.0,4
2022-08-02,2,2,2,2,2,1,1,1,1,5,mixed,0.022124909996873665,1,36,7,1.0,-1.0,1.0,0.0,1.0,4
2022-08-03,2,2,2,2,2,1,1,1,1,5,mixed,0.010943999722691666,1,36,8,-1.0,-1.0,1.0,1.0,1.0,4
2022-08-04,2,2,2,2,2,1,1,1,1,4,mixed,0.012410435700463185,1,36,9,-1.0,-1.0,1.0,1.0,1.0,4
2022-08-05,2,2,2,2,2,1,1,1,1,5,mixed,0.04668871731726432,1,36,10,-1.0,-1.0,1.0,1.0,1.0,4
2022-08-06,2,0,2,2,2,1,1,1,1,5,mixed,0.002224519633746813,1,36,11,-1.0,-1.0,1.0,1.0,1.0,4
2022-08-07,2,0,0,0,2,1,1,1,1,4,mixed,0.010383984987802242,1,36,12,-1.0,-1.0,1.0,1.0,1.0,4
2022-08-08,2,2,2,0,2,1,1,1,1,5,mixed,0.01764224261649916,1,36,13,-1.0,-1.0,1.0,1.0,1.0,4
2022-08-09,2,2,2,3,2,-1,1,1,1,3,mixed,0.0029102545326016305,1,36,1,-1.0,-1.0,1.0,1.0,0.0,1
2022-08-10,2,2,2,0,2,1,1,1,1,5,mixed,0.03269689988567992,1,36,1,-1.0,-1.0,1.0,1.0,1.0,4
2022-08-11,2,2,2,0,2,1,1,1,1,5,mixed,0.03916376570046076,1,36,2,-1.0,-1.0,1.0,1.0,1.0,4
2022-08-12,2,2,2,0,2,1,1,1,1,6,lean,0.07849215034476276,1,36,3,-1.0,-1.0,1.0,1.0,1.0,4
2022-08-13,2,2,2,0,2,1,1,1,1,6,lean,0.07430802559878857,-1,37,4,-1.0,-1.0,1.0,0.0,0.0,4
2022-08-14,2,2,2,0,2,1,1,1,1,6,lean,0.07181504813195583,-1,37,5,-1.0,-1.0,1.0,0.0,0.0,4
2022-08-15,1,2,1,0,2,1,1,1,1,6,lean,0.06711899424995982,-1,37,6,-1.0,-1.0,1.0,0.0,0.0,4
2022-08-16,2,2,2,0,2,1,1,1,1,6,lean,0.03989157888151573,-1,37,7,-1.0,-1.0,1.0,0.0,0.0,4
2022-08-17,2,2,2,0,2,1,1,1,1,4,mixed,0.0068609631160146956,-1,37,8,-1.0,-1.0,1.0,0.0,0.0,4
2022-08-18,2,2,2,3,2,-1,1,1,1,3,mixed,0.014803126179540715,-1,37,1,-1.0,-1.0,1.0,0.0,1.0,1
2022-08-19,2,2,2,3,2,-1,1,1,1,1,strong,0.10953226434604235,-1,37,2,-1.0,-1.0,1.0,0.0,1.0,1
2022-08-20,2,2,2,3,2,-1,1,1,1,1,strong,0.1025621150753302,-1,37,3,-1.0,-1.0,1.0,0.0,1.0,1
2022-08-21,3,0,0,4,2,-1,-1,1,1,1,strong,0.08156352136414458,-1,37,4,-1.0,-1.0,1.0,0.0,1.0,2
2022-08-22,3,0,0,4,2,-1,-1,1,1,1,strong,0.07379857745005802,-1,37,5,-1.0,-1.0,1.0,0.0,1.0,2
2022-08-23,3,0,3,3,2,-1,-1,1,-1,1,strong,0.06218756881322429,-1,37,6,-1.0,-1.0,1.0,0.0,1.0,3
2022-08-24,3,0,0,3,2,-1,-1,1,1,0,unanimous,0.0696229902572647,-1,37,7,-1.0,-1.0,1.0,0.0,1.0,2
2022-08-25,3,0,0,3,2,-1,-1,1,1,1,strong,0.06387143794050232,-1,37,8,-1.0,-1.0,1.0,0.0,1.0,2
2022-08-26,5,0,5,3,2,-1,-1,1,-1,0,unanimous,0.13084388617761866,-1,37,9,-1.0,-1.0,1.0,0.0,1.0,3
2022-08-27,3,0,0,3,2,-1,-1,1,1,0,unanimous,0.14031280323617512,-1,37,10,-1.0,-1.0,1.0,0.0,1.0,2
2022-08-28,0,0,0,3,2,-1,1,1,1,0,unanimous,0.16063759864154714,-1,37,11,-1.0,-1.0,1.0,0.0,1.0,1
2022-08-29,2,0,0,3,2,-1,1,1,1,1,strong,0.10210428259934434,-1,37,12,-1.0,-1.0,1.0,0.0,1.0,1
2022-08-30,5,0,0,3,2,-1,-1,1,1,1,strong,0.12030277030069803,-1,37,13,-1.0,-1.0,1.0,0.0,1.0,2
2022-08-31,5,0,0,3,2,-1,-1,1,1,1,strong,0.10108211764226538,-1,37,14,-1.0,-1.0,1.0,0.0,1.0,2
2022-09-01,0,0,0,3,2,-1,1,1,1,1,strong,0.0974829494594105,-1,37,15,-1.0,1.0,1.0,0.0,1.0,1
2022-09-02,0,0,0,3,2,-1,1,1,1,0,unanimous,0.10604314677763815,-1,37,16,-1.0,1.0,1.0,0.0,1.0,1
2022-09-03,0,0,0,3,2,-1,1,1,1,0,unanimous,0.11353350060622436,-1,37,17,-1.0,1.0,1.0,0.0,1.0,1
2022-09-04,0,0,0,3,2,-1,1,1,1,0,unanimous,0.10431145428129152,-1,37,18,-1.0,1.0,1.0,0.0,1.0,1
2022-09-05,0,0,0,3,2,-1,1,1,1,0,unanimous,0.11261670508984123,-1,37,19,-1.0,1.0,1.0,0.0,1.0,1
2022-09-06,5,0,0,4,2,-1,-1,1,1,0,unanimous,0.1684595971553724,-1,37,20,-1.0,1.0,-1.0,0.0,1.0,2
2022-09-07,5,0,0,4,2,-1,-1,1,1,0,unanimous,0.13862092592559483,-1,37,21,-1.0,1.0,-1.0,0.0,1.0,2
2022-09-08,2,0,0,4,2,-1,1,1,1,0,unanimous,0.08006891064098509,-1,37,22,-1.0,1.0,-1.0,0.0,1.0,1
2022-09-09,1,5,5,1,2,1,1,-1,-1,4,mixed,0.010059878598539296,-1,37,1,-1.0,1.0,-1.0,0.0,0.0,2
2022-09-10,1,5,5,1,2,1,1,-1,-1,4,mixed,0.0067534284238925935,-1,37,2,-1.0,1.0,-1.0,0.0,0.0,2
2022-09-11,1,5,1,1,2,1,1,-1,1,5,mixed,0.017012416898509075,-1,37,3,1.0,1.0,-1.0,1.0,0.0,3
2022-09-12,1,5,1,1,2,1,1,-1,1,7,strong,0.03765509221061891,-1,37,4,1.0,1.0,-1.0,1.0,0.0,3
2022-09-13,1,5,1,4,2,-1,1,-1,1,1,strong,0.05411284196539734,-1,37,1,1.0,1.0,-1.0,1.0,1.0,2
2022-09-14,2,5,5,4,2,-1,1,-1,-1,1,strong,0.0671808911289864,-1,37,2,1.0,1.0,-1.0,1.0,1.0,3
2022-09-15,2,5,5,4,2,-1,1,-1,-1,0,unanimous,0.0547241900977693,-1,37,3,1.0,1.0,-1.0,1.0,1.0,3
2022-09-16,2,0,0,4,2,-1,1,1,1,1,strong,0.08513929334958448,-1,37,4,1.0,1.0,-1.0,1.0,1.0,1
2022-09-17,2,0,0,4,2,-1,1,1,1,2,lean,0.0608578655302876,-1,37,5,1.0,1.0,-1.0,1.0,1.0,1
2022-09-18,2,0,0,4,2,-1,1,1,1,1,strong,0.09552902456723089,-1,37,6,1.0,1.0,-1.0,1.0,1.0,1
2022-09-19,2,0,2,4,2,-1,1,1,1,0,unanimous,0.09399362060657213,-1,37,7,1.0,1.0,-1.0,1.0,1.0,1
2022-09-20,2,5,2,5,2,-1,1,-1,1,0,unanimous,0.13320231083538348,-1,37,8,1.0,1.0,-1.0,1.0,1.0,2
2022-09-21,2,5,5,5,3,-1,1,-1,-1,0,unanimous,0.15222382005336454,1,38,9,1.0,1.0,-1.0,0.0,0.0,3
2022-09-22,2,5,5,5,3,-1,1,-1,-1,0,unanimous,0.09891246630444384,1,38,10,1.0,1.0,-1.0,0.0,0.0,3
2022-09-23,2,5,5,5,3,-1,1,-1,-1,0,unanimous,0.0689160103284503,1,38,11,1.0,1.0,-1.0,0.0,0.0,3
2022-09-24,2,0,0,5,3,-1,1,1,1,0,unanimous,0.08271937281534258,1,38,12,1.0,1.0,-1.0,0.0,0.0,1
2022-09-25,3,0,0,5,3,-1,-1,1,1,0,unanimous,0.08374300300847315,1,38,13,1.0,1.0,-1.0,0.0,0.0,2
2022-09-26,2,0,2,5,3,-1,1,1,1,1,strong,0.05398396499826208,1,38,14,1.0,1.0,-1.0,0.0,0.0,1
2022-09-27,1,5,1,5,3,-1,1,-1,1,0,unanimous,0.054814320986877885,1,38,15,1.0,1.0,-1.0,0.0,0.0,2
2022-09-28,1,5,1,5,3,-1,1,-1,1,2,lean,0.03531476003860967,1,38,16,1.0,1.0,-1.0,0.0,0.0,2
2022-09-29,2,5,5,5,3,-1,1,-1,-1,1,strong,0.08112399199166154,1,38,17,1.0,1.0,-1.0,0.0,0.0,3
2022-09-30,2,5,5,5,3,-1,1,-1,-1,1,strong,0.08572017906699925,1,38,18,1.0,1.0,-1.0,0.0,0.0,3
2022-10-01,3,0,0,3,3,-1,-1,1,1,1,strong,0.08933688852678734,1,38,19,1.0,1.0,-1.0,0.0,0.0,2
2022-10-02,3,0,0,3,3,-1,-1,1,1,0,unanimous,0.10152040678412488,1,38,20,1.0,1.0,-1.0,0.0,0.0,2
2022-10-03,2,0,0,3,3,-1,1,1,1,2,lean,0.03430194441815204,1,38,21,1.0,1.0,-1.0,0.0,0.0,1
2022-10-04,2,5,5,0,3,1,1,-1,-1,4,mixed,0.004708395630467432,1,38,1,1.0,1.0,-1.0,0.0,1.0,2
2022-10-05,2,0,2,0,3,1,1,1,1,4,mixed,0.017811780247178555,1,38,2,1.0,1.0,-1.0,0.0,1.0,4
2022-10-06,2,0,2,0,3,1,1,1,1,4,mixed,0.0075555368941895296,1,38,3,1.0,1.0,-1.0,0.0,1.0,4
2022-10-07,2,0,0,3,3,-1,1,1,1,2,lean,0.029709471045475944,1,38,1,1.0,1.0,-1.0,0.0,0.0,1
2022-10-08,2,0,0,3,3,-1,1,1,1,1,strong,0.01944337334759272,1,38,2,1.0,1.0,-1.0,0.0,0.0,1
2022-10-09,2,0,0,3,3,-1,1,1,1,1,strong,0.017376787902682045,1,38,3,1.0,1.0,-1.0,0.0,0.0,1
2022-10-10,2,0,0,3,3,-1,1,1,1,1,strong,0.032776330607448445,1,38,4,1.0,1.0,-1.0,0.0,0.0,1
2022-10-11,2,0,0,3,3,-1,1,1,1,1,strong,0.03633224521125955,1,38,5,1.0,1.0,-1.0,0.0,0.0,1
2022-10-12,0,0,0,3,3,-1,1,1,1,1,strong,0.029367481430525588,1,38,6,1.0,1.0,-1.0,0.0,0.0,1
2022-10-13,2,5,5,3,3,-1,1,-1,-1,1,strong,0.016501572857865687,1,38,7,1.0,1.0,-1.0,0.0,0.0,3
2022-10-14,2,5,5,4,3,-1,1,-1,-1,1,strong,0.04926116713473183,1,38,8,1.0,1.0,-1.0,0.0,0.0,3
2022-10-15,2,0,0,4,3,-1,1,1,1,1,strong,0.05157998815028142,1,38,9,1.0,1.0,-1.0,0.0,0.0,1
2022-10-16,2,0,0,4,3,-1,1,1,1,1,strong,0.035672942964324106,1,38,10,1.0,-1.0,-1.0,0.0,0.0,1
2022-10-17,0,0,0,4,3,-1,1,1,1,3,mixed,0.006432977306368937,1,38,11,1.0,-1.0,-1.0,0.0,0.0,1
2022-10-18,2,0,0,4,3,-1,1,1,1,0,unanimous,0.017987411229061223,1,38,12,1.0,-1.0,-1.0,0.0,0.0,1
2022-10-19,0,0,0,4,3,-1,1,1,1,0,unanimous,0.025610681160762372,1,38,13,1.0,-1.0,-1.0,0.0,0.0,1
2022-10-20,0,0,0,4,3,-1,1,1,1,0,unanimous,0.02680930367105816,1,38,14,1.0,-1.0,1.0,0.0,0.0,1
2022-10-21,0,0,0,4,3,-1,1,1,1,1,strong,0.01681892878915714,1,38,15,1.0,-1.0,1.0,0.0,0.0,1
2022-10-22,0,0,0,4,3,-1,1,1,1,2,lean,0.011059928431897514,1,38,16,1.0,-1.0,1.0,0.0,0.0,1
2022-10-23,0,0,0,4,3,-1,1,1,1,3,mixed,0.0028912067786297513,1,38,17,1.0,-1.0,1.0,0.0,0.0,1
2022-10-24,0,0,0,4,3,-1,1,1,1,1,strong,0.016594814465047625,1,38,18,1.0,-1.0,1.0,0.0,0.0,1
2022-10-25,2,2,2,1,3,1,1,1,1,4,mixed,0.02213133138050083,1,38,1,1.0,-1.0,1.0,0.0,1.0,4
2022-10-26,1,2,2,1,3,1,1,1,1,6,lean,0.05384646233119339,1,38,2,-1.0,-1.0,1.0,1.0,1.0,4
2022-10-27,1,2,2,1,3,1,1,1,1,6,lean,0.03623602829406447,1,38,3,-1.0,-1.0,1.0,1.0,1.0,4
2022-10-28,2,1,1,2,3,1,1,1,1,6,lean,0.05644297389618791,1,38,4,-1.0,-1.0,1.0,1.0,1.0,4
2022-10-29,2,1,1,2,3,1,1,1,1,6,lean,0.06365106057046399,1,38,5,-1.0,-1.0,1.0,1.0,1.0,4
2022-10-30,2,1,1,2,3,1,1,1,1,6,lean,0.05107591441563053,1,38,6,-1.0,-1.0,1.0,1.0,1.0,4
2022-10-31,2,1,1,2,3,1,1,1,1,6,lean,0.04053392065489436,1,38,7,-1.0,-1.0,1.0,1.0,1.0,4
2022-11-01,2,1,1,2,3,1,1,1,1,6,lean,0.03757835770884532,1,38,8,-1.0,-1.0,1.0,1.0,1.0,4
2022-11-02,2,2,2,2,3,1,1,1,1,6,lean,0.021476841012004866,1,38,9,-1.0,-1.0,1.0,1.0,1.0,4
2022-11-03,2,2,2,2,3,1,1,1,1,6,lean,0.02377627177742847,1,38,10,-1.0,-1.0,1.0,1.0,1.0,4
2022-11-04,1,2,1,2,3,1,1,1,1,7,strong,0.0631221841069245,1,38,11,-1.0,-1.0,1.0,1.0,1.0,4
2022-11-05,2,1,1,2,3,1,1,1,1,7,strong,0.07082454322802156,-1,39,12,-1.0,-1.0,1.0,0.0,0.0,4
2022-11-06,2,1,2,2,3,1,1,1,1,7,strong,0.05339467249705032,-1,39,13,-1.0,-1.0,1.0,0.0,0.0,4
2022-11-07,2,2,2,2,3,1,1,1,1,6,lean,0.03721001259640011,-1,39,14,-1.0,-1.0,1.0,0.0,0.0,4
2022-11-08,5,1,1,5,3,-1,-1,1,1,0,unanimous,0.092465555524194,-1,39,1,-1.0,-1.0,1.0,0.0,1.0,2
2022-11-09,5,5,5,5,3,-1,-1,-1,-1,0,unanimous,0.2737868079859973,-1,39,2,-1.0,-1.0,1.0,0.0,1.0,4
2022-11-10,5,5,5,5,3,-1,-1,-1,-1,0,unanimous,0.14037313037944088,-1,39,3,-1.0,-1.0,1.0,0.0,1.0,4
2022-11-11,5,5,5,5,3,-1,-1,-1,-1,0,unanimous,0.1723494423696703,-1,39,4,-1.0,-1.0,1.0,0.0,1.0,4
2022-11-12,5,0,5,5,3,-1,-1,1,-1,0,unanimous,0.18082171462864305,-1,39,5,-1.0,-1.0,1.0,0.0,1.0,3
2022-11-13,5,0,0,5,3,-1,-1,1,1,0,unanimous,0.20481762902180112,-1,39,6,-1.0,-1.0,1.0,0.0,1.0,2
2022-11-14,5,5,5,5,3,-1,-1,-1,-1,0,unanimous,0.18552020457616702,-1,39,7,-1.0,-1.0,1.0,0.0,1.0,4
2022-11-15,5,5,5,3,3,-1,-1,-1,-1,0,unanimous,0.1710415663669378,-1,39,8,-1.0,-1.0,1.0,0.0,1.0,4
2022-11-16,5,5,5,3,3,-1,-1,-1,-1,0,unanimous,0.20717531443073245,-1,39,9,-1.0,-1.0,1.0,0.0,1.0,4
2022-11-17,5,0,5,3,3,-1,-1,1,-1,0,unanimous,0.16371448110600073,-1,39,10,-1.0,-1.0,1.0,0.0,1.0,3
2022-11-18,5,0,0,3,3,-1,-1,1,1,0,unanimous,0.1507560089565705,-1,39,11,-1.0,-1.0,1.0,0.0,1.0,2
2022-11-19,4,0,0,3,3,-1,-1,1,1,1,strong,0.14115689965010314,-1,39,12,-1.0,-1.0,1.0,0.0,1.0,2
2022-11-20,4,0,0,3,3,-1,-1,1,1,0,unanimous,0.1668730864064918,-1,39,13,-1.0,-1.0,1.0,0.0,1.0,2
2022-11-21,4,0,0,3,3,-1,-1,1,1,0,unanimous,0.2094462263742518,-1,39,14,-1.0,-1.0,1.0,0.0,1.0,2
2022-11-22,4,0,0,3,3,-1,-1,1,1,0,unanimous,0.17570381130592017,-1,39,15,-1.0,-1.0,1.0,0.0,1.0,2
2022-11-23,4,0,4,3,3,-1,-1,1,-1,1,strong,0.14004850504698463,-1,39,16,-1.0,-1.0,1.0,0.0,1.0,3
2022-11-24,4,0,0,3,3,-1,-1,1,1,0,unanimous,0.13235192059364675,-1,39,17,-1.0,-1.0,1.0,0.0,1.0,2
2022-11-25,4,0,0,3,3,-1,-1,1,1,0,unanimous,0.14432107166049057,-1,39,18,-1.0,-1.0,1.0,0.0,1.0,2
2022-11-26,4,0,0,3,3,-1,-1,1,1,0,unanimous,0.14565677463440618,-1,39,19,-1.0,-1.0,1.0,0.0,1.0,2
2022-11-27,4,0,0,3,3,-1,-1,1,1,0,unanimous,0.14397271333572292,-1,39,20,-1.0,-1.0,1.0,0.0,1.0,2
2022-11-28,4,0,4,4,3,-1,-1,1,-1,0,unanimous,0.14330042781945274,-1,39,21,-1.0,-1.0,1.0,0.0,1.0,3
2022-11-29,0,0,0,4,3,-1,1,1,1,1,strong,0.11545434849750569,-1,39,22,-1.0,1.0,1.0,0.0,1.0,1
2022-11-30,0,3,0,4,3,-1,1,-1,1,2,lean,0.06436910189066247,-1,39,23,-1.0,1.0,1.0,0.0,1.0,2
2022-12-01,0,3,0,4,3,-1,1,-1,1,2,lean,0.07392296512841146,-1,39,24,-1.0,1.0,1.0,0.0,1.0,2
2022-12-02,0,3,0,4,3,-1,1,-1,1,3,mixed,0.06238464292644963,-1,39,25,-1.0,1.0,1.0,0.0,1.0,2
2022-12-03,0,3,0,4,3,-1,1,-1,1,3,mixed,0.07029853532511443,-1,39,26,-1.0,1.0,1.0,0.0,1.0,2
2022-12-04,0,3,0,4,3,-1,1,-1,1,3,mixed,0.05164128779852262,-1,39,27,-1.0,1.0,1.0,0.0,1.0,2
2022-12-05,0,3,0,4,3,-1,1,-1,1,3,mixed,0.05578663014104812,-1,39,28,-1.0,1.0,1.0,0.0,1.0,2
2022-12-06,0,0,0,4,3,-1,1,1,1,3,mixed,0.04373403305244916,-1,39,29,-1.0,1.0,1.0,0.0,1.0,1
2022-12-07,0,0,0,4,3,-1,1,1,1,3,mixed,0.053351708155115585,-1,39,30,-1.0,1.0,1.0,0.0,1.0,1
2022-12-08,0,0,0,4,3,-1,1,1,1,3,mixed,0.02389099523503302,-1,39,31,-1.0,1.0,1.0,0.0,1.0,1
2022-12-09,0,0,0,4,3,-1,1,1,1,3,mixed,0.024794797965850046,-1,39,32,1.0,1.0,1.0,1.0,1.0,1
2022-12-10,0,0,0,4,3,-1,1,1,1,2,lean,0.020025993726513036,-1,39,33,1.0,1.0,1.0,1.0,1.0,1
2022-12-11,0,0,0,4,3,-1,1,1,1,3,mixed,0.01645711207122913,-1,39,34,1.0,1.0,1.0,1.0,1.0,1
2022-12-12,0,0,0,5,3,-1,1,1,1,3,mixed,0.005864095359919164,-1,39,35,1.0,1.0,1.0,1.0,1.0,1
2022-12-13,0,3,0,2,3,1,1,-1,1,4,mixed,0.030987285674246023,-1,39,1,1.0,1.0,1.0,1.0,0.0,3
2022-12-14,0,3,0,2,3,1,1,-1,1,4,mixed,0.03769900322988029,-1,39,2,1.0,1.0,1.0,1.0,0.0,3
2022-12-15,0,0,0,2,3,1,1,1,1,4,mixed,0.0178374890198143,-1,39,3,1.0,1.0,1.0,1.0,0.0,4
2022-12-16,0,0,0,5,3,-1,1,1,1,1,strong,0.026551731258194877,-1,39,1,1.0,1.0,1.0,1.0,1.0,1
2022-12-17,0,0,0,5,3,-1,1,1,1,1,strong,0.016127519976064875,-1,39,2,1.0,1.0,1.0,1.0,1.0,1
2022-12-18,0,0,0,5,3,-1,1,1,1,1,strong,0.028374430833078,-1,39,3,1.0,1.0,1.0,1.0,1.0,1
2022-12-19,0,0,0,5,3,-1,1,1,1,0,unanimous,0.042182856931043844,1,40,4,1.0,1.0,1.0,0.0,0.0,1
2022-12-20,0,0,0,5,3,-1,1,1,1,1,strong,0.01551265776866706,1,40,5,1.0,1.0,1.0,0.0,0.0,1
2022-12-21,0,0,0,5,3,-1,1,1,1,1,strong,0.017045197198144013,1,40,6,1.0,1.0,1.0,0.0,0.0,1
2022-12-22,0,0,0,5,3,-1,1,1,1,1,strong,0.02234629026932966,1,40,7,1.0,1.0,1.0,0.0,0.0,1
2022-12-23,0,0,0,5,3,-1,1,1,1,0,unanimous,0.05617517821556839,1,40,8,1.0,1.0,1.0,0.0,0.0,1
2022-12-24,0,0,0,5,3,-1,1,1,1,1,strong,0.04967162841953976,1,40,9,1.0,1.0,1.0,0.0,0.0,1
2022-12-25,0,0,0,5,3,-1,1,1,1,1,strong,0.031046154299319673,1,40,10,1.0,1.0,1.0,0.0,0.0,1
2022-12-26,0,0,0,5,3,-1,1,1,1,2,lean,0.010029620429092168,1,40,11,1.0,1.0,1.0,0.0,0.0,1
2022-12-27,0,0,0,5,3,-1,1,1,1,0,unanimous,0.018079194591064107,1,40,12,1.0,1.0,1.0,0.0,0.0,1
2022-12-28,0,0,0,5,3,-1,1,1,1,0,unanimous,0.04113574209635318,1,40,13,1.0,1.0,1.0,0.0,0.0,1
2022-12-29,0,0,0,3,3,-1,1,1,1,1,strong,0.029491675682755236,1,40,14,1.0,1.0,1.0,0.0,0.0,1
2022-12-30,0,1,0,3,3,-1,1,1,1,0,unanimous,0.031690164041652036,1,40,15,1.0,1.0,1.0,0.0,0.0,1
2022-12-31,0,0,0,3,3,-1,1,1,1,0,unanimous,0.03364238688868859,1,40,16,1.0,1.0,1.0,0.0,0.0,1
2023-01-01,0,0,0,3,3,-1,1,1,1,0,unanimous,0.03256036390595085,1,40,17,1.0,1.0,1.0,0.0,0.0,1
2023-01-02,0,0,0,3,3,-1,1,1,1,0,unanimous,0.024997310043875842,1,40,18,1.0,1.0,1.0,0.0,0.0,1
2023-01-03,0,0,0,3,3,-1,1,1,1,0,unanimous,0.020995860414100287,1,40,19,1.0,1.0,1.0,0.0,0.0,1
2023-01-04,0,0,0,3,3,-1,1,1,1,2,lean,0.0052666612409872915,1,40,20,1.0,1.0,1.0,0.0,0.0,1
2023-01-05,0,0,0,3,3,-1,1,1,1,2,lean,0.00295035676976374,1,40,21,1.0,1.0,1.0,0.0,0.0,1
2023-01-06,0,0,0,0,3,1,1,1,1,5,mixed,0.007823161070393492,1,40,1,1.0,1.0,1.0,0.0,1.0,4
2023-01-07,0,0,0,0,3,1,1,1,1,5,mixed,0.00959386269253526,1,40,2,1.0,1.0,1.0,0.0,1.0,4
2023-01-08,2,0,2,0,3,1,1,1,1,6,lean,0.018810802815646177,1,40,3,1.0,1.0,1.0,0.0,1.0,4
2023-01-09,2,2,2,0,3,1,1,1,1,5,mixed,0.016878380889340572,1,40,4,1.0,1.0,1.0,0.0,1.0,4
2023-01-10,2,1,2,0,3,1,1,1,1,6,lean,0.03603962249322756,1,40,5,1.0,1.0,1.0,0.0,1.0,4
2023-01-11,2,1,1,1,3,1,1,1,1,7,strong,0.06158690062484029,1,40,6,1.0,1.0,1.0,0.0,1.0,4
2023-01-12,1,1,1,1,3,1,1,1,1,7,strong,0.10741319588334441,1,40,7,1.0,1.0,1.0,0.0,1.0,4
2023-01-13,1,1,1,1,3,1,1,1,1,8,unanimous,0.15212128120623647,1,40,8,1.0,1.0,1.0,0.0,1.0,4
2023-01-14,1,1,1,1,3,1,1,1,1,8,unanimous,0.1927949280554272,1,40,9,1.0,1.0,1.0,0.0,1.0,4
2023-01-15,1,1,1,1,3,1,1,1,1,8,unanimous,0.1856071905492368,1,40,10,1.0,1.0,1.0,0.0,1.0,4
2023-01-16,1,1,1,1,3,1,1,1,1,8,unanimous,0.19336130503457472,1,40,11,1.0,1.0,1.0,0.0,1.0,4
2023-01-17,1,1,1,1,3,1,1,1,1,8,unanimous,0.18947034403978025,1,40,12,1.0,1.0,1.0,0.0,1.0,4
2023-01-18,1,1,1,1,3,1,1,1,1,8,unanimous,0.1673041440940508,1,40,13,1.0,1.0,1.0,0.0,1.0,4
2023-01-19,1,1,1,1,3,1,1,1,1,8,unanimous,0.1794870372516867,1,40,14,1.0,1.0,1.0,0.0,1.0,4
2023-01-20,1,1,1,1,3,1,1,1,1,8,unanimous,0.23064615803338306,1,40,15,1.0,1.0,1.0,0.0,1.0,4
2023-01-21,1,1,1,1,3,1,1,1,1,8,unanimous,0.2172775544706984,1,40,16,1.0,1.0,1.0,0.0,1.0,4
2023-01-22,1,1,1,1,3,1,1,1,1,8,unanimous,0.20966813469950918,1,40,17,1.0,1.0,1.0,0.0,1.0,4
2023-01-23,1,1,1,1,3,1,1,1,1,8,unanimous,0.21155962028919395,1,40,18,1.0,1.0,1.0,0.0,1.0,4
2023-01-24,1,1,1,1,3,1,1,1,1,8,unanimous,0.19917700732173915,1,40,19,1.0,1.0,1.0,0.0,1.0,4
2023-01-25,1,1,1,2,3,1,1,1,1,8,unanimous,0.21450454599491164,1,40,20,1.0,1.0,1.0,0.0,1.0,4
2023-01-26,1,1,1,2,3,1,1,1,1,8,unanimous,0.2099437348175941,1,40,21,1.0,1.0,1.0,0.0,1.0,4
2023-01-27,1,1,1,2,3,1,1,1,1,8,unanimous,0.2098128061389516,1,40,22,1.0,1.0,1.0,0.0,1.0,4
2023-01-28,1,1,1,2,3,1,1,1,1,8,unanimous,0.20641305752676098,1,40,23,1.0,1.0,1.0,0.0,1.0,4
2023-01-29,1,1,1,2,3,1,1,1,1,8,unanimous,0.22759208917183515,1,40,24,1.0,1.0,1.0,0.0,1.0,4
2023-01-30,1,1,1,2,3,1,1,1,1,8,unanimous,0.19093996474485553,1,40,25,1.0,1.0,1.0,0.0,1.0,4
2023-01-31,1,1,1,2,3,1,1,1,1,8,unanimous,0.19718662316660296,1,40,26,1.0,1.0,1.0,0.0,1.0,4
2023-02-01,1,1,1,2,3,1,1,1,1,8,unanimous,0.20461257787177778,1,40,27,1.0,1.0,1.0,0.0,1.0,4
2023-02-02,1,1,1,2,3,1,1,1,1,8,unanimous,0.16067568534675514,1,40,28,1.0,1.0,1.0,0.0,1.0,4
2023-02-03,2,1,1,2,3,1,1,1,1,8,unanimous,0.15934544050572663,1,40,29,1.0,1.0,1.0,0.0,1.0,4
2023-02-04,2,1,1,2,3,1,1,1,1,8,unanimous,0.1550998910080963,1,40,30,1.0,1.0,1.0,0.0,1.0,4
2023-02-05,2,1,1,2,3,1,1,1,1,7,strong,0.14123233427599546,1,40,31,1.0,1.0,1.0,0.0,1.0,4
2023-02-06,2,1,1,2,3,1,1,1,1,6,lean,0.1338998714894738,1,40,32,1.0,1.0,1.0,0.0,1.0,4
2023-02-07,2,1,1,2,3,1,1,1,1,8,unanimous,0.1526601679114351,1,40,33,1.0,1.0,1.0,0.0,1.0,4
2023-02-08,2,1,1,0,3,1,1,1,1,6,lean,0.14048423589987513,1,40,34,1.0,1.0,1.0,0.0,1.0,4
2023-02-09,2,1,1,0,3,1,1,1,1,5,mixed,0.09627394731989558,1,40,35,1.0,1.0,1.0,0.0,1.0,4
2023-02-10,2,1,2,0,3,1,1,1,1,5,mixed,0.08916147054086365,1,40,36,1.0,1.0,1.0,0.0,1.0,4
2023-02-11,2,0,0,0,3,1,1,1,1,5,mixed,0.09821624825491138,1,40,37,1.0,1.0,1.0,0.0,1.0,4
2023-02-12,2,0,0,0,3,1,1,1,1,5,mixed,0.09448933756586597,1,40,38,1.0,1.0,1.0,0.0,1.0,4
2023-02-13,2,1,2,0,3,1,1,1,1,5,mixed,0.09187775850799107,1,40,39,1.0,1.0,-1.0,0.0,1.0,4
2023-02-14,2,1,1,0,3,1,1,1,1,5,mixed,0.10480783926171178,1,40,40,1.0,1.0,-1.0,0.0,1.0,4
2023-02-15,2,1,2,0,3,1,1,1,1,8,unanimous,0.17788458704095889,1,40,41,1.0,1.0,-1.0,0.0,1.0,4
2023-02-16,2,0,2,0,3,1,1,1,1,8,unanimous,0.14865126544376672,1,40,42,1.0,1.0,-1.0,0.0,1.0,4
2023-02-17,2,5,2,0,3,1,1,-1,1,8,unanimous,0.1763452484972422,1,40,43,1.0,1.0,-1.0,0.0,1.0,3
2023-02-18,2,0,0,0,3,1,1,1,1,8,unanimous,0.17360643454048252,1,40,44,1.0,1.0,-1.0,0.0,1.0,4
2023-02-19,2,5,2,0,3,1,1,-1,1,8,unanimous,0.15750164548223922,1,40,45,1.0,1.0,-1.0,0.0,1.0,3
2023-02-20,2,5,5,0,3,1,1,-1,-1,8,unanimous,0.16940076346651867,1,40,46,1.0,1.0,-1.0,0.0,1.0,2
2023-02-21,2,5,5,1,3,1,1,-1,-1,8,unanimous,0.15047837942384068,1,40,47,1.0,1.0,-1.0,0.0,1.0,2
2023-02-22,2,5,5,1,3,1,1,-1,-1,8,unanimous,0.13646840027960605,1,40,48,1.0,1.0,-1.0,0.0,1.0,2
2023-02-23,2,5,5,1,3,1,1,-1,-1,8,unanimous,0.12256557883156938,1,40,49,1.0,1.0,-1.0,0.0,1.0,2
2023-02-24,2,0,0,1,3,1,1,1,1,6,lean,0.08908735019291714,1,40,50,1.0,1.0,-1.0,0.0,1.0,4
2023-02-25,2,0,0,1,3,1,1,1,1,6,lean,0.08345327932912427,1,40,51,1.0,1.0,-1.0,0.0,1.0,4
2023-02-26,2,0,0,1,3,1,1,1,1,7,strong,0.09369840383440786,1,40,52,1.0,1.0,-1.0,0.0,1.0,4
2023-02-27,2,0,0,1,3,1,1,1,1,7,strong,0.08723583246330324,1,40,53,1.0,1.0,-1.0,0.0,1.0,4
2023-02-28,2,0,0,1,3,1,1,1,1,5,mixed,0.06736090559392638,1,40,54,1.0,1.0,-1.0,0.0,1.0,4
2023-03-01,2,0,0,1,3,1,1,1,1,7,strong,0.08231906582682091,1,40,55,1.0,1.0,-1.0,0.0,1.0,4
2023-03-02,2,0,0,0,3,1,1,1,1,6,lean,0.07771019928633938,1,40,56,1.0,1.0,-1.0,0.0,1.0,4
2023-03-03,2,0,0,0,3,1,1,1,1,5,mixed,0.021992207301296807,1,40,57,1.0,1.0,-1.0,0.0,1.0,4
2023-03-04,3,0,0,0,3,1,-1,1,1,5,mixed,0.02528240707772844,1,40,58,1.0,1.0,-1.0,0.0,1.0,3
2023-03-05,3,0,0,0,3,1,-1,1,1,5,mixed,0.027965132358949263,1,40,59,1.0,1.0,-1.0,0.0,1.0,3
2023-03-06,3,0,0,0,3,1,-1,1,1,5,mixed,0.009427694501379813,1,40,60,1.0,1.0,-1.0,0.0,1.0,3
2023-03-07,3,0,0,3,3,-1,-1,1,1,3,mixed,0.0041121605307634645,1,40,1,1.0,1.0,-1.0,0.0,0.0,2
2023-03-08,3,0,0,3,3,-1,-1,1,1,3,mixed,0.03141588794556194,1,40,2,1.0,1.0,-1.0,0.0,0.0,2
2023-03-09,3,0,3,3,3,-1,-1,1,-1,3,mixed,0.10390275342430444,1,40,3,1.0,1.0,-1.0,0.0,0.0,3
2023-03-10,3,4,4,3,3,-1,-1,-1,-1,2,lean,0.11617337445559883,1,40,4,1.0,1.0,-1.0,0.0,0.0,4
2023-03-11,3,4,4,3,3,-1,-1,-1,-1,3,mixed,0.0943423982914613,1,40,5,1.0,1.0,-1.0,0.0,0.0,4
2023-03-12,3,0,3,3,3,-1,-1,1,-1,3,mixed,0.02078567137727161,1,40,6,1.0,1.0,-1.0,0.0,0.0,3
2023-03-13,2,0,0,0,3,1,1,1,1,7,strong,0.07582812265293382,1,40,1,1.0,1.0,-1.0,0.0,1.0,4
2023-03-14,1,0,1,0,3,1,1,1,1,8,unanimous,0.09669107868277715,1,40,2,1.0,1.0,-1.0,0.0,1.0,4
2023-03-15,1,0,1,1,3,1,1,1,1,8,unanimous,0.07960495467646633,1,40,3,1.0,1.0,-1.0,0.0,1.0,4
2023-03-16,1,3,1,1,3,1,1,-1,1,8,unanimous,0.1047001690492918,1,40,4,1.0,1.0,-1.0,0.0,1.0,3
2023-03-17,1,0,1,1,3,1,1,1,1,8,unanimous,0.1897671200135147,1,40,5,1.0,1.0,-1.0,0.0,1.0,4
2023-03-18,1,0,1,1,3,1,1,1,1,8,unanimous,0.19460885537495665,1,40,6,1.0,1.0,-1.0,0.0,1.0,4
2023-03-19,1,0,1,1,3,1,1,1,1,8,unanimous,0.2545961422483263,1,40,7,1.0,1.0,-1.0,0.0,1.0,4
2023-03-20,1,0,1,1,3,1,1,1,1,8,unanimous,0.24058726192381208,1,40,8,1.0,1.0,-1.0,0.0,1.0,4
2023-03-21,1,0,1,1,3,1,1,1,1,8,unanimous,0.19517672860244595,1,40,9,1.0,1.0,-1.0,0.0,1.0,4
2023-03-22,1,0,1,1,3,1,1,1,1,8,unanimous,0.16588200558913668,1,40,10,1.0,1.0,-1.0,0.0,1.0,4
2023-03-23,1,5,1,1,3,1,1,-1,1,8,unanimous,0.19812105802208235,1,40,11,1.0,1.0,-1.0,0.0,1.0,3
2023-03-24,1,0,1,1,3,1,1,1,1,8,unanimous,0.16581698002679912,1,40,12,1.0,1.0,-1.0,0.0,1.0,4
2023-03-25,2,0,0,1,3,1,1,1,1,8,unanimous,0.17669721942220418,1,40,13,1.0,-1.0,-1.0,0.0,1.0,4
2023-03-26,2,0,0,1,3,1,1,1,1,8,unanimous,0.17419494195846164,1,40,14,1.0,-1.0,-1.0,0.0,1.0,4
2023-03-27,2,0,0,1,3,1,1,1,1,7,strong,0.15133117817027708,1,40,15,1.0,-1.0,-1.0,0.0,1.0,4
2023-03-28,2,0,0,1,3,1,1,1,1,8,unanimous,0.15363731255931135,1,40,16,1.0,-1.0,-1.0,0.0,1.0,4
2023-03-29,1,3,1,2,3,1,1,-1,1,8,unanimous,0.18757121375031505,1,40,17,1.0,-1.0,-1.0,0.0,1.0,3
2023-03-30,1,3,1,2,3,1,1,-1,1,8,unanimous,0.15192489694272715,1,40,18,1.0,-1.0,-1.0,0.0,1.0,3
2023-03-31,1,0,1,2,3,1,1,1,1,8,unanimous,0.19798615786149965,1,40,19,1.0,-1.0,-1.0,0.0,1.0,4
2023-04-01,1,0,0,2,3,1,1,1,1,8,unanimous,0.1855529699686178,1,40,20,1.0,-1.0,-1.0,0.0,1.0,4
2023-04-02,2,0,0,2,3,1,1,1,1,7,strong,0.14191040809815958,1,40,21,1.0,-1.0,-1.0,0.0,1.0,4
2023-04-03,2,0,0,2,3,1,1,1,1,8,unanimous,0.12140430474594133,1,40,22,1.0,-1.0,-1.0,0.0,1.0,4
2023-04-04,2,0,0,2,3,1,1,1,1,8,unanimous,0.13462499329152788,1,40,23,-1.0,-1.0,-1.0,1.0,1.0,4
2023-04-05,2,0,0,2,3,1,1,1,1,8,unanimous,0.12797477955582903,1,40,24,-1.0,-1.0,-1.0,1.0,1.0,4
2023-04-06,3,0,0,2,3,1,-1,1,1,8,unanimous,0.12065670913103044,1,40,25,-1.0,-1.0,-1.0,1.0,1.0,3
2023-04-07,3,0,3,2,3,1,-1,1,-1,7,strong,0.11372515251468152,1,40,26,-1.0,-1.0,-1.0,1.0,1.0,2
2023-04-08,3,0,3,2,3,1,-1,1,-1,6,lean,0.11159372461795058,1,40,27,-1.0,-1.0,-1.0,1.0,1.0,2
2023-04-09,3,1,1,2,3,1,-1,1,1,8,unanimous,0.12067766157472981,1,40,28,-1.0,-1.0,-1.0,1.0,1.0,3
2023-04-10,3,2,3,0,3,1,-1,1,-1,8,unanimous,0.1560952372950638,1,40,29,-1.0,-1.0,-1.0,1.0,1.0,2
2023-04-11,2,2,2,0,3,1,1,1,1,8,unanimous,0.16785624728298254,1,40,30,-1.0,-1.0,-1.0,1.0,1.0,4
2023-04-12,2,2,2,0,3,1,1,1,1,8,unanimous,0.16050178589099573,1,40,31,-1.0,-1.0,-1.0,1.0,1.0,4
2023-04-13,2,2,2,0,3,1,1,1,1,8,unanimous,0.1630262446447519,1,40,32,-1.0,-1.0,-1.0,1.0,1.0,4
2023-04-14,2,2,2,0,3,1,1,1,1,8,unanimous,0.1606283930264164,-1,41,33,-1.0,-1.0,-1.0,0.0,0.0,4
2023-04-15,2,1,2,0,3,1,1,1,1,8,unanimous,0.1513789727051742,-1,41,34,-1.0,-1.0,1.0,0.0,0.0,4
2023-04-16,2,1,1,0,3,1,1,1,1,8,unanimous,0.14793053229091568,-1,41,35,-1.0,-1.0,1.0,0.0,0.0,4
2023-04-17,2,2,2,0,3,1,1,1,1,8,unanimous,0.11889383847140178,-1,41,36,-1.0,-1.0,1.0,0.0,0.0,4
2023-04-18,2,2,2,0,3,1,1,1,1,8,unanimous,0.14378262077861725,-1,41,37,-1.0,-1.0,1.0,0.0,0.0,4
2023-04-19,3,2,2,0,3,1,-1,1,1,7,strong,0.09361387595159043,-1,41,38,-1.0,-1.0,1.0,0.0,0.0,3
2023-04-20,3,2,2,0,3,1,-1,1,1,5,mixed,0.07241114258747094,-1,41,39,-1.0,-1.0,1.0,0.0,0.0,3
2023-04-21,3,3,3,0,3,1,-1,-1,-1,4,mixed,0.037333173530276764,-1,41,40,-1.0,-1.0,1.0,0.0,0.0,1
2023-04-22,3,3,3,0,3,1,-1,-1,-1,4,mixed,0.05431035988769106,-1,41,41,-1.0,-1.0,1.0,0.0,0.0,1
2023-04-23,3,3,3,1,3,1,-1,-1,-1,4,mixed,0.044331249188320876,-1,41,42,-1.0,-1.0,1.0,0.0,0.0,1
2023-04-24,3,3,3,0,3,1,-1,-1,-1,4,mixed,0.03979441295489816,-1,41,43,-1.0,-1.0,1.0,0.0,0.0,1
2023-04-25,3,3,3,0,3,1,-1,-1,-1,5,mixed,0.06373801067506746,-1,41,44,-1.0,-1.0,1.0,0.0,0.0,1
2023-04-26,3,5,3,0,3,1,-1,-1,-1,5,mixed,0.06446912422087336,-1,41,45,-1.0,-1.0,1.0,0.0,0.0,1
2023-04-27,3,3,3,0,3,1,-1,-1,-1,8,unanimous,0.09503612390175487,-1,41,46,-1.0,-1.0,1.0,0.0,0.0,1
2023-04-28,3,3,3,0,3,1,-1,-1,-1,7,strong,0.08748000049364191,-1,41,47,-1.0,-1.0,1.0,0.0,0.0,1
2023-04-29,3,3,3,0,3,1,-1,-1,-1,8,unanimous,0.08102805531468882,-1,41,48,-1.0,-1.0,1.0,0.0,0.0,1
2023-04-30,3,3,3,0,3,1,-1,-1,-1,7,strong,0.07842200130199095,-1,41,49,-1.0,-1.0,1.0,0.0,0.0,1
2023-05-01,3,3,3,0,3,1,-1,-1,-1,5,mixed,0.03630583730462733,-1,41,50,-1.0,-1.0,1.0,0.0,0.0,1
2023-05-02,3,0,3,0,3,1,-1,1,-1,6,lean,0.052710200186427025,-1,41,51,-1.0,-1.0,1.0,0.0,0.0,2
2023-05-03,3,0,3,0,3,1,-1,1,-1,7,strong,0.05965212240538387,-1,41,52,-1.0,-1.0,1.0,0.0,0.0,2
2023-05-04,3,0,3,0,3,1,-1,1,-1,7,strong,0.05062172219560368,-1,41,53,-1.0,-1.0,1.0,0.0,0.0,2
2023-05-05,3,3,3,0,3,1,-1,-1,-1,7,strong,0.06901162109288483,-1,41,54,-1.0,-1.0,1.0,0.0,0.0,1
2023-05-06,3,3,3,0,3,1,-1,-1,-1,7,strong,0.04443848032294151,-1,41,55,-1.0,-1.0,1.0,0.0,0.0,1
2023-05-07,3,3,3,1,3,1,-1,-1,-1,4,mixed,0.025058081763772888,-1,41,56,-1.0,-1.0,1.0,0.0,0.0,1
2023-05-08,3,0,3,4,3,-1,-1,1,-1,3,mixed,0.006673932587550002,-1,41,1,-1.0,-1.0,1.0,0.0,1.0,3
2023-05-09,3,0,3,4,3,-1,-1,1,-1,3,mixed,0.012566194296102173,-1,41,2,-1.0,-1.0,1.0,0.0,1.0,3
2023-05-10,3,3,3,4,3,-1,-1,-1,-1,3,mixed,0.018234757252252765,-1,41,3,-1.0,-1.0,1.0,0.0,1.0,4
2023-05-11,4,3,3,4,3,-1,-1,-1,-1,3,mixed,0.010226408313877444,-1,41,4,-1.0,-1.0,1.0,0.0,1.0,4
2023-05-12,4,4,4,4,3,-1,-1,-1,-1,3,mixed,0.03777318166400767,-1,41,5,-1.0,-1.0,1.0,0.0,1.0,4
2023-05-13,4,0,4,4,3,-1,-1,1,-1,3,mixed,0.030141289047072695,-1,41,6,-1.0,-1.0,1.0,0.0,1.0,3
2023-05-14,4,0,4,4,3,-1,-1,1,-1,3,mixed,0.022082698413538715,-1,41,7,-1.0,-1.0,1.0,0.0,1.0,3
2023-05-15,4,0,4,4,3,-1,-1,1,-1,3,mixed,0.04085517602711697,-1,41,8,-1.0,-1.0,1.0,0.0,1.0,3
2023-05-16,4,0,4,4,3,-1,-1,1,-1,2,lean,0.044468082101105866,-1,41,9,-1.0,-1.0,1.0,0.0,1.0,3
2023-05-17,4,4,4,4,3,-1,-1,-1,-1,3,mixed,0.025980890436781534,-1,41,10,-1.0,-1.0,1.0,0.0,1.0,4
2023-05-18,4,4,4,4,3,-1,-1,-1,-1,2,lean,0.043837501072555796,-1,41,11,-1.0,-1.0,1.0,0.0,1.0,4
2023-05-19,4,4,4,4,3,-1,-1,-1,-1,2,lean,0.032618193275791185,-1,41,12,-1.0,-1.0,1.0,0.0,1.0,4
2023-05-20,4,0,4,4,3,-1,-1,1,-1,2,lean,0.023093381480662645,-1,41,13,-1.0,-1.0,1.0,0.0,1.0,3
2023-05-21,4,4,4,5,3,-1,-1,-1,-1,2,lean,0.020692790801899674,-1,41,14,-1.0,-1.0,1.0,0.0,1.0,4
2023-05-22,4,4,4,5,3,-1,-1,-1,-1,3,mixed,0.028035387999656658,-1,41,15,-1.0,-1.0,1.0,0.0,1.0,4
2023-05-23,4,4,4,5,3,-1,-1,-1,-1,3,mixed,0.009730284401845424,-1,41,16,-1.0,-1.0,1.0,0.0,1.0,4
2023-05-24,4,4,4,5,3,-1,-1,-1,-1,1,strong,0.04064788495340865,-1,41,17,-1.0,-1.0,1.0,0.0,1.0,4
2023-05-25,4,4,4,5,3,-1,-1,-1,-1,1,strong,0.02873023927710161,-1,41,18,-1.0,1.0,1.0,0.0,1.0,4
2023-05-26,4,4,4,5,3,-1,-1,-1,-1,2,lean,0.014587677843380664,-1,41,19,-1.0,1.0,1.0,0.0,1.0,4
2023-05-27,4,0,4,5,3,-1,-1,1,-1,2,lean,0.014879115816215371,-1,41,20,-1.0,1.0,1.0,0.0,1.0,3
2023-05-28,0,4,4,2,3,1,1,-1,-1,6,lean,0.03957197506866783,-1,41,1,-1.0,1.0,1.0,0.0,0.0,2
2023-05-29,0,4,4,2,3,1,1,-1,-1,5,mixed,0.027001333364370605,-1,41,2,-1.0,1.0,1.0,0.0,0.0,2
2023-05-30,0,4,4,2,3,1,1,-1,-1,5,mixed,0.020675635097795686,-1,41,3,-1.0,1.0,1.0,0.0,0.0,2
2023-05-31,0,4,4,2,3,1,1,-1,-1,5,mixed,0.008040848235187359,-1,41,4,-1.0,1.0,1.0,0.0,0.0,2
2023-06-01,0,4,4,5,3,-1,1,-1,-1,2,lean,0.002408000394429788,-1,41,1,-1.0,1.0,1.0,0.0,1.0,3
2023-06-02,0,4,4,2,3,1,1,-1,-1,5,mixed,0.006815141358394228,-1,41,1,-1.0,1.0,1.0,0.0,0.0,2
2023-06-03,0,4,4,0,3,1,1,-1,-1,4,mixed,0.004825172366791586,-1,41,2,-1.0,1.0,1.0,0.0,0.0,2
2023-06-04,0,4,0,0,3,1,1,-1,1,4,mixed,0.001644122536840098,-1,41,3,1.0,1.0,1.0,1.0,0.0,3
2023-06-05,5,4,5,3,3,-1,-1,-1,-1,1,strong,0.04955543070564716,-1,41,1,1.0,1.0,1.0,1.0,1.0,4
2023-06-06,5,5,5,0,3,1,-1,-1,-1,4,mixed,0.007088738120655802,-1,41,1,1.0,1.0,1.0,1.0,0.0,1
2023-06-07,5,5,5,3,3,-1,-1,-1,-1,1,strong,0.027982656790503935,-1,41,1,1.0,1.0,1.0,1.0,1.0,4
2023-06-08,4,0,4,3,3,-1,-1,1,-1,1,strong,0.022910700350854185,-1,41,2,1.0,1.0,1.0,1.0,1.0,3
2023-06-09,4,0,4,3,3,-1,-1,1,-1,1,strong,0.025077791612589717,-1,41,3,1.0,1.0,-1.0,1.0,1.0,3
2023-06-10,5,5,5,3,3,-1,-1,-1,-1,1,strong,0.05119896329192919,-1,41,4,1.0,1.0,-1.0,1.0,1.0,4
2023-06-11,4,0,0,3,3,-1,-1,1,1,1,strong,0.036446651330102275,-1,41,5,1.0,1.0,-1.0,1.0,1.0,2
2023-06-12,4,0,4,3,3,-1,-1,1,-1,1,strong,0.05108489769327296,-1,41,6,1.0,1.0,-1.0,1.0,1.0,3
2023-06-13,4,5,5,3,3,-1,-1,-1,-1,1,strong,0.04461640122230026,-1,41,7,1.0,1.0,-1.0,1.0,1.0,4
2023-06-14,4,5,4,3,3,-1,-1,-1,-1,1,strong,0.07415890719632046,1,42,8,1.0,1.0,-1.0,0.0,0.0,4
2023-06-15,4,5,4,3,3,-1,-1,-1,-1,1,strong,0.04468559800243055,1,42,9,1.0,1.0,-1.0,0.0,0.0,4
2023-06-16,4,5,4,4,3,-1,-1,-1,-1,1,strong,0.020544730316289117,1,42,10,1.0,1.0,-1.0,0.0,0.0,4
2023-06-17,4,0,0,4,3,-1,-1,1,1,2,lean,0.010238913072131872,1,42,11,1.0,1.0,-1.0,0.0,0.0,2
2023-06-18,4,0,0,4,3,-1,-1,1,1,1,strong,0.015813395253138518,1,42,12,1.0,1.0,-1.0,0.0,0.0,2
2023-06-19,4,0,4,1,3,1,-1,1,-1,4,mixed,0.0048904681124973814,1,42,1,1.0,1.0,-1.0,0.0,1.0,2
2023-06-20,5,5,5,1,3,1,-1,-1,-1,8,unanimous,0.056892198310297015,1,42,2,1.0,1.0,-1.0,0.0,1.0,1
2023-06-21,1,5,5,1,3,1,1,-1,-1,8,unanimous,0.10898028140340732,1,42,3,1.0,1.0,-1.0,0.0,1.0,2
2023-06-22,1,5,1,1,3,1,1,-1,1,8,unanimous,0.10277411332821529,1,42,4,1.0,1.0,-1.0,0.0,1.0,3
2023-06-23,1,5,5,1,3,1,1,-1,-1,8,unanimous,0.1231759430060787,1,42,5,1.0,1.0,-1.0,0.0,1.0,2
2023-06-24,1,5,1,0,3,1,1,-1,1,8,unanimous,0.11602312576468077,1,42,6,1.0,1.0,-1.0,0.0,1.0,3
2023-06-25,1,5,1,0,3,1,1,-1,1,8,unanimous,0.11108399008470604,1,42,7,1.0,1.0,-1.0,0.0,1.0,3
2023-06-26,1,5,5,0,3,1,1,-1,-1,8,unanimous,0.10017292285302515,1,42,8,1.0,1.0,-1.0,0.0,1.0,2
2023-06-27,1,2,1,0,3,1,1,1,1,8,unanimous,0.11165810292566714,1,42,9,1.0,1.0,-1.0,0.0,1.0,4
2023-06-28,0,2,2,0,3,1,1,1,1,8,unanimous,0.09064868669275472,1,42,10,1.0,1.0,-1.0,0.0,1.0,4
2023-06-29,0,1,0,0,3,1,1,1,1,8,unanimous,0.09888446712809273,1,42,11,1.0,1.0,-1.0,0.0,1.0,4
2023-06-30,1,1,1,0,3,1,1,1,1,8,unanimous,0.09529319658213964,1,42,12,1.0,1.0,-1.0,0.0,1.0,4
2023-07-01,0,1,1,0,3,1,1,1,1,8,unanimous,0.09701415965759486,1,42,13,1.0,1.0,-1.0,0.0,1.0,4
2023-07-02,0,1,1,0,3,1,1,1,1,8,unanimous,0.09510200916915645,1,42,14,1.0,1.0,-1.0,0.0,1.0,4
2023-07-03,0,1,1,0,3,1,1,1,1,8,unanimous,0.10713260248271217,1,42,15,1.0,1.0,-1.0,0.0,1.0,4
2023-07-04,0,1,1,0,3,1,1,1,1,8,unanimous,0.09224269334788848,1,42,16,1.0,1.0,-1.0,0.0,1.0,4
2023-07-05,0,1,1,0,3,1,1,1,1,8,unanimous,0.08099622648762961,1,42,17,1.0,1.0,-1.0,0.0,1.0,4
2023-07-06,1,1,1,0,3,1,1,1,1,7,strong,0.059286561654165904,1,42,18,1.0,1.0,-1.0,0.0,1.0,4
2023-07-07,0,1,1,1,3,1,1,1,1,7,strong,0.08404968208092356,1,42,19,1.0,1.0,-1.0,0.0,1.0,4
2023-07-08,0,1,1,1,3,1,1,1,1,8,unanimous,0.08104471273725344,1,42,20,1.0,1.0,-1.0,0.0,1.0,4
2023-07-09,0,1,1,1,3,1,1,1,1,6,lean,0.07584960133228258,1,42,21,1.0,1.0,-1.0,0.0,1.0,4
2023-07-10,0,1,1,1,3,1,1,1,1,6,lean,0.0710611734304647,1,42,22,1.0,1.0,-1.0,0.0,1.0,4
2023-07-11,0,1,1,1,3,1,1,1,1,8,unanimous,0.07659438984026734,1,42,23,1.0,1.0,-1.0,0.0,1.0,4
2023-07-12,0,1,1,1,3,1,1,1,1,6,lean,0.0686864776429118,1,42,24,1.0,1.0,-1.0,0.0,1.0,4
2023-07-13,2,1,1,1,3,1,1,1,1,8,unanimous,0.10005821695221928,1,42,25,1.0,1.0,1.0,0.0,1.0,4
2023-07-14,2,1,1,1,3,1,1,1,1,5,mixed,0.06508006271859867,1,42,26,1.0,1.0,1.0,0.0,1.0,4
2023-07-15,3,1,1,1,3,1,-1,1,1,5,mixed,0.06313582576302779,1,42,27,1.0,1.0,1.0,0.0,1.0,3
2023-07-16,3,1,1,1,3,1,-1,1,1,6,lean,0.0608988724218138,1,42,28,1.0,1.0,1.0,0.0,1.0,3
2023-07-17,3,1,1,1,3,1,-1,1,1,5,mixed,0.0569115119076099,1,42,29,1.0,1.0,1.0,0.0,1.0,3
2023-07-18,3,1,1,1,3,1,-1,1,1,5,mixed,0.047159160951472656,1,42,30,1.0,1.0,1.0,0.0,1.0,3
2023-07-19,3,1,1,1,3,1,-1,1,1,5,mixed,0.048661384176222455,1,42,31,1.0,-1.0,1.0,0.0,1.0,3
2023-07-20,3,1,1,1,3,1,-1,1,1,5,mixed,0.04297069978020551,1,42,32,1.0,-1.0,1.0,0.0,1.0,3
2023-07-21,3,0,0,2,3,1,-1,1,1,5,mixed,0.04503931180942655,1,42,33,1.0,-1.0,1.0,0.0,1.0,3
2023-07-22,3,0,0,2,3,1,-1,1,1,5,mixed,0.03911932989458278,1,42,34,1.0,-1.0,1.0,0.0,1.0,3
2023-07-23,3,0,0,2,3,1,-1,1,1,5,mixed,0.047171582899827924,1,42,35,1.0,-1.0,1.0,0.0,1.0,3
2023-07-24,3,0,0,2,3,1,-1,1,1,4,mixed,0.015435288337275588,1,42,36,1.0,-1.0,1.0,0.0,1.0,3
2023-07-25,3,0,0,2,3,1,-1,1,1,4,mixed,0.015710402127343315,1,42,37,1.0,-1.0,1.0,0.0,1.0,3
2023-07-26,3,5,5,2,3,1,-1,-1,-1,4,mixed,0.01862622792003754,1,42,38,1.0,-1.0,1.0,0.0,1.0,1
2023-07-27,3,0,0,2,3,1,-1,1,1,4,mixed,0.0130423215739226,1,42,39,1.0,-1.0,1.0,0.0,1.0,3
2023-07-28,3,0,0,2,3,1,-1,1,1,4,mixed,0.01584981572478028,1,42,40,1.0,-1.0,1.0,0.0,1.0,3
2023-07-29,3,0,0,2,3,1,-1,1,1,4,mixed,0.016179201717364422,1,42,41,-1.0,-1.0,1.0,1.0,1.0,3
2023-07-30,3,0,0,2,3,1,-1,1,1,4,mixed,0.012199269554498127,1,42,42,-1.0,-1.0,1.0,1.0,1.0,3
2023-07-31,3,0,0,2,3,1,-1,1,1,4,mixed,0.009248143081607374,1,42,43,-1.0,-1.0,1.0,1.0,1.0,3
2023-08-01,3,5,5,2,3,1,-1,-1,-1,4,mixed,0.02299445132982436,1,42,44,-1.0,-1.0,1.0,1.0,1.0,1
2023-08-02,5,5,5,2,3,1,-1,-1,-1,4,mixed,0.003928577208979989,1,42,45,-1.0,-1.0,1.0,1.0,1.0,1
2023-08-03,3,5,5,2,3,1,-1,-1,-1,5,mixed,0.0036598852149223315,1,42,46,-1.0,-1.0,1.0,1.0,1.0,1
2023-08-04,3,5,5,5,3,-1,-1,-1,-1,3,mixed,0.0019171481249165012,1,42,1,-1.0,-1.0,1.0,1.0,0.0,4
2023-08-05,3,0,0,5,3,-1,-1,1,1,3,mixed,0.0040909920210594475,1,42,2,-1.0,-1.0,1.0,1.0,0.0,2
2023-08-06,3,0,0,5,3,-1,-1,1,1,3,mixed,0.005673869367543327,1,42,3,-1.0,-1.0,1.0,1.0,0.0,2
2023-08-07,3,5,5,5,3,-1,-1,-1,-1,3,mixed,0.002364588731314843,1,42,4,-1.0,-1.0,1.0,1.0,0.0,4
2023-08-08,3,5,5,2,3,1,-1,-1,-1,6,lean,0.015795063581337088,-1,43,1,-1.0,-1.0,1.0,0.0,0.0,1
2023-08-09,2,5,5,2,3,1,1,-1,-1,6,lean,0.009681024427033558,-1,43,2,-1.0,-1.0,1.0,0.0,0.0,2
2023-08-10,3,0,0,2,3,1,-1,1,1,6,lean,0.0067782275108274614,-1,43,3,-1.0,-1.0,1.0,0.0,0.0,3
2023-08-11,3,0,0,2,3,1,-1,1,1,4,mixed,0.0021822116345714404,-1,43,4,-1.0,-1.0,1.0,0.0,0.0,3
2023-08-12,3,0,0,2,3,1,-1,1,1,5,mixed,0.0089749175584527,-1,43,5,-1.0,-1.0,1.0,0.0,0.0,3
2023-08-13,3,0,0,2,3,1,-1,1,1,5,mixed,0.0036197916180323864,-1,43,6,-1.0,-1.0,1.0,0.0,0.0,3
2023-08-14,3,0,0,2,3,1,-1,1,1,6,lean,0.011369237004971056,-1,43,7,-1.0,-1.0,1.0,0.0,0.0,3
2023-08-15,3,0,0,2,3,1,-1,1,1,4,mixed,0.004395583646653156,-1,43,8,-1.0,-1.0,1.0,0.0,0.0,3
2023-08-16,3,0,0,5,3,-1,-1,1,1,3,mixed,0.01184860939656196,-1,43,1,-1.0,-1.0,1.0,0.0,1.0,2
2023-08-17,5,0,5,5,3,-1,-1,1,-1,1,strong,0.09435851233313186,-1,43,2,-1.0,-1.0,1.0,0.0,1.0,3
2023-08-18,5,0,0,3,3,-1,-1,1,1,0,unanimous,0.1186143233516983,-1,43,3,-1.0,-1.0,1.0,0.0,1.0,2
2023-08-19,5,0,0,3,3,-1,-1,1,1,0,unanimous,0.1101089476363204,-1,43,4,-1.0,-1.0,1.0,0.0,1.0,2
2023-08-20,4,0,0,3,3,-1,-1,1,1,0,unanimous,0.11609681717601972,-1,43,5,-1.0,-1.0,1.0,0.0,1.0,2
2023-08-21,5,4,4,3,3,-1,-1,-1,-1,0,unanimous,0.11838668283699372,-1,43,6,-1.0,-1.0,1.0,0.0,1.0,4
2023-08-22,5,4,4,3,3,-1,-1,-1,-1,0,unanimous,0.11708845110829835,-1,43,7,-1.0,1.0,1.0,0.0,1.0,4
2023-08-23,5,4,4,3,3,-1,-1,-1,-1,0,unanimous,0.0960100703503497,-1,43,8,-1.0,1.0,1.0,0.0,1.0,4
2023-08-24,4,4,4,3,3,-1,-1,-1,-1,0,unanimous,0.1035032284444104,-1,43,9,-1.0,1.0,1.0,0.0,1.0,4
2023-08-25,4,4,4,3,3,-1,-1,-1,-1,0,unanimous,0.10433972221870702,-1,43,10,-1.0,1.0,1.0,0.0,1.0,4
2023-08-26,4,0,4,3,3,-1,-1,1,-1,0,unanimous,0.10196407790227346,-1,43,11,-1.0,1.0,1.0,0.0,1.0,3
2023-08-27,4,0,0,3,3,-1,-1,1,1,0,unanimous,0.09183358895698168,-1,43,12,-1.0,1.0,1.0,0.0,1.0,2
2023-08-28,4,0,4,3,3,-1,-1,1,-1,1,strong,0.09030496602383287,-1,43,13,-1.0,1.0,1.0,0.0,1.0,3
2023-08-29,5,4,4,3,3,-1,-1,-1,-1,3,mixed,0.023145467780508078,-1,43,14,-1.0,1.0,1.0,0.0,1.0,4
2023-08-30,5,4,4,3,3,-1,-1,-1,-1,2,lean,0.03721831876094117,-1,43,15,-1.0,1.0,1.0,0.0,1.0,4
2023-08-31,5,4,5,4,3,-1,-1,-1,-1,0,unanimous,0.08940107888756654,-1,43,16,-1.0,1.0,1.0,0.0,1.0,4
2023-09-01,5,4,5,4,3,-1,-1,-1,-1,0,unanimous,0.09079438010917107,-1,43,17,1.0,1.0,1.0,1.0,1.0,4
2023-09-02,4,0,4,4,3,-1,-1,1,-1,0,unanimous,0.08457747043632469,-1,43,18,1.0,1.0,1.0,1.0,1.0,3
2023-09-03,4,0,4,4,3,-1,-1,1,-1,0,unanimous,0.07705297117016863,-1,43,19,1.0,1.0,1.0,1.0,1.0,3
2023-09-04,4,4,4,4,3,-1,-1,-1,-1,0,unanimous,0.08024732564794257,-1,43,20,1.0,1.0,1.0,1.0,1.0,4
2023-09-05,4,4,4,4,3,-1,-1,-1,-1,0,unanimous,0.07822641994738788,-1,43,21,1.0,1.0,1.0,1.0,1.0,4
2023-09-06,4,4,4,4,3,-1,-1,-1,-1,0,unanimous,0.07173136887533582,-1,43,22,1.0,1.0,1.0,1.0,1.0,4
2023-09-07,4,4,4,4,3,-1,-1,-1,-1,3,mixed,0.052115454241624226,-1,43,23,1.0,1.0,1.0,1.0,1.0,4
2023-09-08,4,4,4,4,3,-1,-1,-1,-1,0,unanimous,0.0659759982107504,-1,43,24,1.0,1.0,1.0,1.0,1.0,4
2023-09-09,4,0,4,4,3,-1,-1,1,-1,0,unanimous,0.060039443078450105,-1,43,25,1.0,1.0,1.0,1.0,1.0,3
2023-09-10,4,0,0,4,3,-1,-1,1,1,0,unanimous,0.058891120296523214,-1,43,26,1.0,1.0,1.0,1.0,1.0,2
2023-09-11,4,4,4,4,3,-1,-1,-1,-1,0,unanimous,0.08368511758137953,1,44,27,1.0,1.0,1.0,0.0,0.0,4
2023-09-12,5,4,4,4,3,-1,-1,-1,-1,0,unanimous,0.05156418128615514,1,44,28,1.0,1.0,1.0,0.0,0.0,4
2023-09-13,0,4,0,4,3,-1,1,-1,1,3,mixed,0.032560168187414584,1,44,29,1.0,1.0,1.0,0.0,0.0,2
2023-09-14,0,4,0,5,3,-1,1,-1,1,3,mixed,0.017728185110626127,1,44,30,1.0,1.0,1.0,0.0,0.0,2
2023-09-15,0,0,0,5,3,-1,1,1,1,3,mixed,0.0126771431798256,1,44,31,1.0,1.0,1.0,0.0,0.0,1
2023-09-16,0,0,0,5,3,-1,1,1,1,3,mixed,0.01173536815441234,1,44,32,1.0,1.0,1.0,0.0,0.0,1
2023-09-17,0,0,0,5,3,-1,1,1,1,3,mixed,0.009945755605688333,1,44,33,1.0,1.0,1.0,0.0,0.0,1
2023-09-18,0,0,0,5,3,-1,1,1,1,3,mixed,0.032425831904417945,1,44,34,1.0,1.0,1.0,0.0,0.0,1
2023-09-19,0,3,0,5,3,-1,1,-1,1,3,mixed,0.003165927988416861,1,44,35,1.0,1.0,1.0,0.0,0.0,2
2023-09-20,0,5,0,2,3,1,1,-1,1,4,mixed,0.019762832600932922,1,44,1,1.0,1.0,1.0,0.0,1.0,3
2023-09-21,0,5,0,0,3,1,1,-1,1,4,mixed,0.0011439983961469835,1,44,2,1.0,1.0,1.0,0.0,1.0,3
2023-09-22,0,0,0,0,3,1,1,1,1,4,mixed,0.004211937185815251,1,44,3,1.0,1.0,1.0,0.0,1.0,4
2023-09-23,0,0,0,0,3,1,1,1,1,4,mixed,0.006934282165884986,1,44,4,1.0,1.0,1.0,0.0,1.0,4
2023-09-24,0,0,0,3,3,-1,1,1,1,1,strong,0.010772347518260617,1,44,1,1.0,1.0,1.0,0.0,0.0,1
2023-09-25,0,0,0,3,3,-1,1,1,1,2,lean,0.011795848470926629,1,44,2,1.0,1.0,1.0,0.0,0.0,1
2023-09-26,0,0,0,3,3,-1,1,1,1,1,strong,0.013389323823055355,1,44,3,1.0,1.0,1.0,0.0,0.0,1
2023-09-27,0,0,0,3,3,-1,1,1,1,2,lean,0.006886223706032535,1,44,4,1.0,1.0,1.0,0.0,0.0,1
2023-09-28,0,0,0,0,3,1,1,1,1,4,mixed,0.009890833646066022,1,44,1,1.0,1.0,1.0,0.0,1.0,4
2023-09-29,0,0,0,3,3,-1,1,1,1,3,mixed,0.0068960638538451136,1,44,1,1.0,1.0,1.0,0.0,0.0,1
2023-09-30,0,0,0,3,3,-1,1,1,1,3,mixed,0.0030607472816130965,1,44,2,1.0,1.0,1.0,0.0,0.0,1
2023-10-01,0,0,0,0,3,1,1,1,1,5,mixed,0.0498941651110959,1,44,1,1.0,1.0,1.0,0.0,1.0,4
2023-10-02,1,0,0,0,3,1,1,1,1,5,mixed,0.030151037035476613,1,44,2,1.0,1.0,1.0,0.0,1.0,4
2023-10-03,0,0,0,0,3,1,1,1,1,5,mixed,0.02408767860326888,1,44,3,1.0,1.0,1.0,0.0,1.0,4
2023-10-04,0,0,0,1,3,1,1,1,1,5,mixed,0.03537064016452762,1,44,4,1.0,1.0,1.0,0.0,1.0,4
2023-10-05,0,0,0,1,3,1,1,1,1,5,mixed,0.019591960829479116,1,44,5,1.0,1.0,1.0,0.0,1.0,4
2023-10-06,0,0,0,1,3,1,1,1,1,5,mixed,0.037852941667217754,1,44,6,1.0,1.0,1.0,0.0,1.0,4
2023-10-07,0,0,0,1,3,1,1,1,1,5,mixed,0.03972034040218275,1,44,7,1.0,1.0,1.0,0.0,1.0,4
2023-10-08,0,0,0,1,3,1,1,1,1,5,mixed,0.0327023458259752,1,44,8,1.0,1.0,1.0,0.0,1.0,4
2023-10-09,0,0,0,1,3,1,1,1,1,5,mixed,0.017543694432152535,1,44,9,1.0,1.0,1.0,0.0,1.0,4
2023-10-10,0,0,0,1,3,1,1,1,1,5,mixed,0.009765584260394311,1,44,10,1.0,1.0,1.0,0.0,1.0,4
2023-10-11,0,2,0,4,3,-1,1,1,1,3,mixed,0.010923326526757426,1,44,1,1.0,1.0,1.0,0.0,0.0,1
2023-10-12,0,0,0,4,3,-1,1,1,1,3,mixed,0.01590355291945955,1,44,2,1.0,1.0,1.0,0.0,0.0,1
2023-10-13,0,0,0,4,3,-1,1,1,1,3,mixed,0.012258382518005373,1,44,3,1.0,1.0,1.0,0.0,0.0,1
2023-10-14,0,0,0,4,3,-1,1,1,1,3,mixed,0.01347003849662709,1,44,4,1.0,1.0,1.0,0.0,0.0,1
2023-10-15,0,0,0,4,3,-1,1,1,1,3,mixed,0.003443579372879979,1,44,5,1.0,1.0,1.0,0.0,0.0,1
2023-10-16,1,0,1,1,3,1,1,1,1,8,unanimous,0.05984301064826858,1,44,1,1.0,1.0,1.0,0.0,1.0,4
2023-10-17,1,0,0,1,3,1,1,1,1,8,unanimous,0.054354688959331265,1,44,2,1.0,1.0,1.0,0.0,1.0,4
2023-10-18,2,0,0,2,3,1,1,1,1,8,unanimous,0.046130300574781846,1,44,3,1.0,1.0,1.0,0.0,1.0,4
2023-10-19,2,0,0,2,3,1,1,1,1,8,unanimous,0.05995341062433601,1,44,4,1.0,1.0,1.0,0.0,1.0,4
2023-10-20,1,0,1,2,3,1,1,1,1,8,unanimous,0.08796135466986987,1,44,5,1.0,1.0,1.0,0.0,1.0,4
2023-10-21,1,0,0,2,3,1,1,1,1,8,unanimous,0.09126521509645225,1,44,6,1.0,1.0,1.0,0.0,1.0,4
2023-10-22,1,1,1,2,3,1,1,1,1,8,unanimous,0.09005996771261515,1,44,7,1.0,1.0,1.0,0.0,1.0,4
2023-10-23,1,1,1,2,3,1,1,1,1,8,unanimous,0.1721874432731455,1,44,8,1.0,1.0,1.0,0.0,1.0,4
2023-10-24,1,1,1,2,3,1,1,1,1,8,unanimous,0.18714397384352677,1,44,9,1.0,1.0,1.0,0.0,1.0,4
2023-10-25,1,1,1,2,3,1,1,1,1,8,unanimous,0.20540083792968922,1,44,10,1.0,1.0,1.0,0.0,1.0,4
2023-10-26,1,1,1,2,3,1,1,1,1,8,unanimous,0.18181089378875037,1,44,11,1.0,1.0,1.0,0.0,1.0,4
2023-10-27,1,1,1,2,3,1,1,1,1,8,unanimous,0.1751989336600579,1,44,12,1.0,1.0,1.0,0.0,1.0,4
2023-10-28,1,1,1,2,3,1,1,1,1,8,unanimous,0.18053861088164902,1,44,13,1.0,1.0,1.0,0.0,1.0,4
2023-10-29,1,1,1,2,3,1,1,1,1,8,unanimous,0.19125407169273778,1,44,14,1.0,1.0,1.0,0.0,1.0,4
2023-10-30,1,1,1,2,3,1,1,1,1,8,unanimous,0.18901196764771555,1,44,15,1.0,1.0,1.0,0.0,1.0,4
2023-10-31,1,1,1,2,3,1,1,1,1,8,unanimous,0.19159440882814704,1,44,16,1.0,1.0,1.0,0.0,1.0,4
2023-11-01,1,1,1,2,3,1,1,1,1,8,unanimous,0.20606996282480616,1,44,17,1.0,1.0,1.0,0.0,1.0,4
2023-11-02,1,1,1,2,3,1,1,1,1,8,unanimous,0.19041199738764192,1,44,18,1.0,1.0,1.0,0.0,1.0,4
2023-11-03,1,1,1,2,3,1,1,1,1,8,unanimous,0.18481741862699186,1,44,19,1.0,1.0,1.0,0.0,1.0,4
2023-11-04,1,1,1,2,3,1,1,1,1,8,unanimous,0.19232624319529912,1,44,20,1.0,1.0,1.0,0.0,1.0,4
2023-11-05,1,1,1,2,3,1,1,1,1,8,unanimous,0.1863055278633311,1,44,21,1.0,1.0,1.0,0.0,1.0,4
2023-11-06,1,1,1,2,3,1,1,1,1,8,unanimous,0.18898743941597185,1,44,22,1.0,1.0,1.0,0.0,1.0,4
2023-11-07,1,1,1,2,3,1,1,1,1,8,unanimous,0.19760863758137037,1,44,23,1.0,1.0,1.0,0.0,1.0,4
2023-11-08,1,1,1,2,3,1,1,1,1,8,unanimous,0.194514563335481,1,44,24,1.0,1.0,1.0,0.0,1.0,4
2023-11-09,1,1,1,2,3,1,1,1,1,8,unanimous,0.19897526394907838,1,44,25,1.0,1.0,1.0,0.0,1.0,4
2023-11-10,1,1,1,2,3,1,1,1,1,8,unanimous,0.20706551819575347,1,44,26,1.0,1.0,1.0,0.0,1.0,4
2023-11-11,1,1,1,2,3,1,1,1,1,8,unanimous,0.19806993870868228,1,44,27,1.0,1.0,1.0,0.0,1.0,4
2023-11-12,2,1,1,2,3,1,1,1,1,8,unanimous,0.19127193286965927,1,44,28,1.0,1.0,1.0,0.0,1.0,4
2023-11-13,2,1,1,2,3,1,1,1,1,8,unanimous,0.17415609771975749,1,44,29,1.0,1.0,1.0,0.0,1.0,4
2023-11-14,2,1,1,2,3,1,1,1,1,8,unanimous,0.14701886962909372,1,44,30,1.0,1.0,1.0,0.0,1.0,4
2023-11-15,2,1,1,2,3,1,1,1,1,8,unanimous,0.19576315152313706,1,44,31,1.0,1.0,1.0,0.0,1.0,4
2023-11-16,2,1,1,2,3,1,1,1,1,8,unanimous,0.15205456761383618,1,44,32,1.0,1.0,1.0,0.0,1.0,4
2023-11-17,2,1,1,2,3,1,1,1,1,8,unanimous,0.1579400380937126,1,44,33,1.0,1.0,1.0,0.0,1.0,4
2023-11-18,2,1,1,2,3,1,1,1,1,8,unanimous,0.15333923517246395,1,44,34,1.0,1.0,1.0,0.0,1.0,4
2023-11-19,2,1,1,2,3,1,1,1,1,8,unanimous,0.16718942731973407,1,44,35,1.0,1.0,1.0,0.0,1.0,4
2023-11-20,2,1,1,2,3,1,1,1,1,8,unanimous,0.16430560484996048,1,44,36,1.0,1.0,1.0,0.0,1.0,4
2023-11-21,2,1,1,2,3,1,1,1,1,6,lean,0.12033982862875525,1,44,37,1.0,1.0,1.0,0.0,1.0,4
2023-11-22,2,1,1,2,3,1,1,1,1,8,unanimous,0.15419393502076484,1,44,38,1.0,1.0,1.0,0.0,1.0,4
2023-11-23,2,1,1,2,3,1,1,1,1,8,unanimous,0.14587720073374844,1,44,39,1.0,1.0,1.0,0.0,1.0,4
2023-11-24,2,1,1,2,3,1,1,1,1,8,unanimous,0.15069015899134086,1,44,40,1.0,1.0,1.0,0.0,1.0,4
2023-11-25,2,1,1,0,3,1,1,1,1,7,strong,0.14725112447387423,1,44,41,1.0,1.0,1.0,0.0,1.0,4
2023-11-26,2,1,1,0,3,1,1,1,1,8,unanimous,0.13484790600529362,1,44,42,1.0,1.0,1.0,0.0,1.0,4
2023-11-27,2,1,1,0,3,1,1,1,1,8,unanimous,0.12486605140816187,1,44,43,1.0,1.0,1.0,0.0,1.0,4
2023-11-28,2,1,1,0,3,1,1,1,1,8,unanimous,0.13357806100216996,1,44,44,1.0,1.0,1.0,0.0,1.0,4
2023-11-29,2,1,1,0,3,1,1,1,1,8,unanimous,0.12934186091687272,1,44,45,1.0,1.0,1.0,0.0,1.0,4
2023-11-30,2,1,1,0,3,1,1,1,1,8,unanimous,0.12153910018223812,1,44,46,1.0,1.0,1.0,0.0,1.0,4
2023-12-01,2,1,2,0,3,1,1,1,1,8,unanimous,0.13923948235017747,1,44,47,1.0,1.0,1.0,0.0,1.0,4
2023-12-02,2,1,2,0,3,1,1,1,1,8,unanimous,0.15157834101608558,1,44,48,1.0,1.0,1.0,0.0,1.0,4
2023-12-03,2,1,2,0,3,1,1,1,1,8,unanimous,0.1572825023526515,1,44,49,1.0,1.0,1.0,0.0,1.0,4
2023-12-04,1,1,1,0,3,1,1,1,1,8,unanimous,0.19239319189405735,1,44,50,1.0,1.0,1.0,0.0,1.0,4
2023-12-05,1,1,1,0,3,1,1,1,1,8,unanimous,0.22548170649643207,1,44,51,1.0,1.0,1.0,0.0,1.0,4
2023-12-06,1,1,1,0,3,1,1,1,1,8,unanimous,0.21332236573519425,1,44,52,1.0,1.0,1.0,0.0,1.0,4
2023-12-07,1,1,1,0,3,1,1,1,1,8,unanimous,0.1988864641916207,1,44,53,1.0,1.0,1.0,0.0,1.0,4
2023-12-08,1,1,1,1,3,1,1,1,1,8,unanimous,0.20870993124115422,1,44,54,1.0,1.0,1.0,0.0,1.0,4
2023-12-09,2,1,1,1,3,1,1,1,1,8,unanimous,0.1942336898831699,1,44,55,1.0,1.0,1.0,0.0,1.0,4
2023-12-10,2,1,1,1,3,1,1,1,1,8,unanimous,0.1886978646760854,1,44,56,1.0,1.0,1.0,0.0,1.0,4
2023-12-11,2,1,1,1,3,1,1,1,1,8,unanimous,0.1318195853306191,1,44,57,1.0,1.0,1.0,0.0,1.0,4
2023-12-12,2,1,1,1,3,1,1,1,1,8,unanimous,0.1302618322844331,1,44,58,1.0,1.0,1.0,0.0,1.0,4
2023-12-13,2,1,1,1,3,1,1,1,1,8,unanimous,0.1537077273584061,1,44,59,1.0,1.0,1.0,0.0,1.0,4
2023-12-14,2,1,1,1,3,1,1,1,1,8,unanimous,0.15013119279556153,1,44,60,1.0,1.0,1.0,0.0,1.0,4
2023-12-15,2,1,1,1,3,1,1,1,1,7,strong,0.12208957729891856,1,44,61,1.0,1.0,1.0,0.0,1.0,4
2023-12-16,2,1,1,1,3,1,1,1,1,7,strong,0.12311743233364947,1,44,62,1.0,1.0,1.0,0.0,1.0,4
2023-12-17,2,1,1,1,3,1,1,1,1,6,lean,0.09937216189013987,1,44,63,1.0,1.0,1.0,0.0,1.0,4
2023-12-18,2,1,1,0,3,1,1,1,1,7,strong,0.12044528298128365,1,44,64,1.0,1.0,1.0,0.0,1.0,4
2023-12-19,2,1,1,0,3,1,1,1,1,7,strong,0.10791113242927297,1,44,65,1.0,1.0,1.0,0.0,1.0,4
2023-12-20,2,1,1,0,3,1,1,1,1,7,strong,0.13606409535018238,1,44,66,1.0,1.0,1.0,0.0,1.0,4
2023-12-21,2,0,2,0,3,1,1,1,1,8,unanimous,0.13037019787137627,1,44,67,1.0,1.0,1.0,0.0,1.0,4
2023-12-22,2,0,0,0,3,1,1,1,1,8,unanimous,0.12876111014880587,1,44,68,1.0,1.0,1.0,0.0,1.0,4
2023-12-23,2,0,0,0,3,1,1,1,1,8,unanimous,0.11970253961594213,1,44,69,1.0,1.0,1.0,0.0,1.0,4
2023-12-24,3,0,0,0,3,1,-1,1,1,7,strong,0.10125865041402116,1,44,70,1.0,1.0,1.0,0.0,1.0,3
2023-12-25,3,0,0,0,3,1,-1,1,1,7,strong,0.11011857559087423,1,44,71,1.0,1.0,1.0,0.0,1.0,3
2023-12-26,3,1,1,0,3,1,-1,1,1,6,lean,0.08338150767189123,1,44,72,1.0,1.0,1.0,0.0,1.0,3
2023-12-27,3,0,0,0,3,1,-1,1,1,8,unanimous,0.09955544912095482,1,44,73,1.0,1.0,1.0,0.0,1.0,3
2023-12-28,3,0,0,0,3,1,-1,1,1,6,lean,0.07879944557804763,1,44,74,1.0,1.0,1.0,0.0,1.0,3
2023-12-29,3,0,0,0,3,1,-1,1,1,5,mixed,0.0639647571137224,1,44,75,1.0,1.0,1.0,0.0,1.0,3
2023-12-30,3,0,0,0,3,1,-1,1,1,5,mixed,0.062253586484986356,1,44,76,1.0,1.0,1.0,0.0,1.0,3
2023-12-31,3,0,3,1,3,1,-1,1,-1,6,lean,0.06196142335456234,1,44,77,1.0,1.0,1.0,0.0,1.0,2
2024-01-01,3,0,3,1,3,1,-1,1,-1,8,unanimous,0.09954801413441494,1,44,78,1.0,1.0,1.0,0.0,1.0,2
2024-01-02,2,0,2,1,3,1,1,1,1,8,unanimous,0.11182648293966191,1,44,79,1.0,1.0,1.0,0.0,1.0,4
2024-01-03,2,5,5,1,3,1,1,-1,-1,5,mixed,0.06418738991943596,1,44,80,1.0,1.0,1.0,0.0,1.0,2
2024-01-04,3,5,5,1,3,1,-1,-1,-1,8,unanimous,0.08940430623680251,1,44,81,1.0,1.0,1.0,0.0,1.0,1
2024-01-05,3,5,3,1,3,1,-1,-1,-1,8,unanimous,0.08554021931118272,1,44,82,1.0,1.0,1.0,0.0,1.0,1
2024-01-06,3,0,3,1,4,1,-1,1,-1,8,unanimous,0.07857403037472455,1,44,83,1.0,1.0,1.0,0.0,1.0,2
2024-01-07,3,0,3,1,4,1,-1,1,-1,8,unanimous,0.07439297727799454,1,44,84,1.0,1.0,1.0,0.0,1.0,2
2024-01-08,2,5,2,1,4,1,1,-1,1,8,unanimous,0.13143532024500637,1,44,85,1.0,1.0,1.0,0.0,1.0,3
2024-01-09,2,5,2,1,4,1,1,-1,1,8,unanimous,0.11224902368255052,1,44,86,1.0,1.0,1.0,0.0,1.0,3
2024-01-10,2,5,2,1,4,1,1,-1,1,8,unanimous,0.11826889560437903,1,44,87,1.0,1.0,1.0,0.0,1.0,3
2024-01-11,2,0,0,1,4,1,1,1,1,8,unanimous,0.1098408677925985,1,44,88,1.0,1.0,1.0,0.0,1.0,4
2024-01-12,5,5,5,1,4,1,-1,-1,-1,4,mixed,0.032915267891891475,1,44,89,1.0,1.0,1.0,0.0,1.0,1
2024-01-13,5,0,5,1,4,1,-1,1,-1,4,mixed,0.029777670494281816,1,44,90,1.0,1.0,-1.0,0.0,1.0,2
2024-01-14,5,0,0,2,4,1,-1,1,1,4,mixed,0.0034820035528631,1,44,91,1.0,1.0,-1.0,0.0,1.0,3
2024-01-15,5,0,5,2,4,1,-1,1,-1,4,mixed,0.018009406672948702,1,44,92,1.0,1.0,-1.0,0.0,1.0,2
2024-01-16,5,0,5,2,4,1,-1,1,-1,4,mixed,0.030317100769504668,1,44,93,1.0,1.0,-1.0,0.0,1.0,2
2024-01-17,5,0,0,2,4,1,-1,1,1,5,mixed,0.018358635368648124,1,44,94,1.0,1.0,-1.0,0.0,1.0,3
2024-01-18,5,0,5,3,4,-1,-1,1,-1,3,mixed,0.019065418846412996,1,44,1,1.0,1.0,-1.0,0.0,0.0,3
2024-01-19,4,0,5,3,4,-1,-1,1,-1,3,mixed,0.011881402524304363,1,44,2,1.0,1.0,-1.0,0.0,0.0,3
2024-01-20,4,0,0,3,4,-1,-1,1,1,3,mixed,0.01309685876757083,1,44,3,1.0,1.0,-1.0,0.0,0.0,2
2024-01-21,4,0,0,3,4,-1,-1,1,1,3,mixed,0.01774521787856953,1,44,4,1.0,1.0,-1.0,0.0,0.0,2
2024-01-22,5,0,0,3,4,-1,-1,1,1,3,mixed,0.07208264065557901,1,44,5,1.0,1.0,-1.0,0.0,0.0,2
2024-01-23,4,0,4,3,4,-1,-1,1,-1,3,mixed,0.06374366273864607,1,44,6,1.0,1.0,-1.0,0.0,0.0,3
2024-01-24,4,0,4,3,4,-1,-1,1,-1,3,mixed,0.04289722605787616,1,44,7,1.0,1.0,-1.0,0.0,0.0,3
2024-01-25,4,0,0,3,4,-1,-1,1,1,3,mixed,0.06336488904370663,1,44,8,1.0,1.0,-1.0,0.0,0.0,2
2024-01-26,4,0,4,3,4,-1,-1,1,-1,3,mixed,0.01656643527427848,1,44,9,1.0,1.0,-1.0,0.0,0.0,3
2024-01-27,4,0,0,3,4,-1,-1,1,1,3,mixed,0.01085299101825532,1,44,10,1.0,1.0,-1.0,0.0,0.0,2
2024-01-28,4,0,0,0,4,1,-1,1,1,4,mixed,0.018401908650332754,1,44,1,1.0,1.0,-1.0,0.0,1.0,3
2024-01-29,4,0,4,0,4,1,-1,1,-1,7,strong,0.03857490183671575,1,44,2,1.0,1.0,-1.0,0.0,1.0,2
2024-01-30,4,4,4,0,4,1,-1,-1,-1,7,strong,0.029963800947774177,1,44,3,1.0,1.0,-1.0,0.0,1.0,1
2024-01-31,4,4,4,1,4,1,-1,-1,-1,5,mixed,0.02434844700287042,1,44,4,1.0,1.0,-1.0,0.0,1.0,1
2024-02-01,4,0,0,1,4,1,-1,1,1,8,unanimous,0.0649049995861456,1,44,5,1.0,1.0,-1.0,0.0,1.0,3
2024-02-02,4,0,0,1,4,1,-1,1,1,8,unanimous,0.032903194109837886,1,44,6,1.0,1.0,-1.0,0.0,1.0,3
2024-02-03,4,0,0,1,4,1,-1,1,1,7,strong,0.027818513075030915,1,44,7,1.0,1.0,-1.0,0.0,1.0,3
2024-02-04,4,0,0,1,4,1,-1,1,1,5,mixed,0.016914056254007104,1,44,8,1.0,1.0,-1.0,0.0,1.0,3
2024-02-05,4,0,0,1,4,1,-1,1,1,4,mixed,0.019349380335154542,1,44,9,1.0,1.0,-1.0,0.0,1.0,3
2024-02-06,4,3,4,1,4,1,-1,-1,-1,7,strong,0.0223888716223396,1,44,10,1.0,1.0,-1.0,0.0,1.0,1
2024-02-07,0,3,3,1,4,1,1,-1,-1,8,unanimous,0.0540063782034681,1,44,11,1.0,1.0,-1.0,0.0,1.0,2
2024-02-08,0,3,3,1,4,1,1,-1,-1,8,unanimous,0.0714040396471528,1,44,12,1.0,1.0,-1.0,0.0,1.0,2
2024-02-09,0,3,3,1,4,1,1,-1,-1,8,unanimous,0.11626593672758434,1,44,13,1.0,1.0,-1.0,0.0,1.0,2
2024-02-10,0,3,3,1,4,1,1,-1,-1,8,unanimous,0.13031872986570858,1,44,14,1.0,1.0,-1.0,0.0,1.0,2
2024-02-11,0,3,3,1,4,1,1,-1,-1,8,unanimous,0.11188108168706223,1,44,15,1.0,1.0,-1.0,0.0,1.0,2
2024-02-12,1,3,3,1,4,1,1,-1,-1,8,unanimous,0.13880097472067476,1,44,16,1.0,1.0,-1.0,0.0,1.0,2
2024-02-13,1,5,1,1,4,1,1,-1,1,8,unanimous,0.15706272898716944,1,44,17,1.0,1.0,-1.0,0.0,1.0,3
2024-02-14,1,5,1,2,4,1,1,-1,1,8,unanimous,0.1849737488990124,1,44,18,1.0,1.0,-1.0,0.0,1.0,3
2024-02-15,1,5,1,2,4,1,1,-1,1,8,unanimous,0.19415915481970092,1,44,19,1.0,1.0,-1.0,0.0,1.0,3
2024-02-16,1,5,1,2,4,1,1,-1,1,8,unanimous,0.1828341051442176,1,44,20,1.0,1.0,-1.0,0.0,1.0,3
2024-02-17,0,0,0,2,4,1,1,1,1,8,unanimous,0.18180263360947946,1,44,21,1.0,1.0,-1.0,0.0,1.0,4
2024-02-18,0,0,0,2,4,1,1,1,1,8,unanimous,0.162507348217527,1,44,22,1.0,1.0,-1.0,0.0,1.0,4
2024-02-19,0,1,0,2,4,1,1,1,1,8,unanimous,0.15276405701770768,1,44,23,1.0,1.0,-1.0,0.0,1.0,4
2024-02-20,0,1,1,2,4,1,1,1,1,8,unanimous,0.15849655672410046,1,44,24,1.0,1.0,-1.0,0.0,1.0,4
2024-02-21,0,1,1,2,4,1,1,1,1,8,unanimous,0.1562454646770398,1,44,25,1.0,1.0,-1.0,0.0,1.0,4
2024-02-22,0,1,1,2,4,1,1,1,1,8,unanimous,0.15825197560573934,1,44,26,1.0,-1.0,-1.0,0.0,1.0,4
2024-02-23,0,1,0,2,4,1,1,1,1,8,unanimous,0.14032200030506536,1,44,27,1.0,-1.0,-1.0,0.0,1.0,4
2024-02-24,0,1,0,2,4,1,1,1,1,7,strong,0.1618003977937571,1,44,28,1.0,-1.0,-1.0,0.0,1.0,4
2024-02-25,0,1,1,2,4,1,1,1,1,7,strong,0.16025253952650276,1,44,29,1.0,-1.0,-1.0,0.0,1.0,4
2024-02-26,0,1,1,2,4,1,1,1,1,8,unanimous,0.20159169265231247,1,44,30,1.0,-1.0,-1.0,0.0,1.0,4
2024-02-27,1,1,1,2,4,1,1,1,1,8,unanimous,0.22365009095820365,1,44,31,1.0,-1.0,-1.0,0.0,1.0,4
2024-02-28,1,1,1,2,4,1,1,1,1,8,unanimous,0.275230472965009,1,44,32,1.0,-1.0,-1.0,0.0,1.0,4
2024-02-29,1,1,1,2,4,1,1,1,1,8,unanimous,0.24787819340670703,1,44,33,1.0,-1.0,-1.0,0.0,1.0,4
2024-03-01,1,1,1,2,4,1,1,1,1,8,unanimous,0.25821859848445583,1,44,34,1.0,-1.0,-1.0,0.0,1.0,4
2024-03-02,1,1,1,2,4,1,1,1,1,8,unanimous,0.24852924486395367,1,44,35,1.0,-1.0,1.0,0.0,1.0,4
2024-03-03,1,1,1,2,4,1,1,1,1,8,unanimous,0.2569149431250036,1,44,36,-1.0,-1.0,1.0,1.0,1.0,4
2024-03-04,1,1,1,2,4,1,1,1,1,8,unanimous,0.30835263676560754,1,44,37,-1.0,-1.0,1.0,1.0,1.0,4
2024-03-05,1,1,1,2,4,1,1,1,1,8,unanimous,0.25283264708705455,1,44,38,-1.0,-1.0,1.0,1.0,1.0,4
2024-03-06,1,1,1,2,4,1,1,1,1,8,unanimous,0.2738119769022903,1,44,39,-1.0,-1.0,1.0,1.0,1.0,4
2024-03-07,1,1,1,2,4,1,1,1,1,8,unanimous,0.2770821711262489,1,44,40,-1.0,-1.0,1.0,1.0,1.0,4
2024-03-08,1,1,1,2,4,1,1,1,1,8,unanimous,0.2866796633255856,1,44,41,-1.0,-1.0,1.0,1.0,1.0,4
2024-03-09,1,1,1,2,4,1,1,1,1,8,unanimous,0.2832664821603017,1,44,42,-1.0,-1.0,1.0,1.0,1.0,4
2024-03-10,1,1,1,2,4,1,1,1,1,8,unanimous,0.2833049387566354,1,44,43,-1.0,-1.0,1.0,1.0,1.0,4
2024-03-11,1,1,1,2,4,1,1,1,1,8,unanimous,0.30882749925671926,1,44,44,-1.0,-1.0,1.0,1.0,1.0,4
2024-03-12,1,1,1,2,4,1,1,1,1,8,unanimous,0.29567337810146643,1,44,45,-1.0,-1.0,1.0,1.0,1.0,4
2024-03-13,1,1,1,2,4,1,1,1,1,8,unanimous,0.30447255474873003,-1,45,46,-1.0,-1.0,1.0,0.0,0.0,4
2024-03-14,1,1,1,2,4,1,1,1,1,8,unanimous,0.28943459968984864,-1,45,47,-1.0,-1.0,1.0,0.0,0.0,4
2024-03-15,1,1,1,2,4,1,1,1,1,8,unanimous,0.25694095568245734,-1,45,48,-1.0,-1.0,1.0,0.0,0.0,4
2024-03-16,2,1,1,2,4,1,1,1,1,6,lean,0.2079438802392488,-1,45,49,-1.0,-1.0,1.0,0.0,0.0,4
2024-03-17,2,1,1,2,4,1,1,1,1,8,unanimous,0.22973475466905202,-1,45,50,-1.0,-1.0,1.0,0.0,0.0,4
2024-03-18,2,1,1,2,4,1,1,1,1,7,strong,0.21332592132256945,-1,45,51,-1.0,-1.0,1.0,0.0,0.0,4
2024-03-19,5,0,5,2,4,1,-1,1,-1,5,mixed,0.13461763247105196,-1,45,52,-1.0,-1.0,1.0,0.0,0.0,2
2024-03-20,5,1,5,2,4,1,-1,1,-1,7,strong,0.20603033765624024,-1,45,53,-1.0,-1.0,1.0,0.0,0.0,2
2024-03-21,5,0,5,2,4,1,-1,1,-1,6,lean,0.16984037226137694,-1,45,54,-1.0,-1.0,1.0,0.0,0.0,2
2024-03-22,5,0,5,2,4,1,-1,1,-1,6,lean,0.14064315202707067,-1,45,55,-1.0,-1.0,1.0,0.0,0.0,2
2024-03-23,5,0,0,0,4,1,-1,1,1,6,lean,0.13811326198828722,-1,45,56,-1.0,-1.0,1.0,0.0,0.0,3
2024-03-24,5,0,0,0,4,1,-1,1,1,5,mixed,0.17272884697324142,-1,45,57,-1.0,-1.0,1.0,0.0,0.0,3
2024-03-25,5,0,5,0,4,1,-1,1,-1,8,unanimous,0.19833389236636045,-1,45,58,-1.0,-1.0,1.0,0.0,0.0,2
2024-03-26,5,0,0,0,4,1,-1,1,1,8,unanimous,0.19185112367542023,-1,45,59,-1.0,-1.0,1.0,0.0,0.0,3
2024-03-27,5,0,5,0,4,1,-1,1,-1,8,unanimous,0.17885474082469877,-1,45,60,-1.0,-1.0,1.0,0.0,0.0,2
2024-03-28,2,0,0,0,4,1,1,1,1,8,unanimous,0.1872541399732941,-1,45,61,-1.0,-1.0,1.0,0.0,0.0,4
2024-03-29,3,0,3,0,4,1,-1,1,-1,8,unanimous,0.1706869325383874,-1,45,62,-1.0,-1.0,1.0,0.0,0.0,2
2024-03-30,3,0,3,0,4,1,-1,1,-1,8,unanimous,0.16118322943434726,-1,45,63,-1.0,-1.0,1.0,0.0,0.0,2
2024-03-31,3,0,3,0,4,1,-1,1,-1,7,strong,0.1746063650188352,-1,45,64,-1.0,-1.0,1.0,0.0,0.0,2
2024-04-01,3,0,0,0,4,1,-1,1,1,7,strong,0.14841525340615624,-1,45,65,-1.0,-1.0,1.0,0.0,0.0,3
2024-04-02,5,0,0,0,4,1,-1,1,1,5,mixed,0.08618057314127714,-1,45,66,-1.0,-1.0,1.0,0.0,0.0,3
2024-04-03,5,0,0,0,4,1,-1,1,1,5,mixed,0.08780596537864194,-1,45,67,-1.0,-1.0,1.0,0.0,0.0,3
2024-04-04,3,0,0,0,4,1,-1,1,1,6,lean,0.11567815957696359,-1,45,68,-1.0,-1.0,1.0,0.0,0.0,3
2024-04-05,3,0,3,1,4,1,-1,1,-1,7,strong,0.1004698158631191,-1,45,69,-1.0,-1.0,1.0,0.0,0.0,2
2024-04-06,3,0,0,1,4,1,-1,1,1,7,strong,0.10820004549729867,-1,45,70,-1.0,-1.0,-1.0,0.0,0.0,3
2024-04-07,3,0,0,1,4,1,-1,1,1,7,strong,0.10819141774847285,-1,45,71,-1.0,-1.0,-1.0,0.0,0.0,3
2024-04-08,3,0,0,1,4,1,-1,1,1,8,unanimous,0.13567501751044353,-1,45,72,-1.0,-1.0,-1.0,0.0,0.0,3
2024-04-09,3,0,3,1,4,1,-1,1,-1,7,strong,0.09340738920503389,-1,45,73,-1.0,-1.0,-1.0,0.0,0.0,2
2024-04-10,3,0,3,1,4,1,-1,1,-1,7,strong,0.10688515893958528,-1,45,74,-1.0,-1.0,-1.0,0.0,0.0,2
2024-04-11,3,0,0,1,4,1,-1,1,1,8,unanimous,0.09477022658585554,-1,45,75,-1.0,1.0,-1.0,0.0,0.0,3
2024-04-12,3,0,3,1,4,1,-1,1,-1,6,lean,0.0511072981492654,-1,45,76,-1.0,1.0,-1.0,0.0,0.0,2
2024-04-13,5,4,5,4,4,-1,-1,-1,-1,3,mixed,0.0036980671023465472,-1,45,1,-1.0,1.0,-1.0,0.0,1.0,4
2024-04-14,5,4,5,1,4,1,-1,-1,-1,4,mixed,0.022481976517760294,-1,45,1,-1.0,1.0,-1.0,0.0,0.0,1
2024-04-15,5,4,5,4,4,-1,-1,-1,-1,3,mixed,0.0168460376324171,-1,45,1,-1.0,1.0,-1.0,0.0,1.0,4
2024-04-16,5,4,4,4,4,-1,-1,-1,-1,3,mixed,0.0136930224665468,-1,45,2,-1.0,1.0,-1.0,0.0,1.0,4
2024-04-17,5,0,5,4,4,-1,-1,1,-1,3,mixed,0.05899245002891318,-1,45,3,-1.0,1.0,-1.0,0.0,1.0,3
2024-04-18,4,0,0,4,4,-1,-1,1,1,3,mixed,0.02415191522067639,-1,45,4,-1.0,1.0,-1.0,0.0,1.0,2
2024-04-19,4,4,4,5,4,-1,-1,-1,-1,3,mixed,0.021960128010265922,-1,45,5,-1.0,1.0,-1.0,0.0,1.0,4
2024-04-20,4,0,0,5,4,-1,-1,1,1,3,mixed,0.006878310872663329,-1,45,6,-1.0,1.0,-1.0,0.0,1.0,2
2024-04-21,4,0,0,5,4,-1,-1,1,1,3,mixed,0.011363892141970977,-1,45,7,1.0,1.0,-1.0,1.0,1.0,2
2024-04-22,4,0,0,2,4,1,-1,1,1,6,lean,0.020807230857687764,-1,45,1,1.0,1.0,-1.0,1.0,0.0,3
2024-04-23,4,0,0,2,4,1,-1,1,1,6,lean,0.038938517535788586,-1,45,2,1.0,1.0,-1.0,1.0,0.0,3
2024-04-24,4,0,0,5,4,-1,-1,1,1,3,mixed,0.022742667436286057,-1,45,1,1.0,1.0,-1.0,1.0,1.0,2
2024-04-25,4,0,0,2,4,1,-1,1,1,4,mixed,0.016368922944897668,-1,45,1,1.0,1.0,-1.0,1.0,0.0,3
2024-04-26,4,0,0,5,4,-1,-1,1,1,3,mixed,0.0008868745145165224,-1,45,1,1.0,1.0,-1.0,1.0,1.0,2
2024-04-27,4,0,0,0,4,1,-1,1,1,4,mixed,0.033782375441168355,-1,45,1,1.0,1.0,-1.0,1.0,0.0,3
2024-04-28,4,0,0,3,4,-1,-1,1,1,3,mixed,0.006330264423682452,-1,45,1,1.0,1.0,-1.0,1.0,1.0,2
2024-04-29,4,0,0,3,4,-1,-1,1,1,3,mixed,3.836428164238903e-05,-1,45,2,1.0,1.0,-1.0,1.0,1.0,2
2024-04-30,4,0,4,3,4,-1,-1,1,-1,2,lean,0.06652282949347965,-1,45,3,1.0,1.0,-1.0,1.0,1.0,3
2024-05-01,4,0,4,3,4,-1,-1,1,-1,1,strong,0.10163406304540246,1,46,4,1.0,1.0,-1.0,0.0,0.0,3
2024-05-02,4,0,0,3,4,-1,-1,1,1,1,strong,0.07747429021300611,1,46,5,1.0,1.0,-1.0,0.0,0.0,2
2024-05-03,4,0,4,3,4,-1,-1,1,-1,2,lean,0.014813788346909718,1,46,6,1.0,1.0,-1.0,0.0,0.0,3
2024-05-04,4,0,4,0,4,1,-1,1,-1,4,mixed,0.001412918402831198,1,46,1,1.0,1.0,-1.0,0.0,1.0,2
2024-05-05,4,0,0,0,4,1,-1,1,1,4,mixed,0.009447308651736153,1,46,2,1.0,1.0,-1.0,0.0,1.0,3
2024-05-06,4,0,0,3,4,-1,-1,1,1,2,lean,0.009394439232629948,1,46,1,1.0,1.0,-1.0,0.0,0.0,2
2024-05-07,4,0,4,3,4,-1,-1,1,-1,3,mixed,0.017395161825507266,1,46,2,1.0,1.0,-1.0,0.0,0.0,3
2024-05-08,4,0,4,3,4,-1,-1,1,-1,2,lean,0.035825470010738325,1,46,3,1.0,1.0,-1.0,0.0,0.0,3
2024-05-09,4,0,4,3,4,-1,-1,1,-1,2,lean,0.012548146652053616,1,46,4,1.0,1.0,-1.0,0.0,0.0,3
2024-05-10,4,0,4,4,4,-1,-1,1,-1,2,lean,0.03857596091343374,1,46,5,1.0,1.0,-1.0,0.0,0.0,3
2024-05-11,4,0,0,3,4,-1,-1,1,1,2,lean,0.03498115543285496,1,46,6,1.0,1.0,-1.0,0.0,0.0,2
2024-05-12,4,0,0,3,4,-1,-1,1,1,2,lean,0.018777496926903225,1,46,7,1.0,1.0,-1.0,0.0,0.0,2
2024-05-13,4,0,4,0,4,1,-1,1,-1,4,mixed,0.00018462660867502034,1,46,1,1.0,1.0,-1.0,0.0,1.0,2
2024-05-14,4,0,4,3,4,-1,-1,1,-1,1,strong,0.03799476237178023,1,46,1,1.0,1.0,-1.0,0.0,0.0,3
2024-05-15,4,3,4,0,4,1,-1,-1,-1,8,unanimous,0.03374745748145036,1,46,1,1.0,1.0,-1.0,0.0,1.0,1
2024-05-16,4,4,4,0,4,1,-1,-1,-1,6,lean,0.03172746617594702,1,46,2,1.0,-1.0,-1.0,0.0,1.0,1
2024-05-17,0,4,4,0,4,1,1,-1,-1,7,strong,0.06349596276891378,1,46,3,1.0,-1.0,-1.0,0.0,1.0,2
2024-05-18,0,3,0,0,4,1,1,-1,1,8,unanimous,0.06559816690950748,1,46,4,1.0,-1.0,-1.0,0.0,1.0,3
2024-05-19,0,4,0,0,4,1,1,-1,1,7,strong,0.04623499613133186,1,46,5,1.0,-1.0,-1.0,0.0,1.0,3
2024-05-20,0,3,0,0,4,1,1,-1,1,8,unanimous,0.1181068570851197,1,46,6,1.0,-1.0,-1.0,0.0,1.0,3
2024-05-21,0,2,0,0,4,1,1,1,1,8,unanimous,0.0927009378186524,1,46,7,1.0,-1.0,-1.0,0.0,1.0,4
2024-05-22,0,3,0,0,4,1,1,-1,1,8,unanimous,0.0764399168392248,1,46,8,1.0,-1.0,-1.0,0.0,1.0,3
2024-05-23,0,4,0,0,4,1,1,-1,1,8,unanimous,0.05777551363713462,1,46,9,1.0,-1.0,-1.0,0.0,1.0,3
2024-05-24,0,3,0,1,4,1,1,-1,1,7,strong,0.06515807910891058,1,46,10,1.0,-1.0,-1.0,0.0,1.0,3
2024-05-25,0,3,0,1,4,1,1,-1,1,7,strong,0.0707613568343628,1,46,11,1.0,-1.0,-1.0,0.0,1.0,3
2024-05-26,0,3,0,1,4,1,1,-1,1,7,strong,0.05809728814304704,1,46,12,-1.0,-1.0,-1.0,1.0,1.0,3
2024-05-27,0,3,0,1,4,1,1,-1,1,7,strong,0.06754021093633478,1,46,13,-1.0,-1.0,-1.0,1.0,1.0,3
2024-05-28,0,0,0,1,4,1,1,1,1,7,strong,0.0499899154160417,1,46,14,-1.0,-1.0,-1.0,1.0,1.0,4
2024-05-29,0,0,0,1,4,1,1,1,1,7,strong,0.03742570890474772,1,46,15,-1.0,-1.0,-1.0,1.0,1.0,4
2024-05-30,0,0,0,1,4,1,1,1,1,6,lean,0.046245592141420766,1,46,16,-1.0,-1.0,-1.0,1.0,1.0,4
2024-05-31,0,0,0,1,4,1,1,1,1,6,lean,0.03142731636205509,1,46,17,-1.0,-1.0,-1.0,1.0,1.0,4
2024-06-01,0,0,0,1,4,1,1,1,1,7,strong,0.033378630420996425,1,46,18,-1.0,-1.0,-1.0,1.0,1.0,4
2024-06-02,0,0,0,1,4,1,1,1,1,7,strong,0.03278182168965127,1,46,19,-1.0,-1.0,-1.0,1.0,1.0,4
2024-06-03,0,0,0,1,4,1,1,1,1,8,unanimous,0.047773354739902296,1,46,20,-1.0,-1.0,-1.0,1.0,1.0,4
2024-06-04,0,0,0,1,4,1,1,1,1,8,unanimous,0.06414518563440363,1,46,21,-1.0,-1.0,-1.0,1.0,1.0,4
2024-06-05,0,0,0,1,4,1,1,1,1,8,unanimous,0.07766080312972823,-1,47,22,-1.0,-1.0,-1.0,0.0,0.0,4
2024-06-06,0,0,0,1,4,1,1,1,1,8,unanimous,0.06236143250311543,-1,47,23,-1.0,-1.0,-1.0,0.0,0.0,4
2024-06-07,0,2,0,2,4,1,1,1,1,7,strong,0.04203164077541188,-1,47,24,-1.0,-1.0,-1.0,0.0,0.0,4
2024-06-08,0,0,0,2,4,1,1,1,1,8,unanimous,0.04368187670151491,-1,47,25,-1.0,-1.0,-1.0,0.0,0.0,4
2024-06-09,0,0,0,2,4,1,1,1,1,6,lean,0.044055532447718426,-1,47,26,-1.0,-1.0,-1.0,0.0,0.0,4
2024-06-10,0,0,0,2,4,1,1,1,1,6,lean,0.04108220067045687,-1,47,27,-1.0,-1.0,-1.0,0.0,0.0,4
2024-06-11,0,0,0,2,4,1,1,1,1,5,mixed,0.009080039239057647,-1,47,28,-1.0,-1.0,-1.0,0.0,0.0,4
2024-06-12,0,0,0,2,4,1,1,1,1,7,strong,0.022429539501627183,-1,47,29,-1.0,-1.0,-1.0,0.0,0.0,4
2024-06-13,0,0,0,2,4,1,1,1,1,4,mixed,1.4694946325333191e-05,-1,47,30,-1.0,-1.0,-1.0,0.0,0.0,4
2024-06-14,4,0,0,5,4,-1,-1,1,1,3,mixed,0.011375137362246601,-1,47,1,-1.0,-1.0,-1.0,0.0,1.0,2
2024-06-15,4,0,0,3,4,-1,-1,1,1,3,mixed,0.008486693657732802,-1,47,2,-1.0,-1.0,-1.0,0.0,1.0,2
2024-06-16,4,0,0,3,4,-1,-1,1,1,3,mixed,0.0013864527174221042,-1,47,3,-1.0,-1.0,-1.0,0.0,1.0,2
2024-06-17,4,0,0,3,4,-1,-1,1,1,3,mixed,0.003344182181249211,-1,47,4,-1.0,-1.0,-1.0,0.0,1.0,2
2024-06-18,4,0,0,3,4,-1,-1,1,1,2,lean,0.02373869066411216,-1,47,5,-1.0,-1.0,-1.0,0.0,1.0,2
2024-06-19,4,0,0,3,4,-1,-1,1,1,1,strong,0.025496624065786122,-1,47,6,-1.0,-1.0,-1.0,0.0,1.0,2
2024-06-20,4,0,0,3,4,-1,-1,1,1,1,strong,0.026562948937711495,-1,47,7,-1.0,-1.0,-1.0,0.0,1.0,2
2024-06-21,4,0,0,3,4,-1,-1,1,1,1,strong,0.04277134217262657,-1,47,8,-1.0,-1.0,-1.0,0.0,1.0,2
2024-06-22,4,0,0,3,4,-1,-1,1,1,1,strong,0.033534768181724184,-1,47,9,-1.0,-1.0,-1.0,0.0,1.0,2
2024-06-23,4,0,4,3,4,-1,-1,1,-1,1,strong,0.05002696898610193,-1,47,10,-1.0,-1.0,-1.0,0.0,1.0,3
2024-06-24,4,4,4,3,4,-1,-1,-1,-1,1,strong,0.09512152730299461,-1,47,11,-1.0,-1.0,-1.0,0.0,1.0,4
2024-06-25,4,4,4,3,4,-1,-1,-1,-1,1,strong,0.07097135960411549,-1,47,12,-1.0,-1.0,-1.0,0.0,1.0,4
2024-06-26,4,4,4,3,4,-1,-1,-1,-1,1,strong,0.08533454077363145,-1,47,13,-1.0,-1.0,-1.0,0.0,1.0,4
2024-06-27,4,4,4,3,4,-1,-1,-1,-1,1,strong,0.0672806715551666,-1,47,14,-1.0,-1.0,-1.0,0.0,1.0,4
2024-06-28,4,4,4,4,4,-1,-1,-1,-1,1,strong,0.08000831432766664,-1,47,15,-1.0,-1.0,-1.0,0.0,1.0,4
2024-06-29,4,4,4,4,4,-1,-1,-1,-1,2,lean,0.06689264740762102,-1,47,16,-1.0,-1.0,-1.0,0.0,1.0,4
2024-06-30,4,4,4,4,4,-1,-1,-1,-1,2,lean,0.03430794266082082,-1,47,17,-1.0,-1.0,-1.0,0.0,1.0,4
2024-07-01,4,4,4,4,4,-1,-1,-1,-1,2,lean,0.019796015029607927,-1,47,18,-1.0,-1.0,-1.0,0.0,1.0,4
2024-07-02,4,4,4,4,4,-1,-1,-1,-1,1,strong,0.03584713504793746,-1,47,19,-1.0,-1.0,-1.0,0.0,1.0,4
2024-07-03,4,4,4,4,4,-1,-1,-1,-1,1,strong,0.06178009784658056,-1,47,20,-1.0,-1.0,-1.0,0.0,1.0,4
2024-07-04,4,4,4,4,4,-1,-1,-1,-1,0,unanimous,0.12379280491573863,-1,47,21,-1.0,-1.0,-1.0,0.0,1.0,4
2024-07-05,5,4,4,4,4,-1,-1,-1,-1,0,unanimous,0.11470705593879527,-1,47,22,-1.0,-1.0,-1.0,0.0,1.0,4
2024-07-06,4,4,4,4,4,-1,-1,-1,-1,0,unanimous,0.06914292697444258,-1,47,23,-1.0,-1.0,-1.0,0.0,1.0,4
2024-07-07,4,4,4,4,4,-1,-1,-1,-1,0,unanimous,0.10433061993564463,-1,47,24,-1.0,-1.0,-1.0,0.0,1.0,4
2024-07-08,4,4,4,4,4,-1,-1,-1,-1,0,unanimous,0.11189229087855512,-1,47,25,-1.0,-1.0,1.0,0.0,1.0,4
2024-07-09,4,4,4,4,4,-1,-1,-1,-1,0,unanimous,0.049615423516275126,-1,47,26,-1.0,-1.0,1.0,0.0,1.0,4
2024-07-10,4,4,4,4,4,-1,-1,-1,-1,0,unanimous,0.08547945116515754,-1,47,27,-1.0,-1.0,1.0,0.0,1.0,4
2024-07-11,4,4,4,4,4,-1,-1,-1,-1,0,unanimous,0.09603408595656582,-1,47,28,-1.0,-1.0,1.0,0.0,1.0,4
2024-07-12,4,4,4,5,4,-1,-1,-1,-1,0,unanimous,0.08639085678077629,-1,47,29,-1.0,-1.0,1.0,0.0,1.0,4
2024-07-13,4,0,0,5,4,-1,-1,1,1,1,strong,0.03918216123318152,-1,47,30,-1.0,-1.0,1.0,0.0,1.0,2
2024-07-14,4,0,0,2,4,1,-1,1,1,4,mixed,0.008396075615253462,-1,47,1,-1.0,-1.0,1.0,0.0,0.0,3
2024-07-15,5,4,5,2,4,1,-1,-1,-1,7,strong,0.047256120233936105,-1,47,2,-1.0,-1.0,1.0,0.0,0.0,1
2024-07-16,1,5,5,2,4,1,1,-1,-1,7,strong,0.06583807734473779,-1,47,3,-1.0,-1.0,1.0,0.0,0.0,2
2024-07-17,0,5,5,0,4,1,1,-1,-1,5,mixed,0.03920835173433879,-1,47,4,-1.0,-1.0,1.0,0.0,0.0,2
2024-07-18,0,5,0,0,4,1,1,-1,1,5,mixed,0.057115795395851654,-1,47,5,-1.0,-1.0,1.0,0.0,0.0,3
2024-07-19,1,5,5,0,4,1,1,-1,-1,7,strong,0.08728472051435199,-1,47,6,-1.0,-1.0,1.0,0.0,0.0,2
2024-07-20,0,0,0,0,4,1,1,1,1,7,strong,0.07312377199809328,-1,47,7,-1.0,-1.0,1.0,0.0,0.0,4
2024-07-21,0,5,0,0,4,1,1,-1,1,7,strong,0.0866626531155057,-1,47,8,-1.0,-1.0,1.0,0.0,0.0,3
2024-07-22,1,5,5,0,4,1,1,-1,-1,7,strong,0.08221075419562696,-1,47,9,-1.0,-1.0,1.0,0.0,0.0,2
2024-07-23,1,5,5,0,4,1,1,-1,-1,7,strong,0.07140069917380676,-1,47,10,-1.0,-1.0,1.0,0.0,0.0,2
2024-07-24,0,5,5,0,4,1,1,-1,-1,7,strong,0.05630368261031282,-1,47,11,-1.0,-1.0,1.0,0.0,0.0,2
2024-07-25,1,5,1,0,4,1,1,-1,1,7,strong,0.05371555325198574,-1,47,12,-1.0,-1.0,1.0,0.0,0.0,3
2024-07-26,1,5,1,0,4,1,1,-1,1,7,strong,0.07905607675115078,-1,47,13,-1.0,-1.0,1.0,0.0,0.0,3
2024-07-27,1,0,1,0,4,1,1,1,1,7,strong,0.06835296227521037,-1,47,14,-1.0,-1.0,1.0,0.0,0.0,4
2024-07-28,1,0,0,0,4,1,1,1,1,8,unanimous,0.06582774064951236,-1,47,15,-1.0,-1.0,1.0,0.0,0.0,4
2024-07-29,1,0,1,0,4,1,1,1,1,7,strong,0.03769274120777977,-1,47,16,-1.0,-1.0,1.0,0.0,0.0,4
2024-07-30,1,0,0,1,4,1,1,1,1,6,lean,0.028868267785221002,-1,47,17,-1.0,-1.0,1.0,0.0,0.0,4
2024-07-31,0,0,0,1,4,1,1,1,1,5,mixed,0.005491662643753559,-1,47,18,-1.0,-1.0,1.0,0.0,0.0,4
2024-08-01,1,0,0,1,4,1,1,1,1,5,mixed,0.01753751024353023,-1,47,19,-1.0,-1.0,1.0,0.0,0.0,4
2024-08-02,5,0,5,4,4,-1,-1,1,-1,2,lean,0.04457859337211678,-1,47,1,-1.0,-1.0,1.0,0.0,1.0,3
2024-08-03,5,0,5,4,4,-1,-1,1,-1,0,unanimous,0.05467426347314608,-1,47,2,-1.0,-1.0,1.0,0.0,1.0,3
2024-08-04,5,0,5,4,4,-1,-1,1,-1,0,unanimous,0.10985557978489657,-1,47,3,-1.0,-1.0,1.0,0.0,1.0,3
2024-08-05,5,0,5,4,4,-1,-1,1,-1,0,unanimous,0.1936683514220412,-1,47,4,-1.0,-1.0,1.0,0.0,1.0,3
2024-08-06,5,0,5,4,4,-1,-1,1,-1,0,unanimous,0.1442772408230586,-1,47,5,-1.0,-1.0,1.0,0.0,1.0,3
2024-08-07,5,0,5,4,4,-1,-1,1,-1,0,unanimous,0.16258437726050134,-1,47,6,-1.0,-1.0,1.0,0.0,1.0,3
2024-08-08,5,0,5,4,4,-1,-1,1,-1,0,unanimous,0.03388692769099144,-1,47,7,-1.0,-1.0,1.0,0.0,1.0,3
2024-08-09,5,0,0,4,4,-1,-1,1,1,0,unanimous,0.04326804441960452,-1,47,8,-1.0,-1.0,1.0,0.0,1.0,2
2024-08-10,5,0,0,4,4,-1,-1,1,1,0,unanimous,0.035861373323055945,-1,47,9,-1.0,-1.0,1.0,0.0,1.0,2
2024-08-11,5,0,0,4,4,-1,-1,1,1,0,unanimous,0.06918460922864855,-1,47,10,-1.0,-1.0,1.0,0.0,1.0,2
2024-08-12,5,0,0,4,4,-1,-1,1,1,0,unanimous,0.050851428667064935,-1,47,11,-1.0,-1.0,1.0,0.0,1.0,2
2024-08-13,5,0,0,5,4,-1,-1,1,1,0,unanimous,0.02722982320991907,-1,47,12,-1.0,-1.0,1.0,0.0,1.0,2
2024-08-14,5,0,0,5,4,-1,-1,1,1,1,strong,0.05836301399510235,-1,47,13,-1.0,-1.0,1.0,0.0,1.0,2
2024-08-15,5,2,5,3,4,-1,-1,1,-1,1,strong,0.07870401931412219,-1,47,14,-1.0,-1.0,1.0,0.0,1.0,3
2024-08-16,5,0,0,3,4,-1,-1,1,1,1,strong,0.055015263306283035,-1,47,15,-1.0,-1.0,1.0,0.0,1.0,2
2024-08-17,4,0,0,3,4,-1,-1,1,1,1,strong,0.045584780913580536,-1,47,16,-1.0,1.0,1.0,0.0,1.0,2
2024-08-18,4,0,0,3,4,-1,-1,1,1,0,unanimous,0.06401805276503492,-1,47,17,-1.0,1.0,1.0,0.0,1.0,2
2024-08-19,4,0,0,3,4,-1,-1,1,1,0,unanimous,0.046283299096305575,-1,47,18,-1.0,1.0,1.0,0.0,1.0,2
2024-08-20,4,0,0,3,4,-1,-1,1,1,0,unanimous,0.05573883256873735,-1,47,19,-1.0,1.0,1.0,0.0,1.0,2
2024-08-21,4,0,0,3,4,-1,-1,1,1,2,lean,0.018887601291275535,-1,47,20,-1.0,1.0,1.0,0.0,1.0,2
2024-08-22,4,0,0,3,4,-1,-1,1,1,2,lean,0.01711029469321912,-1,47,21,-1.0,1.0,1.0,0.0,1.0,2
2024-08-23,5,0,5,0,4,1,-1,1,-1,8,unanimous,0.05326930419660225,-1,47,1,-1.0,1.0,1.0,0.0,0.0,2
2024-08-24,0,0,0,0,4,1,1,1,1,8,unanimous,0.04309008895686295,-1,47,2,-1.0,1.0,1.0,0.0,0.0,4
2024-08-25,0,3,0,0,4,1,1,-1,1,8,unanimous,0.054750064468094606,-1,47,3,-1.0,1.0,1.0,0.0,0.0,3
2024-08-26,0,0,0,0,4,1,1,1,1,6,lean,0.021688968717752166,-1,47,4,-1.0,1.0,1.0,0.0,0.0,4
2024-08-27,0,0,0,3,4,-1,1,1,1,2,lean,0.017996466010062884,-1,47,1,1.0,1.0,1.0,1.0,1.0,1
2024-08-28,5,0,0,4,4,-1,-1,1,1,1,strong,0.04250844140270571,-1,47,2,1.0,1.0,1.0,1.0,1.0,2
2024-08-29,0,0,0,4,4,-1,1,1,1,0,unanimous,0.035137327556592934,-1,47,3,1.0,1.0,1.0,1.0,1.0,1
2024-08-30,0,0,0,4,4,-1,1,1,1,1,strong,0.03884906791120901,-1,47,4,1.0,1.0,1.0,1.0,1.0,1
2024-08-31,4,0,0,4,4,-1,-1,1,1,1,strong,0.040647864876244943,-1,47,5,1.0,1.0,1.0,1.0,1.0,2
2024-09-01,4,0,0,4,4,-1,-1,1,1,0,unanimous,0.0533170474929856,-1,47,6,1.0,1.0,1.0,1.0,1.0,2
2024-09-02,4,0,0,4,4,-1,-1,1,1,1,strong,0.033354293923078426,-1,47,7,1.0,1.0,1.0,1.0,1.0,2
2024-09-03,4,0,0,4,4,-1,-1,1,1,1,strong,0.060633102901878955,-1,47,8,1.0,1.0,1.0,1.0,1.0,2
2024-09-04,0,0,0,4,4,-1,1,1,1,1,strong,0.046108158947069544,-1,47,9,1.0,1.0,1.0,1.0,1.0,1
2024-09-05,4,0,0,4,4,-1,-1,1,1,1,strong,0.07534937964806043,-1,47,10,1.0,1.0,1.0,1.0,1.0,2
2024-09-06,5,0,0,4,4,-1,-1,1,1,0,unanimous,0.1102594853709149,1,48,11,1.0,1.0,1.0,0.0,0.0,2
2024-09-07,4,0,0,4,4,-1,-1,1,1,0,unanimous,0.1019350718611971,1,48,12,1.0,1.0,1.0,0.0,0.0,2
2024-09-08,4,0,0,4,4,-1,-1,1,1,0,unanimous,0.08389890437580227,1,48,13,1.0,1.0,1.0,0.0,0.0,2
2024-09-09,4,0,0,4,4,-1,-1,1,1,0,unanimous,0.0374883782454245,1,48,14,1.0,1.0,1.0,0.0,0.0,2
2024-09-10,4,0,0,4,4,-1,-1,1,1,0,unanimous,0.023062076788478603,1,48,15,1.0,1.0,1.0,0.0,0.0,2
2024-09-11,0,0,0,5,4,-1,1,1,1,1,strong,0.032938206733964304,1,48,16,1.0,1.0,1.0,0.0,0.0,1
2024-09-12,0,0,0,5,4,-1,1,1,1,0,unanimous,0.04577529742754205,1,48,17,1.0,1.0,1.0,0.0,0.0,1
2024-09-13,0,0,0,5,4,-1,1,1,1,3,mixed,0.007393415384846724,1,48,18,1.0,1.0,1.0,0.0,0.0,1
2024-09-14,0,0,0,5,4,-1,1,1,1,3,mixed,0.015620319985731657,1,48,19,1.0,1.0,1.0,0.0,0.0,1
2024-09-15,0,0,0,5,4,-1,1,1,1,3,mixed,0.028553229490098975,1,48,20,1.0,1.0,1.0,0.0,0.0,1
2024-09-16,0,0,0,3,4,-1,1,1,1,2,lean,0.02253941356550815,1,48,21,1.0,1.0,1.0,0.0,0.0,1
2024-09-17,0,0,0,0,4,1,1,1,1,4,mixed,0.020317607413482763,1,48,1,1.0,1.0,1.0,0.0,1.0,4
2024-09-18,0,0,0,0,4,1,1,1,1,6,lean,0.036683077859665514,1,48,2,1.0,1.0,1.0,0.0,1.0,4
2024-09-19,1,0,0,0,4,1,1,1,1,6,lean,0.060707860237698585,1,48,3,1.0,1.0,1.0,0.0,1.0,4
2024-09-20,0,0,0,0,4,1,1,1,1,6,lean,0.06326874824270134,1,48,4,1.0,1.0,1.0,0.0,1.0,4
2024-09-21,1,0,0,0,4,1,1,1,1,6,lean,0.06469898403211449,1,48,5,1.0,1.0,1.0,0.0,1.0,4
2024-09-22,0,0,0,0,4,1,1,1,1,6,lean,0.06730749914319145,1,48,6,1.0,1.0,1.0,0.0,1.0,4
2024-09-23,0,1,0,0,4,1,1,1,1,6,lean,0.04900984781281703,1,48,7,1.0,1.0,1.0,0.0,1.0,4
2024-09-24,0,1,0,0,4,1,1,1,1,7,strong,0.06682295643164116,1,48,8,1.0,1.0,1.0,0.0,1.0,4
2024-09-25,0,1,0,0,4,1,1,1,1,6,lean,0.05330634883278951,1,48,9,1.0,1.0,1.0,0.0,1.0,4
2024-09-26,1,1,1,0,4,1,1,1,1,7,strong,0.07945317751562919,1,48,10,1.0,1.0,1.0,0.0,1.0,4
2024-09-27,1,1,1,0,4,1,1,1,1,7,strong,0.08332679230585172,1,48,11,1.0,1.0,1.0,0.0,1.0,4
2024-09-28,1,1,1,0,4,1,1,1,1,7,strong,0.07398004164623562,1,48,12,1.0,1.0,1.0,0.0,1.0,4
2024-09-29,1,1,1,1,4,1,1,1,1,8,unanimous,0.07014413661435404,1,48,13,1.0,1.0,1.0,0.0,1.0,4
2024-09-30,2,1,1,1,4,1,1,1,1,6,lean,0.03606786973290488,1,48,14,1.0,1.0,1.0,0.0,1.0,4
2024-10-01,1,1,1,4,4,-1,1,1,1,3,mixed,0.00344911905701184,1,48,1,1.0,1.0,1.0,0.0,0.0,1
2024-10-02,2,1,1,4,4,-1,1,1,1,3,mixed,0.0007802477426706034,1,48,2,1.0,1.0,1.0,0.0,0.0,1
2024-10-03,2,1,1,1,4,1,1,1,1,4,mixed,0.0030958428694838336,1,48,1,1.0,1.0,1.0,0.0,1.0,4
2024-10-04,2,1,1,1,4,1,1,1,1,5,mixed,0.028404546072061998,1,48,2,1.0,1.0,1.0,0.0,1.0,4
2024-10-05,2,1,1,1,4,1,1,1,1,5,mixed,0.02901562454679818,1,48,3,1.0,1.0,1.0,0.0,1.0,4
2024-10-06,2,1,1,1,4,1,1,1,1,5,mixed,0.03837821628300797,1,48,4,1.0,1.0,1.0,0.0,1.0,4
2024-10-07,2,1,1,1,4,1,1,1,1,5,mixed,0.018549605203183384,1,48,5,1.0,1.0,1.0,0.0,1.0,4
2024-10-08,2,1,1,1,4,1,1,1,1,5,mixed,0.016967674250836118,1,48,6,1.0,1.0,1.0,0.0,1.0,4
2024-10-09,3,1,1,4,4,-1,-1,1,1,1,strong,0.00806111579076041,1,48,1,1.0,1.0,1.0,0.0,0.0,2
2024-10-10,3,1,1,4,4,-1,-1,1,1,1,strong,0.012963120465243616,1,48,2,1.0,1.0,1.0,0.0,0.0,2
2024-10-11,3,1,1,1,4,1,-1,1,1,5,mixed,0.0257519371863143,1,48,1,1.0,1.0,1.0,0.0,1.0,3
2024-10-12,3,1,1,1,4,1,-1,1,1,6,lean,0.03787115219356496,1,48,2,1.0,1.0,1.0,0.0,1.0,3
2024-10-13,3,0,3,2,4,1,-1,1,-1,6,lean,0.030290516013841917,1,48,3,1.0,1.0,1.0,0.0,1.0,2
2024-10-14,2,1,2,2,4,1,1,1,1,8,unanimous,0.07301160278234542,1,48,4,1.0,1.0,1.0,0.0,1.0,4
2024-10-15,1,1,1,2,4,1,1,1,1,8,unanimous,0.08523304155100508,1,48,5,1.0,1.0,1.0,0.0,1.0,4
2024-10-16,2,1,2,2,4,1,1,1,1,8,unanimous,0.08801363346556856,1,48,6,1.0,1.0,1.0,0.0,1.0,4
2024-10-17,2,1,2,2,4,1,1,1,1,8,unanimous,0.08000755222060119,1,48,7,1.0,1.0,1.0,0.0,1.0,4
2024-10-18,2,1,2,2,4,1,1,1,1,8,unanimous,0.09188733677757788,1,48,8,1.0,1.0,1.0,0.0,1.0,4
2024-10-19,2,1,2,2,4,1,1,1,1,8,unanimous,0.09690846015220933,1,48,9,1.0,1.0,1.0,0.0,1.0,4
2024-10-20,2,1,1,2,4,1,1,1,1,8,unanimous,0.10373956228128989,1,48,10,1.0,1.0,1.0,0.0,1.0,4
2024-10-21,2,1,1,2,4,1,1,1,1,8,unanimous,0.0805379783839929,1,48,11,1.0,1.0,1.0,0.0,1.0,4
2024-10-22,2,1,1,2,4,1,1,1,1,8,unanimous,0.06188087577966794,1,48,12,1.0,1.0,1.0,0.0,1.0,4
2024-10-23,2,1,1,2,4,1,1,1,1,8,unanimous,0.053901881394339934,1,48,13,1.0,1.0,1.0,0.0,1.0,4
2024-10-24,2,1,1,2,4,1,1,1,1,8,unanimous,0.07150191710378773,1,48,14,1.0,1.0,1.0,0.0,1.0,4
2024-10-25,2,1,1,2,4,1,1,1,1,7,strong,0.05644684333796901,1,48,15,1.0,1.0,1.0,0.0,1.0,4
2024-10-26,2,1,1,2,4,1,1,1,1,7,strong,0.06260928544007549,1,48,16,1.0,1.0,1.0,0.0,1.0,4
2024-10-27,2,1,1,2,4,1,1,1,1,8,unanimous,0.08380237954214798,1,48,17,1.0,1.0,1.0,0.0,1.0,4
2024-10-28,2,1,1,2,4,1,1,1,1,8,unanimous,0.10861786114199401,1,48,18,1.0,1.0,1.0,0.0,1.0,4
2024-10-29,1,1,1,2,4,1,1,1,1,8,unanimous,0.1405809143162986,1,48,19,1.0,1.0,1.0,0.0,1.0,4
2024-10-30,1,1,1,2,4,1,1,1,1,8,unanimous,0.13283329379429654,1,48,20,1.0,1.0,1.0,0.0,1.0,4
2024-10-31,2,1,1,2,4,1,1,1,1,8,unanimous,0.10297305331218709,1,48,21,1.0,1.0,1.0,0.0,1.0,4
2024-11-01,2,1,1,2,4,1,1,1,1,8,unanimous,0.09051844912318263,1,48,22,1.0,1.0,1.0,0.0,1.0,4
2024-11-02,2,1,1,2,4,1,1,1,1,8,unanimous,0.08532222420446933,1,48,23,1.0,1.0,1.0,0.0,1.0,4
2024-11-03,2,1,1,2,4,1,1,1,1,8,unanimous,0.07523783258768002,1,48,24,1.0,1.0,1.0,0.0,1.0,4
2024-11-04,2,1,1,2,4,1,1,1,1,7,strong,0.059416055230223086,1,48,25,1.0,1.0,1.0,0.0,1.0,4
2024-11-05,2,1,2,2,4,1,1,1,1,8,unanimous,0.07702160823632354,1,48,26,1.0,1.0,1.0,0.0,1.0,4
2024-11-06,1,1,1,2,4,1,1,1,1,8,unanimous,0.15023631929367787,1,48,27,1.0,1.0,1.0,0.0,1.0,4
2024-11-07,1,1,1,2,4,1,1,1,1,8,unanimous,0.1485677970619923,1,48,28,1.0,1.0,1.0,0.0,1.0,4
2024-11-08,1,1,1,2,4,1,1,1,1,8,unanimous,0.15151182291848198,1,48,29,1.0,1.0,1.0,0.0,1.0,4
2024-11-09,1,1,1,2,4,1,1,1,1,8,unanimous,0.14991952308833623,1,48,30,1.0,1.0,1.0,0.0,1.0,4
2024-11-10,1,1,1,2,4,1,1,1,1,8,unanimous,0.18486117551536718,1,48,31,1.0,1.0,1.0,0.0,1.0,4
2024-11-11,1,1,1,2,4,1,1,1,1,8,unanimous,0.2561973369871967,1,48,32,1.0,1.0,1.0,0.0,1.0,4
2024-11-12,1,1,1,2,4,1,1,1,1,8,unanimous,0.24470943506433984,1,48,33,1.0,1.0,1.0,0.0,1.0,4
2024-11-13,1,1,1,2,4,1,1,1,1,8,unanimous,0.2611630930300245,1,48,34,1.0,1.0,1.0,0.0,1.0,4
2024-11-14,1,1,1,2,4,1,1,1,1,8,unanimous,0.23619385828597728,1,48,35,1.0,1.0,1.0,0.0,1.0,4
2024-11-15,1,1,1,2,4,1,1,1,1,8,unanimous,0.2641085634227027,1,48,36,1.0,1.0,1.0,0.0,1.0,4
2024-11-16,1,1,1,2,4,1,1,1,1,8,unanimous,0.24988472141403795,1,48,37,1.0,1.0,1.0,0.0,1.0,4
2024-11-17,1,1,1,2,4,1,1,1,1,8,unanimous,0.232430345022836,1,48,38,1.0,1.0,1.0,0.0,1.0,4
2024-11-18,1,1,1,2,4,1,1,1,1,8,unanimous,0.2333007692078175,1,48,39,1.0,1.0,1.0,0.0,1.0,4
2024-11-19,1,1,1,2,4,1,1,1,1,8,unanimous,0.24323522720125035,1,48,40,1.0,1.0,1.0,0.0,1.0,4
2024-11-20,1,1,1,2,4,1,1,1,1,8,unanimous,0.2557179832975238,1,48,41,1.0,1.0,1.0,0.0,1.0,4
2024-11-21,1,1,1,2,4,1,1,1,1,8,unanimous,0.294628073446666,1,48,42,1.0,1.0,1.0,0.0,1.0,4
2024-11-22,1,1,1,2,4,1,1,1,1,8,unanimous,0.3000918345532301,1,48,43,1.0,1.0,-1.0,0.0,1.0,4
2024-11-23,1,1,1,2,4,1,1,1,1,8,unanimous,0.2969622768325848,1,48,44,1.0,1.0,-1.0,0.0,1.0,4
2024-11-24,1,1,1,2,4,1,1,1,1,8,unanimous,0.30814340675330465,1,48,45,1.0,1.0,-1.0,0.0,1.0,4
2024-11-25,1,1,1,2,4,1,1,1,1,8,unanimous,0.2550177081761711,1,48,46,1.0,1.0,-1.0,0.0,1.0,4
2024-11-26,1,1,1,2,4,1,1,1,1,8,unanimous,0.19895877462450728,1,48,47,1.0,1.0,-1.0,0.0,1.0,4
2024-11-27,1,1,1,2,4,1,1,1,1,8,unanimous,0.22754885520704338,1,48,48,1.0,1.0,-1.0,0.0,1.0,4
2024-11-28,2,1,1,2,4,1,1,1,1,8,unanimous,0.21967107712013667,1,48,49,1.0,1.0,-1.0,0.0,1.0,4
2024-11-29,2,1,1,2,4,1,1,1,1,8,unanimous,0.228534172393991,1,48,50,1.0,1.0,-1.0,0.0,1.0,4
2024-11-30,2,1,1,2,4,1,1,1,1,8,unanimous,0.2139996645255141,1,48,51,1.0,1.0,-1.0,0.0,1.0,4
2024-12-01,2,1,1,2,4,1,1,1,1,7,strong,0.21447152082884968,1,48,52,1.0,1.0,-1.0,0.0,1.0,4
2024-12-02,2,1,1,0,4,1,1,1,1,7,strong,0.19642424740759035,1,48,53,1.0,1.0,-1.0,0.0,1.0,4
2024-12-03,2,1,1,0,4,1,1,1,1,7,strong,0.19160281787267652,1,48,54,1.0,1.0,-1.0,0.0,1.0,4
2024-12-04,2,1,1,0,4,1,1,1,1,8,unanimous,0.2084253838827188,1,48,55,1.0,1.0,-1.0,0.0,1.0,4
2024-12-05,2,1,1,0,4,1,1,1,1,8,unanimous,0.1842937698932463,1,48,56,1.0,1.0,-1.0,0.0,1.0,4
2024-12-06,2,1,1,0,4,1,1,1,1,8,unanimous,0.20562717320003665,1,48,57,1.0,1.0,-1.0,0.0,1.0,4
2024-12-07,2,1,1,0,4,1,1,1,1,8,unanimous,0.19923825592600464,1,48,58,1.0,1.0,-1.0,0.0,1.0,4
2024-12-08,2,1,1,0,4,1,1,1,1,8,unanimous,0.20303476145788546,1,48,59,1.0,1.0,-1.0,0.0,1.0,4
2024-12-09,2,1,1,0,4,1,1,1,1,7,strong,0.1647995728506111,1,48,60,1.0,1.0,-1.0,0.0,1.0,4
2024-12-10,2,1,1,0,4,1,1,1,1,7,strong,0.1521231481182369,1,48,61,1.0,1.0,-1.0,0.0,1.0,4
2024-12-11,2,1,1,0,4,1,1,1,1,8,unanimous,0.18420594530945045,1,48,62,1.0,1.0,-1.0,0.0,1.0,4
2024-12-12,3,1,1,0,4,1,-1,1,1,8,unanimous,0.16849877566417626,1,48,63,1.0,1.0,-1.0,0.0,1.0,3
2024-12-13,3,1,1,0,4,1,-1,1,1,8,unanimous,0.17442629669770626,1,48,64,1.0,1.0,-1.0,0.0,1.0,3
2024-12-14,3,0,3,0,4,1,-1,1,-1,8,unanimous,0.16796898922168524,1,48,65,1.0,1.0,-1.0,0.0,1.0,2
2024-12-15,2,1,1,1,4,1,1,1,1,8,unanimous,0.18582240144664175,1,48,66,1.0,1.0,-1.0,0.0,1.0,4
2024-12-16,2,1,2,1,4,1,1,1,1,8,unanimous,0.1932161408476234,1,48,67,1.0,1.0,-1.0,0.0,1.0,4
2024-12-17,2,1,1,1,4,1,1,1,1,8,unanimous,0.18805303725593348,1,48,68,1.0,1.0,-1.0,0.0,1.0,4
2024-12-18,3,5,1,1,4,1,-1,-1,1,7,strong,0.13215207692930486,1,48,69,1.0,1.0,-1.0,0.0,1.0,2
2024-12-19,3,5,5,1,4,1,-1,-1,-1,7,strong,0.10405080665907829,1,48,70,1.0,1.0,-1.0,0.0,1.0,1
2024-12-20,3,5,5,1,4,1,-1,-1,-1,7,strong,0.10125654643487214,1,48,71,1.0,1.0,-1.0,0.0,1.0,1
2024-12-21,3,0,0,1,4,1,-1,1,1,5,mixed,0.0910474486014734,1,48,72,1.0,1.0,-1.0,0.0,1.0,3
2024-12-22,3,0,0,1,4,1,-1,1,1,4,mixed,0.0653001525043796,1,48,73,1.0,1.0,-1.0,0.0,1.0,3
2024-12-23,3,0,0,1,4,1,-1,1,1,4,mixed,0.056343936637934466,1,48,74,1.0,1.0,-1.0,0.0,1.0,3
2024-12-24,3,0,0,1,4,1,-1,1,1,5,mixed,0.08968259418998226,1,48,75,1.0,1.0,-1.0,0.0,1.0,3
2024-12-25,3,0,0,1,4,1,-1,1,1,6,lean,0.08999061608293812,1,48,76,1.0,1.0,-1.0,0.0,1.0,3
2024-12-26,3,0,0,1,4,1,-1,1,1,4,mixed,0.05115712201539635,1,48,77,1.0,1.0,-1.0,0.0,1.0,3
2024-12-27,3,0,0,0,4,1,-1,1,1,4,mixed,0.03006632297869205,1,48,78,1.0,1.0,-1.0,0.0,1.0,3
2024-12-28,3,0,0,0,4,1,-1,1,1,4,mixed,0.03642974337504312,1,48,79,1.0,1.0,-1.0,0.0,1.0,3
2024-12-29,3,0,0,0,4,1,-1,1,1,4,mixed,0.015462812256955338,1,48,80,1.0,1.0,-1.0,0.0,1.0,3
2024-12-30,3,0,3,0,4,1,-1,1,-1,4,mixed,0.001770821125742561,1,48,81,1.0,1.0,-1.0,0.0,1.0,2
2024-12-31,3,0,3,0,4,1,-1,1,-1,4,mixed,0.005966997165847143,1,48,82,1.0,1.0,-1.0,0.0,1.0,2
2025-01-01,3,0,0,0,4,1,-1,1,1,4,mixed,0.012062042452812394,1,48,83,1.0,-1.0,-1.0,0.0,1.0,3
2025-01-02,3,0,0,0,4,1,-1,1,1,5,mixed,0.032726632142741185,1,48,84,1.0,-1.0,-1.0,0.0,1.0,3
2025-01-03,3,0,0,0,4,1,-1,1,1,6,lean,0.03973738771687574,1,48,85,1.0,-1.0,-1.0,0.0,1.0,3
2025-01-04,3,0,0,0,4,1,-1,1,1,6,lean,0.03603637867663023,1,48,86,1.0,-1.0,-1.0,0.0,1.0,3
2025-01-05,3,0,0,0,4,1,-1,1,1,7,strong,0.03291268885654852,1,48,87,1.0,-1.0,-1.0,0.0,1.0,3
2025-01-06,3,4,4,0,4,1,-1,-1,-1,7,strong,0.07752130626102338,1,48,88,1.0,-1.0,-1.0,0.0,1.0,1
2025-01-07,3,4,4,0,4,1,-1,-1,-1,6,lean,0.01814614513208257,1,48,89,1.0,-1.0,-1.0,0.0,1.0,1
2025-01-08,3,4,4,0,4,1,-1,-1,-1,4,mixed,0.015922146194370934,1,48,90,1.0,-1.0,-1.0,0.0,1.0,1
2025-01-09,4,4,4,4,4,-1,-1,-1,-1,3,mixed,0.0017210739995086044,1,48,1,1.0,-1.0,-1.0,0.0,0.0,4
2025-01-10,4,4,4,1,4,1,-1,-1,-1,4,mixed,0.013434323951932448,1,48,1,1.0,-1.0,-1.0,0.0,1.0,1
2025-01-11,4,4,4,1,4,1,-1,-1,-1,4,mixed,0.0015527252455362905,1,48,2,-1.0,-1.0,-1.0,1.0,1.0,1
2025-01-12,4,4,4,4,4,-1,-1,-1,-1,3,mixed,0.0020934274365580485,1,48,1,-1.0,-1.0,-1.0,1.0,0.0,4
2025-01-13,4,4,4,4,4,-1,-1,-1,-1,3,mixed,0.013621834997914029,1,48,2,-1.0,-1.0,-1.0,1.0,0.0,4
2025-01-14,4,4,4,1,4,1,-1,-1,-1,4,mixed,0.010170033835808945,1,48,1,-1.0,-1.0,-1.0,1.0,1.0,1
2025-01-15,0,4,4,1,4,1,1,-1,-1,8,unanimous,0.04888666827519106,1,48,2,-1.0,-1.0,-1.0,1.0,1.0,2
2025-01-16,0,4,0,1,4,1,1,-1,1,7,strong,0.05605673917939891,1,48,3,-1.0,-1.0,-1.0,1.0,1.0,3
2025-01-17,0,4,0,1,4,1,1,-1,1,8,unanimous,0.08900945700894192,1,48,4,-1.0,-1.0,-1.0,1.0,1.0,3
2025-01-18,0,4,0,1,4,1,1,-1,1,8,unanimous,0.10418585189288454,1,48,5,-1.0,-1.0,-1.0,1.0,1.0,3
2025-01-19,0,4,0,1,4,1,1,-1,1,8,unanimous,0.08355357676937314,1,48,6,-1.0,-1.0,-1.0,1.0,1.0,3
2025-01-20,0,4,0,1,4,1,1,-1,1,8,unanimous,0.07170603944683362,1,48,7,-1.0,-1.0,-1.0,1.0,1.0,3
2025-01-21,0,4,0,1,4,1,1,-1,1,8,unanimous,0.10909165580925262,-1,49,8,-1.0,-1.0,-1.0,0.0,0.0,3
2025-01-22,0,0,0,1,4,1,1,1,1,8,unanimous,0.06527732649019302,-1,49,9,-1.0,-1.0,-1.0,0.0,0.0,4
2025-01-23,0,5,0,2,4,1,1,-1,1,8,unanimous,0.057198362173254136,-1,49,10,-1.0,-1.0,-1.0,0.0,0.0,3
2025-01-24,0,0,0,2,4,1,1,1,1,8,unanimous,0.07904482214736142,-1,49,11,-1.0,-1.0,-1.0,0.0,0.0,4
2025-01-25,0,0,0,2,4,1,1,1,1,8,unanimous,0.062344446553541544,-1,49,12,-1.0,-1.0,-1.0,0.0,0.0,4
2025-01-26,0,0,0,2,4,1,1,1,1,8,unanimous,0.0441437563949616,-1,49,13,-1.0,-1.0,-1.0,0.0,0.0,4
2025-01-27,0,5,0,2,4,1,1,-1,1,7,strong,0.05059360733389129,-1,49,14,-1.0,-1.0,-1.0,0.0,0.0,3
2025-01-28,0,0,0,2,4,1,1,1,1,7,strong,0.03820051829693971,-1,49,15,-1.0,-1.0,-1.0,0.0,0.0,4
2025-01-29,0,0,0,2,4,1,1,1,1,8,unanimous,0.06995112479566279,-1,49,16,-1.0,-1.0,-1.0,0.0,0.0,4
2025-01-30,0,3,0,2,4,1,1,-1,1,8,unanimous,0.0711843599180344,-1,49,17,-1.0,-1.0,-1.0,0.0,0.0,3
2025-01-31,0,0,0,0,4,1,1,1,1,7,strong,0.063861308073342,-1,49,18,-1.0,-1.0,-1.0,0.0,0.0,4
2025-02-01,0,0,0,0,4,1,1,1,1,6,lean,0.04623416907043143,-1,49,19,-1.0,-1.0,-1.0,0.0,0.0,4
2025-02-02,0,0,0,3,4,-1,1,1,1,3,mixed,0.011050936610123241,-1,49,1,-1.0,-1.0,-1.0,0.0,1.0,1
2025-02-03,0,5,0,0,4,1,1,-1,1,6,lean,0.04745162017501836,-1,49,1,-1.0,-1.0,-1.0,0.0,0.0,3
2025-02-04,4,0,0,3,4,-1,-1,1,1,2,lean,0.014872881548727124,-1,49,1,-1.0,-1.0,-1.0,0.0,1.0,2
2025-02-05,4,0,0,3,4,-1,-1,1,1,2,lean,0.027710264446181077,-1,49,2,-1.0,-1.0,-1.0,0.0,1.0,2
2025-02-06,4,0,4,3,4,-1,-1,1,-1,2,lean,0.028265462460236312,-1,49,3,-1.0,-1.0,-1.0,0.0,1.0,3
2025-02-07,4,0,4,3,4,-1,-1,1,-1,2,lean,0.02767100348860918,-1,49,4,-1.0,-1.0,1.0,0.0,1.0,3
2025-02-08,4,0,0,3,4,-1,-1,1,1,2,lean,0.028141998837536653,-1,49,5,-1.0,-1.0,1.0,0.0,1.0,2
2025-02-09,4,0,0,3,4,-1,-1,1,1,2,lean,0.03191627861195867,-1,49,6,-1.0,-1.0,1.0,0.0,1.0,2
2025-02-10,4,4,4,3,4,-1,-1,-1,-1,2,lean,0.022535508971493146,-1,49,7,-1.0,-1.0,1.0,0.0,1.0,4
2025-02-11,4,4,4,3,4,-1,-1,-1,-1,1,strong,0.040732684862002655,-1,49,8,-1.0,-1.0,1.0,0.0,1.0,4
2025-02-12,4,4,4,3,4,-1,-1,-1,-1,3,mixed,0.01030526449939706,-1,49,9,-1.0,-1.0,1.0,0.0,1.0,4
2025-02-13,4,4,4,4,4,-1,-1,-1,-1,1,strong,0.030573354919896767,-1,49,10,-1.0,-1.0,1.0,0.0,1.0,4
2025-02-14,4,4,4,4,4,-1,-1,-1,-1,2,lean,0.011460658065389984,-1,49,11,-1.0,-1.0,1.0,0.0,1.0,4
2025-02-15,4,4,4,4,4,-1,-1,-1,-1,3,mixed,0.009221480154715245,-1,49,12,-1.0,-1.0,1.0,0.0,1.0,4
2025-02-16,4,0,4,4,4,-1,-1,1,-1,1,strong,0.02353459641377409,-1,49,13,-1.0,-1.0,1.0,0.0,1.0,3
2025-02-17,4,0,4,4,4,-1,-1,1,-1,1,strong,0.01796173699428727,-1,49,14,-1.0,-1.0,1.0,0.0,1.0,3
2025-02-18,4,4,4,4,4,-1,-1,-1,-1,1,strong,0.023198590374306605,-1,49,15,-1.0,-1.0,1.0,0.0,1.0,4
2025-02-19,4,4,4,4,4,-1,-1,-1,-1,2,lean,0.009227794582131299,-1,49,16,-1.0,-1.0,1.0,0.0,1.0,4
2025-02-20,4,4,4,1,4,1,-1,-1,-1,5,mixed,0.009115701407766741,-1,49,1,-1.0,-1.0,1.0,0.0,0.0,1
2025-02-21,4,4,4,4,4,-1,-1,-1,-1,3,mixed,0.010152699579552893,-1,49,1,-1.0,-1.0,1.0,0.0,1.0,4
2025-02-22,4,0,4,4,4,-1,-1,1,-1,1,strong,0.013544542678652904,-1,49,2,-1.0,-1.0,1.0,0.0,1.0,3
2025-02-23,4,0,4,4,4,-1,-1,1,-1,1,strong,0.018225112550694922,-1,49,3,-1.0,-1.0,1.0,0.0,1.0,3
2025-02-24,4,4,4,4,4,-1,-1,-1,-1,1,strong,0.06662566916485946,-1,49,4,-1.0,-1.0,1.0,0.0,1.0,4
2025-02-25,5,4,4,4,4,-1,-1,-1,-1,1,strong,0.08879438081461632,-1,49,5,-1.0,-1.0,1.0,0.0,1.0,4
2025-02-26,5,4,4,4,4,-1,-1,-1,-1,1,strong,0.14023029302586343,-1,49,6,-1.0,-1.0,1.0,0.0,1.0,4
2025-02-27,5,4,4,5,4,-1,-1,-1,-1,1,strong,0.1306800935350314,-1,49,7,-1.0,-1.0,1.0,0.0,1.0,4
2025-02-28,5,4,4,5,4,-1,-1,-1,-1,1,strong,0.1323472915332724,-1,49,8,-1.0,-1.0,1.0,0.0,1.0,4
2025-03-01,4,0,4,5,4,-1,-1,1,-1,1,strong,0.12167786572660844,-1,49,9,-1.0,-1.0,1.0,0.0,1.0,3
2025-03-02,4,4,4,5,4,-1,-1,-1,-1,2,lean,0.030628203086706884,-1,49,10,-1.0,-1.0,1.0,0.0,1.0,4
2025-03-03,5,4,4,5,4,-1,-1,-1,-1,1,strong,0.11688603343050352,-1,49,11,-1.0,-1.0,1.0,0.0,1.0,4
2025-03-04,5,4,4,5,4,-1,-1,-1,-1,1,strong,0.10726125920679763,-1,49,12,-1.0,-1.0,1.0,0.0,1.0,4
2025-03-05,5,4,4,5,4,-1,-1,-1,-1,1,strong,0.06234978209999187,-1,49,13,-1.0,-1.0,1.0,0.0,1.0,4
2025-03-06,5,4,4,5,4,-1,-1,-1,-1,1,strong,0.06292431753702132,-1,49,14,-1.0,-1.0,1.0,0.0,1.0,4
2025-03-07,5,4,4,5,4,-1,-1,-1,-1,1,strong,0.09860961246777178,-1,49,15,-1.0,-1.0,1.0,0.0,1.0,4
2025-03-08,5,0,0,3,4,-1,-1,1,1,2,lean,0.10154162492246965,-1,49,16,-1.0,-1.0,1.0,0.0,1.0,2
2025-03-09,5,0,0,3,4,-1,-1,1,1,0,unanimous,0.17261136842479474,-1,49,17,-1.0,-1.0,1.0,0.0,1.0,2
2025-03-10,5,4,4,3,4,-1,-1,-1,-1,0,unanimous,0.17766055954897375,-1,49,18,-1.0,-1.0,1.0,0.0,1.0,4
2025-03-11,5,4,4,3,4,-1,-1,-1,-1,0,unanimous,0.12535558329587815,-1,49,19,-1.0,-1.0,1.0,0.0,1.0,4
2025-03-12,5,0,5,3,4,-1,-1,1,-1,1,strong,0.12572498274150545,-1,49,20,-1.0,-1.0,1.0,0.0,1.0,3
2025-03-13,4,0,0,3,4,-1,-1,1,1,0,unanimous,0.13874324350390643,-1,49,21,-1.0,-1.0,1.0,0.0,1.0,2
2025-03-14,4,0,0,3,4,-1,-1,1,1,1,strong,0.09430667480601218,-1,49,22,-1.0,-1.0,1.0,0.0,1.0,2
2025-03-15,4,0,0,3,4,-1,-1,1,1,1,strong,0.08415333343394127,-1,49,23,-1.0,-1.0,1.0,0.0,1.0,2
2025-03-16,4,0,0,3,4,-1,-1,1,1,0,unanimous,0.1031038735409513,-1,49,24,-1.0,-1.0,1.0,0.0,1.0,2
2025-03-17,4,0,0,3,4,-1,-1,1,1,0,unanimous,0.055432010294295786,-1,49,25,-1.0,-1.0,1.0,0.0,1.0,2
2025-03-18,4,0,0,3,4,-1,-1,1,1,0,unanimous,0.04153960419978597,-1,49,26,-1.0,-1.0,1.0,0.0,1.0,2
2025-03-19,4,0,4,0,4,1,-1,1,-1,4,mixed,0.020806920609788504,-1,49,1,-1.0,1.0,1.0,0.0,0.0,2
2025-03-20,4,0,0,3,4,-1,-1,1,1,1,strong,0.01200530337341199,-1,49,1,-1.0,1.0,1.0,0.0,1.0,2
2025-03-21,4,0,0,3,4,-1,-1,1,1,1,strong,0.023662484017016983,-1,49,2,-1.0,1.0,1.0,0.0,1.0,2
2025-03-22,4,0,0,3,4,-1,-1,1,1,1,strong,0.06345948095389287,-1,49,3,-1.0,1.0,1.0,0.0,1.0,2
2025-03-23,4,0,0,3,4,-1,-1,1,1,3,mixed,0.00013127601008089407,-1,49,4,-1.0,1.0,-1.0,0.0,1.0,2
2025-03-24,4,0,4,0,4,1,-1,1,-1,4,mixed,0.0031625392493710436,-1,49,1,-1.0,1.0,-1.0,0.0,0.0,2
2025-03-25,4,4,4,3,4,-1,-1,-1,-1,3,mixed,0.009578997504646303,-1,49,1,-1.0,1.0,-1.0,0.0,1.0,4
2025-03-26,4,0,4,3,4,-1,-1,1,-1,3,mixed,0.01324895347368682,-1,49,2,-1.0,1.0,-1.0,0.0,1.0,3
2025-03-27,4,0,0,0,4,1,-1,1,1,4,mixed,0.004983300427676474,-1,49,1,-1.0,1.0,-1.0,0.0,0.0,3
2025-03-28,4,0,4,3,4,-1,-1,1,-1,2,lean,0.021355993769867965,-1,49,1,-1.0,1.0,-1.0,0.0,1.0,3
2025-03-29,4,0,0,3,4,-1,-1,1,1,1,strong,0.05153468562895913,-1,49,2,1.0,1.0,-1.0,1.0,1.0,2
2025-03-30,0,0,0,3,4,-1,1,1,1,1,strong,0.0438748648016416,-1,49,3,1.0,1.0,-1.0,1.0,1.0,1
2025-03-31,0,0,0,3,4,-1,1,1,1,0,unanimous,0.04263740216127454,-1,49,4,1.0,1.0,-1.0,1.0,1.0,1
2025-04-01,0,0,0,3,4,-1,1,1,1,3,mixed,0.01153466230316047,-1,49,5,1.0,1.0,-1.0,1.0,1.0,1
2025-04-02,0,4,0,4,4,-1,1,-1,1,1,strong,0.04326402745323987,-1,49,6,1.0,1.0,-1.0,1.0,1.0,2
2025-04-03,0,0,0,4,4,-1,1,1,1,0,unanimous,0.03994749538453002,-1,49,7,1.0,1.0,-1.0,1.0,1.0,1
2025-04-04,0,0,0,4,4,-1,1,1,1,0,unanimous,0.0322498576913397,-1,49,8,1.0,1.0,-1.0,1.0,1.0,1
2025-04-05,0,0,0,4,4,-1,1,1,1,1,strong,0.03785682220342079,-1,49,9,1.0,1.0,-1.0,1.0,1.0,1
2025-04-06,4,0,0,4,4,-1,-1,1,1,0,unanimous,0.10946007668946645,-1,49,10,1.0,1.0,-1.0,1.0,1.0,2
2025-04-07,5,0,5,4,4,-1,-1,1,-1,0,unanimous,0.06879063455679613,-1,49,11,1.0,1.0,-1.0,1.0,1.0,3
2025-04-08,5,0,5,4,4,-1,-1,1,-1,0,unanimous,0.1387439681812921,1,50,12,1.0,1.0,-1.0,0.0,0.0,3
2025-04-09,5,0,5,4,4,-1,-1,1,-1,1,strong,0.02136369240535152,1,50,13,1.0,1.0,-1.0,0.0,0.0,3
2025-04-10,5,5,5,4,4,-1,-1,-1,-1,0,unanimous,0.058061728647197164,1,50,14,1.0,1.0,-1.0,0.0,0.0,4
2025-04-11,5,5,5,4,4,-1,-1,-1,-1,1,strong,0.021153880559421356,1,50,15,1.0,1.0,-1.0,0.0,0.0,4
2025-04-12,0,0,0,4,4,-1,1,1,1,3,mixed,0.008996267204067099,1,50,16,1.0,1.0,-1.0,0.0,0.0,1
2025-04-13,0,0,0,4,4,-1,1,1,1,2,lean,0.03633246634189913,1,50,17,1.0,1.0,-1.0,0.0,0.0,1
2025-04-14,0,0,0,4,4,-1,1,1,1,3,mixed,0.02322816147414164,1,50,18,1.0,1.0,-1.0,0.0,0.0,1
2025-04-15,0,0,0,4,4,-1,1,1,1,3,mixed,0.03128267903465032,1,50,19,1.0,1.0,-1.0,0.0,0.0,1
2025-04-16,0,0,0,5,4,-1,1,1,1,3,mixed,0.02399900829430801,1,50,20,1.0,1.0,-1.0,0.0,0.0,1
2025-04-17,0,0,0,2,4,1,1,1,1,4,mixed,0.006391386641851904,1,50,1,1.0,1.0,-1.0,0.0,1.0,4
2025-04-18,0,0,0,0,4,1,1,1,1,4,mixed,0.012245522521614371,1,50,2,1.0,1.0,-1.0,0.0,1.0,4
2025-04-19,0,0,0,0,4,1,1,1,1,4,mixed,0.017574998599449443,1,50,3,1.0,1.0,-1.0,0.0,1.0,4
2025-04-20,0,0,0,0,4,1,1,1,1,4,mixed,0.018191388916274698,1,50,4,1.0,1.0,-1.0,0.0,1.0,4
2025-04-21,0,0,0,0,4,1,1,1,1,5,mixed,0.02817204993146305,1,50,5,1.0,1.0,-1.0,0.0,1.0,4
2025-04-22,1,1,1,0,5,1,1,1,1,7,strong,0.09133426752785745,1,50,6,1.0,1.0,-1.0,0.0,1.0,4
2025-04-23,1,1,1,0,5,1,1,1,1,7,strong,0.10276171410773982,1,50,7,1.0,1.0,1.0,0.0,1.0,4
2025-04-24,1,1,1,0,5,1,1,1,1,7,strong,0.10007479538547237,1,50,8,1.0,1.0,1.0,0.0,1.0,4
2025-04-25,1,1,1,0,5,1,1,1,1,8,unanimous,0.1061057945690076,1,50,9,1.0,1.0,1.0,0.0,1.0,4
2025-04-26,1,1,1,0,5,1,1,1,1,8,unanimous,0.10240205803456259,1,50,10,1.0,1.0,1.0,0.0,1.0,4
2025-04-27,1,1,1,0,5,1,1,1,1,8,unanimous,0.09199929755041747,1,50,11,1.0,1.0,1.0,0.0,1.0,4
2025-04-28,1,1,1,0,5,1,1,1,1,8,unanimous,0.10208478976229518,1,50,12,1.0,1.0,1.0,0.0,1.0,4
2025-04-29,1,1,1,0,5,1,1,1,1,8,unanimous,0.09356935019631318,1,50,13,1.0,1.0,1.0,0.0,1.0,4
2025-04-30,1,1,1,0,5,1,1,1,1,8,unanimous,0.08821009789460699,1,50,14,1.0,1.0,1.0,0.0,1.0,4
2025-05-01,1,1,1,1,5,1,1,1,1,8,unanimous,0.09299629447578373,1,50,15,1.0,1.0,1.0,0.0,1.0,4
2025-05-02,1,1,1,1,5,1,1,1,1,8,unanimous,0.10813254782200221,1,50,16,1.0,-1.0,1.0,0.0,1.0,4
2025-05-03,1,1,1,1,5,1,1,1,1,8,unanimous,0.0904102524411059,1,50,17,1.0,-1.0,1.0,0.0,1.0,4
2025-05-04,1,1,1,1,5,1,1,1,1,8,unanimous,0.04577348488958777,1,50,18,1.0,-1.0,1.0,0.0,1.0,4
2025-05-05,1,1,1,1,5,1,1,1,1,8,unanimous,0.051233623304322906,1,50,19,1.0,-1.0,1.0,0.0,1.0,4
2025-05-06,1,1,1,1,5,1,1,1,1,8,unanimous,0.09844861671184546,1,50,20,1.0,-1.0,1.0,0.0,1.0,4
2025-05-07,1,1,1,1,5,1,1,1,1,8,unanimous,0.09729438696083759,1,50,21,1.0,-1.0,1.0,0.0,1.0,4
2025-05-08,1,1,1,1,5,1,1,1,1,8,unanimous,0.14799983661807659,1,50,22,1.0,-1.0,1.0,0.0,1.0,4
2025-05-09,1,1,1,1,5,1,1,1,1,8,unanimous,0.14055467577311476,1,50,23,1.0,-1.0,1.0,0.0,1.0,4
2025-05-10,1,1,1,1,5,1,1,1,1,8,unanimous,0.14971749320718397,1,50,24,1.0,-1.0,1.0,0.0,1.0,4
2025-05-11,1,1,1,1,5,1,1,1,1,8,unanimous,0.14008948942528743,1,50,25,1.0,-1.0,1.0,0.0,1.0,4
2025-05-12,1,1,1,1,5,1,1,1,1,8,unanimous,0.12387957443769504,1,50,26,-1.0,-1.0,1.0,1.0,1.0,4
2025-05-13,1,1,1,1,5,1,1,1,1,8,unanimous,0.13043986648526296,1,50,27,-1.0,-1.0,1.0,1.0,1.0,4
2025-05-14,2,1,1,1,5,1,1,1,1,8,unanimous,0.12011192473803145,1,50,28,-1.0,-1.0,1.0,1.0,1.0,4
2025-05-15,2,1,1,2,5,1,1,1,1,8,unanimous,0.11690085064364786,1,50,29,-1.0,-1.0,1.0,1.0,1.0,4
2025-05-16,2,1,1,2,5,1,1,1,1,8,unanimous,0.10860108799061563,1,50,30,-1.0,-1.0,1.0,1.0,1.0,4
2025-05-17,2,1,1,2,5,1,1,1,1,8,unanimous,0.10452675339972795,1,50,31,-1.0,-1.0,1.0,1.0,1.0,4
2025-05-18,2,1,1,2,5,1,1,1,1,8,unanimous,0.13045222131232614,1,50,32,-1.0,-1.0,1.0,1.0,1.0,4
2025-05-19,2,1,1,2,5,1,1,1,1,8,unanimous,0.12181318989433731,1,50,33,-1.0,-1.0,1.0,1.0,1.0,4
2025-05-20,2,1,1,2,5,1,1,1,1,8,unanimous,0.12985733371781094,1,50,34,-1.0,-1.0,1.0,1.0,1.0,4
2025-05-21,1,1,1,2,5,1,1,1,1,8,unanimous,0.15104337016370284,1,50,35,-1.0,-1.0,1.0,1.0,1.0,4
2025-05-22,1,1,1,2,5,1,1,1,1,8,unanimous,0.1643690961801363,-1,51,36,-1.0,-1.0,1.0,0.0,0.0,4
2025-05-23,1,1,1,2,5,1,1,1,1,8,unanimous,0.12815754829746273,-1,51,37,-1.0,-1.0,1.0,0.0,0.0,4
2025-05-24,2,1,1,2,5,1,1,1,1,8,unanimous,0.1304606679376653,-1,51,38,-1.0,-1.0,1.0,0.0,0.0,4
2025-05-25,2,1,1,2,5,1,1,1,1,8,unanimous,0.13890143648361253,-1,51,39,-1.0,-1.0,1.0,0.0,0.0,4
2025-05-26,2,1,1,2,5,1,1,1,1,8,unanimous,0.14056663241863754,-1,51,40,-1.0,-1.0,1.0,0.0,0.0,4
2025-05-27,2,1,1,2,5,1,1,1,1,8,unanimous,0.1355354378993482,-1,51,41,-1.0,-1.0,1.0,0.0,0.0,4
2025-05-28,2,1,1,2,5,1,1,1,1,8,unanimous,0.12447259507699338,-1,51,42,-1.0,-1.0,1.0,0.0,0.0,4
2025-05-29,2,1,1,2,5,1,1,1,1,7,strong,0.10526649797397025,-1,51,43,-1.0,-1.0,1.0,0.0,0.0,4
2025-05-30,2,1,1,2,5,1,1,1,1,5,mixed,0.08770343812899983,-1,51,44,-1.0,-1.0,1.0,0.0,0.0,4
2025-05-31,2,1,1,2,5,1,1,1,1,6,lean,0.09022921700547959,-1,51,45,-1.0,-1.0,1.0,0.0,0.0,4
2025-06-01,2,1,1,0,5,1,1,1,1,6,lean,0.09540706541534749,-1,51,46,-1.0,-1.0,1.0,0.0,0.0,4
2025-06-02,2,1,1,0,5,1,1,1,1,6,lean,0.09375757471707802,-1,51,47,-1.0,1.0,1.0,0.0,0.0,4
2025-06-03,2,1,2,0,5,1,1,1,1,6,lean,0.08635491889812741,-1,51,48,-1.0,1.0,1.0,0.0,0.0,4
2025-06-04,2,1,2,0,5,1,1,1,1,6,lean,0.07669550525144553,-1,51,49,-1.0,1.0,1.0,0.0,0.0,4
2025-06-05,2,1,2,0,5,1,1,1,1,4,mixed,0.04358307176932774,-1,51,50,-1.0,1.0,1.0,0.0,0.0,4
2025-06-06,2,1,2,0,5,1,1,1,1,6,lean,0.06574102455221631,-1,51,51,-1.0,1.0,1.0,0.0,0.0,4
2025-06-07,2,0,2,0,5,1,1,1,1,5,mixed,0.07206723919433222,-1,51,52,-1.0,1.0,1.0,0.0,0.0,4
2025-06-08,2,0,2,0,5,1,1,1,1,7,strong,0.06993721499229977,-1,51,53,-1.0,1.0,1.0,0.0,0.0,4
2025-06-09,2,2,2,0,5,1,1,1,1,8,unanimous,0.10386638103701107,-1,51,54,-1.0,1.0,1.0,0.0,0.0,4
2025-06-10,2,2,2,0,5,1,1,1,1,8,unanimous,0.09943321895239499,-1,51,55,-1.0,1.0,1.0,0.0,0.0,4
2025-06-11,2,2,2,0,5,1,1,1,1,7,strong,0.08252533275430896,-1,51,56,-1.0,1.0,1.0,0.0,0.0,4
2025-06-12,2,2,2,0,5,1,1,1,1,6,lean,0.054641031636364135,-1,51,57,1.0,1.0,1.0,1.0,0.0,4
2025-06-13,2,2,2,0,5,1,1,1,1,6,lean,0.052667075483953774,-1,51,58,1.0,1.0,1.0,1.0,0.0,4
2025-06-14,3,0,0,1,5,1,-1,1,1,5,mixed,0.0435081100490462,-1,51,59,1.0,1.0,-1.0,1.0,0.0,3
2025-06-15,3,0,0,1,5,1,-1,1,1,5,mixed,0.04078706439442137,-1,51,60,1.0,1.0,-1.0,1.0,0.0,3
2025-06-16,3,2,3,1,5,1,-1,1,-1,7,strong,0.0486886056184096,-1,51,61,1.0,1.0,-1.0,1.0,0.0,2
2025-06-17,3,0,3,1,5,1,-1,1,-1,4,mixed,0.025099154768406517,-1,51,62,1.0,1.0,-1.0,1.0,0.0,2
2025-06-18,3,0,3,1,5,1,-1,1,-1,4,mixed,0.02456503909823915,-1,51,63,1.0,1.0,-1.0,1.0,0.0,2
2025-06-19,3,0,3,1,5,1,-1,1,-1,5,mixed,0.019519383159021242,-1,51,64,1.0,1.0,-1.0,1.0,0.0,2
2025-06-20,3,0,3,1,5,1,-1,1,-1,4,mixed,0.0036564515929804475,-1,51,65,1.0,1.0,-1.0,1.0,0.0,2
2025-06-21,3,0,3,4,5,-1,-1,1,-1,3,mixed,0.008231169986480547,-1,51,1,1.0,1.0,-1.0,1.0,1.0,3
2025-06-22,3,0,3,4,5,-1,-1,1,-1,3,mixed,0.02234957424766293,1,52,2,1.0,1.0,-1.0,0.0,0.0,3
2025-06-23,3,0,3,1,5,1,-1,1,-1,6,lean,0.020972544081222178,1,52,1,1.0,1.0,-1.0,0.0,1.0,2
2025-06-24,3,0,3,1,5,1,-1,1,-1,7,strong,0.023556578733851974,1,52,2,1.0,1.0,-1.0,0.0,1.0,2
2025-06-25,2,0,2,1,5,1,1,1,1,8,unanimous,0.05388633484160266,1,52,3,1.0,1.0,-1.0,0.0,1.0,4
2025-06-26,2,0,0,1,5,1,1,1,1,8,unanimous,0.027941510290556915,1,52,4,1.0,1.0,-1.0,0.0,1.0,4
2025-06-27,2,0,2,1,5,1,1,1,1,8,unanimous,0.027210984443259534,1,52,5,1.0,1.0,-1.0,0.0,1.0,4
2025-06-28,3,0,3,2,5,1,-1,1,-1,8,unanimous,0.027357747237999663,1,52,6,1.0,1.0,-1.0,0.0,1.0,2
2025-06-29,3,0,3,2,5,1,-1,1,-1,7,strong,0.034799206649329895,1,52,7,1.0,1.0,-1.0,0.0,1.0,2
2025-06-30,3,3,3,2,5,1,-1,-1,-1,7,strong,0.03570936088940657,1,52,8,1.0,1.0,-1.0,0.0,1.0,1
2025-07-01,3,3,3,2,5,1,-1,-1,-1,6,lean,0.03255374599575145,1,52,9,1.0,1.0,-1.0,0.0,1.0,1
2025-07-02,2,0,2,0,5,1,1,1,1,8,unanimous,0.07231516479159994,1,52,10,1.0,1.0,-1.0,0.0,1.0,4
2025-07-03,2,0,0,0,5,1,1,1,1,8,unanimous,0.03872884352690231,1,52,11,1.0,1.0,-1.0,0.0,1.0,4
2025-07-04,3,0,0,0,5,1,-1,1,1,8,unanimous,0.023714031888733333,1,52,12,1.0,1.0,-1.0,0.0,1.0,3
2025-07-05,3,0,3,0,5,1,-1,1,-1,8,unanimous,0.02475401504202046,1,52,13,1.0,1.0,-1.0,0.0,1.0,2
2025-07-06,3,0,0,0,5,1,-1,1,1,8,unanimous,0.029276295374829342,1,52,14,1.0,1.0,-1.0,0.0,1.0,3
2025-07-07,3,0,0,0,5,1,-1,1,1,8,unanimous,0.03415271878618831,1,52,15,1.0,1.0,-1.0,0.0,1.0,3
2025-07-08,0,0,0,0,5,1,1,1,1,8,unanimous,0.03732845438734056,1,52,16,1.0,1.0,-1.0,0.0,1.0,4
2025-07-09,0,2,0,0,5,1,1,1,1,8,unanimous,0.05955655935918813,1,52,17,1.0,1.0,-1.0,0.0,1.0,4
2025-07-10,1,2,2,0,5,1,1,1,1,8,unanimous,0.10243236693272062,1,52,18,1.0,1.0,-1.0,0.0,1.0,4
2025-07-11,1,2,1,0,5,1,1,1,1,8,unanimous,0.12512266344461487,1,52,19,1.0,1.0,-1.0,0.0,1.0,4
2025-07-12,1,2,1,0,5,1,1,1,1,8,unanimous,0.11295941133506504,1,52,20,1.0,1.0,-1.0,0.0,1.0,4
2025-07-13,1,1,1,0,5,1,1,1,1,8,unanimous,0.11365669121576027,1,52,21,1.0,1.0,-1.0,0.0,1.0,4
2025-07-14,1,1,1,0,5,1,1,1,1,8,unanimous,0.11517817693801646,1,52,22,1.0,1.0,-1.0,0.0,1.0,4
2025-07-15,1,2,1,1,5,1,1,1,1,8,unanimous,0.08843758208693853,1,52,23,1.0,1.0,-1.0,0.0,1.0,4
2025-07-16,1,1,1,1,5,1,1,1,1,8,unanimous,0.09919703413402703,1,52,24,1.0,1.0,-1.0,0.0,1.0,4
2025-07-17,1,1,1,1,5,1,1,1,1,8,unanimous,0.10228376263172023,1,52,25,1.0,1.0,-1.0,0.0,1.0,4
2025-07-18,1,1,1,1,5,1,1,1,1,8,unanimous,0.09046806386981077,1,52,26,1.0,1.0,-1.0,0.0,1.0,4
2025-07-19,2,1,1,1,5,1,1,1,1,8,unanimous,0.08101075249016032,1,52,27,1.0,1.0,-1.0,0.0,1.0,4
2025-07-20,0,1,1,1,5,1,1,1,1,8,unanimous,0.0736556274181489,1,52,28,1.0,1.0,-1.0,0.0,1.0,4
2025-07-21,0,1,1,1,5,1,1,1,1,7,strong,0.07393789004973694,1,52,29,1.0,1.0,-1.0,0.0,1.0,4
2025-07-22,2,1,1,1,5,1,1,1,1,8,unanimous,0.09280432787372794,1,52,30,1.0,1.0,-1.0,0.0,1.0,4
2025-07-23,2,1,2,1,5,1,1,1,1,7,strong,0.08100493883805349,1,52,31,1.0,1.0,-1.0,0.0,1.0,4
2025-07-24,2,1,2,1,5,1,1,1,1,7,strong,0.07884402351142206,1,52,32,1.0,-1.0,-1.0,0.0,1.0,4
2025-07-25,1,1,1,1,5,1,1,1,1,7,strong,0.06966850104795697,1,52,33,1.0,-1.0,-1.0,0.0,1.0,4
2025-07-26,0,1,1,1,5,1,1,1,1,7,strong,0.0738914066741766,1,52,34,1.0,-1.0,-1.0,0.0,1.0,4
2025-07-27,0,1,1,1,5,1,1,1,1,8,unanimous,0.0933342934752146,1,52,35,1.0,-1.0,-1.0,0.0,1.0,4
2025-07-28,0,1,1,1,5,1,1,1,1,7,strong,0.07610127588943483,1,52,36,1.0,-1.0,-1.0,0.0,1.0,4
2025-07-29,0,1,1,2,5,1,1,1,1,6,lean,0.0651481961279653,1,52,37,1.0,-1.0,-1.0,0.0,1.0,4
2025-07-30,3,1,1,2,5,1,-1,1,1,7,strong,0.06251571424974067,1,52,38,1.0,-1.0,-1.0,0.0,1.0,3
2025-07-31,3,1,1,2,5,1,-1,1,1,5,mixed,0.04394411065264425,1,52,39,1.0,-1.0,-1.0,0.0,1.0,3
2025-08-01,3,1,3,0,5,1,-1,1,-1,4,mixed,0.02189702611701594,1,52,40,1.0,-1.0,-1.0,0.0,1.0,2
2025-08-02,3,0,0,0,5,1,-1,1,1,4,mixed,0.013814584647595773,1,52,41,1.0,-1.0,-1.0,0.0,1.0,3
2025-08-03,3,0,0,0,5,1,-1,1,1,5,mixed,0.02725631584423882,1,52,42,-1.0,-1.0,-1.0,1.0,1.0,3
2025-08-04,3,0,0,0,5,1,-1,1,1,5,mixed,0.03261524332353616,1,52,43,-1.0,-1.0,-1.0,1.0,1.0,3
2025-08-05,3,0,0,0,5,1,-1,1,1,4,mixed,0.023143363179230714,1,52,44,-1.0,-1.0,-1.0,1.0,1.0,3
2025-08-06,3,0,0,0,5,1,-1,1,1,5,mixed,0.029416022021977906,1,52,45,-1.0,-1.0,-1.0,1.0,1.0,3
2025-08-07,3,0,3,0,5,1,-1,1,-1,6,lean,0.048478302500991166,1,52,46,-1.0,-1.0,-1.0,1.0,1.0,2
2025-08-08,3,0,3,0,5,1,-1,1,-1,5,mixed,0.04084196603913259,1,52,47,-1.0,-1.0,-1.0,1.0,1.0,2
2025-08-09,3,0,0,0,5,1,-1,1,1,5,mixed,0.038355430847822114,1,52,48,-1.0,-1.0,-1.0,1.0,1.0,3
2025-08-10,3,0,3,0,5,1,-1,1,-1,8,unanimous,0.05986570979182593,1,52,49,-1.0,-1.0,-1.0,1.0,1.0,2
2025-08-11,3,0,3,0,5,1,-1,1,-1,7,strong,0.053400600757338434,1,52,50,-1.0,-1.0,-1.0,1.0,1.0,2
2025-08-12,3,2,3,0,5,1,-1,1,-1,8,unanimous,0.06362492533544761,1,52,51,-1.0,-1.0,-1.0,1.0,1.0,2
2025-08-13,3,0,3,0,5,1,-1,1,-1,8,unanimous,0.08504293681391695,-1,53,52,-1.0,-1.0,-1.0,0.0,0.0,2
2025-08-14,5,0,5,1,5,1,-1,1,-1,8,unanimous,0.043963463176201256,-1,53,53,-1.0,-1.0,-1.0,0.0,0.0,2
2025-08-15,5,4,4,1,5,1,-1,-1,-1,7,strong,0.03446633051315373,-1,53,54,-1.0,-1.0,-1.0,0.0,0.0,1
2025-08-16,4,4,4,1,5,1,-1,-1,-1,7,strong,0.03338448368281499,-1,53,55,-1.0,-1.0,-1.0,0.0,0.0,1
2025-08-17,4,4,4,1,5,1,-1,-1,-1,6,lean,0.031249961950631677,-1,53,56,-1.0,-1.0,-1.0,0.0,0.0,1
2025-08-18,4,4,4,1,5,1,-1,-1,-1,4,mixed,0.019382271172790455,-1,53,57,-1.0,-1.0,-1.0,0.0,0.0,1
2025-08-19,4,4,4,4,5,-1,-1,-1,-1,3,mixed,0.012295067312021013,-1,53,1,-1.0,-1.0,-1.0,0.0,1.0,4
2025-08-20,4,4,4,4,5,-1,-1,-1,-1,3,mixed,0.0010756615656286606,-1,53,2,-1.0,-1.0,-1.0,0.0,1.0,4
2025-08-21,4,4,4,4,5,-1,-1,-1,-1,3,mixed,0.00801514367701861,-1,53,3,-1.0,-1.0,-1.0,0.0,1.0,4
2025-08-22,4,4,4,1,5,1,-1,-1,-1,6,lean,0.03719534437535377,-1,53,1,-1.0,-1.0,-1.0,0.0,0.0,1
2025-08-23,4,4,4,0,5,1,-1,-1,-1,5,mixed,0.010025247980181895,-1,53,2,-1.0,-1.0,-1.0,0.0,0.0,1
2025-08-24,4,4,4,3,5,-1,-1,-1,-1,3,mixed,0.014099863848134886,-1,53,1,-1.0,-1.0,-1.0,0.0,1.0,4
2025-08-25,5,4,4,3,5,-1,-1,-1,-1,2,lean,0.03647779708123999,-1,53,2,-1.0,-1.0,-1.0,0.0,1.0,4
2025-08-26,4,4,4,3,5,-1,-1,-1,-1,3,mixed,0.028848543122158565,-1,53,3,-1.0,-1.0,-1.0,0.0,1.0,4
2025-08-27,4,4,4,3,5,-1,-1,-1,-1,2,lean,0.03662548013509426,-1,53,4,-1.0,-1.0,-1.0,0.0,1.0,4
2025-08-28,4,4,4,3,5,-1,-1,-1,-1,3,mixed,0.024869165660029946,-1,53,5,-1.0,-1.0,-1.0,0.0,1.0,4
2025-08-29,5,4,4,3,5,-1,-1,-1,-1,2,lean,0.04077400300232337,-1,53,6,-1.0,-1.0,-1.0,0.0,1.0,4
2025-08-30,5,4,4,3,5,-1,-1,-1,-1,2,lean,0.05024141921917691,-1,53,7,-1.0,-1.0,-1.0,0.0,1.0,4
2025-08-31,5,0,0,3,5,-1,-1,1,1,1,strong,0.0386404970760339,-1,53,8,-1.0,-1.0,-1.0,0.0,1.0,2
2025-09-01,4,4,4,3,5,-1,-1,-1,-1,1,strong,0.043800184242645646,-1,53,9,-1.0,-1.0,-1.0,0.0,1.0,4
2025-09-02,4,4,4,3,5,-1,-1,-1,-1,2,lean,0.01882582197352023,-1,53,10,-1.0,-1.0,-1.0,0.0,1.0,4
2025-09-03,4,4,4,3,5,-1,-1,-1,-1,2,lean,0.010687379656305174,-1,53,11,-1.0,-1.0,-1.0,0.0,1.0,4
2025-09-04,4,0,4,3,5,-1,-1,1,-1,3,mixed,0.009443789721411022,-1,53,12,-1.0,-1.0,-1.0,0.0,1.0,3
2025-09-05,4,0,4,4,5,-1,-1,1,-1,2,lean,0.010408148481507729,-1,53,13,-1.0,-1.0,-1.0,0.0,1.0,3
2025-09-06,4,0,4,4,5,-1,-1,1,-1,2,lean,0.01473955284116224,-1,53,14,-1.0,-1.0,-1.0,0.0,1.0,3
2025-09-07,4,4,4,4,5,-1,-1,-1,-1,1,strong,0.006698272539374717,-1,53,15,-1.0,-1.0,-1.0,0.0,1.0,4
2025-09-08,4,4,4,1,5,1,-1,-1,-1,4,mixed,0.0008318509060537549,-1,53,1,-1.0,-1.0,-1.0,0.0,0.0,1
2025-09-09,4,4,4,4,5,-1,-1,-1,-1,3,mixed,0.004595133842376198,-1,53,1,-1.0,-1.0,-1.0,0.0,1.0,4
2025-09-10,4,0,4,1,5,1,-1,1,-1,5,mixed,0.016280532621566923,-1,53,1,-1.0,-1.0,-1.0,0.0,0.0,2
2025-09-11,4,0,4,1,5,1,-1,1,-1,6,lean,0.02875434673677013,-1,53,2,-1.0,-1.0,-1.0,0.0,0.0,2
2025-09-12,4,0,4,1,5,1,-1,1,-1,7,strong,0.032786280480816776,-1,53,3,-1.0,-1.0,-1.0,0.0,0.0,2
2025-09-13,4,0,4,1,5,1,-1,1,-1,7,strong,0.030260713588224353,-1,53,4,-1.0,-1.0,-1.0,0.0,0.0,2
2025-09-14,4,4,4,1,5,1,-1,-1,-1,7,strong,0.03268143938559909,-1,53,5,-1.0,-1.0,-1.0,0.0,0.0,1
2025-09-15,0,4,0,1,5,1,1,-1,1,7,strong,0.0313497695784517,-1,53,6,-1.0,-1.0,-1.0,0.0,0.0,3
2025-09-16,0,0,0,1,5,1,1,1,1,7,strong,0.04103987184352942,-1,53,7,-1.0,-1.0,-1.0,0.0,0.0,4
2025-09-17,0,4,0,1,5,1,1,-1,1,7,strong,0.033688961923653005,-1,53,8,-1.0,-1.0,-1.0,0.0,0.0,3
2025-09-18,0,4,0,1,5,1,1,-1,1,7,strong,0.03789510317477385,-1,53,9,-1.0,-1.0,-1.0,0.0,0.0,3
2025-09-19,0,0,0,2,5,1,1,1,1,7,strong,0.023508563512955716,-1,53,10,-1.0,-1.0,-1.0,0.0,0.0,4
2025-09-20,0,0,0,2,5,1,1,1,1,7,strong,0.018951376581933133,-1,53,11,-1.0,-1.0,-1.0,0.0,0.0,4
2025-09-21,0,0,0,2,5,1,1,1,1,6,lean,0.01278362139568523,-1,53,12,-1.0,-1.0,-1.0,0.0,0.0,4
2025-09-22,0,5,0,5,5,-1,1,-1,1,2,lean,0.007782406566509081,-1,53,1,-1.0,-1.0,-1.0,0.0,1.0,2
2025-09-23,4,0,0,5,5,-1,-1,1,1,2,lean,0.013101776487041361,-1,53,2,-1.0,-1.0,1.0,0.0,1.0,2
2025-09-24,4,0,0,5,5,-1,-1,1,1,2,lean,0.0005394991750700129,-1,53,3,-1.0,-1.0,1.0,0.0,1.0,2
2025-09-25,5,5,5,5,5,-1,-1,-1,-1,1,strong,0.0406113713851064,-1,53,4,-1.0,-1.0,1.0,0.0,1.0,4
2025-09-26,4,0,0,5,5,-1,-1,1,1,1,strong,0.03470134343881304,-1,53,5,-1.0,-1.0,1.0,0.0,1.0,2
2025-09-27,4,0,0,5,5,-1,-1,1,1,1,strong,0.035455777645927,-1,53,6,-1.0,-1.0,1.0,0.0,1.0,2
2025-09-28,4,0,4,5,5,-1,-1,1,-1,2,lean,0.013489964671072219,-1,53,7,-1.0,-1.0,1.0,0.0,1.0,3
2025-09-29,4,5,5,2,5,1,-1,-1,-1,6,lean,0.005817838002007081,-1,53,1,-1.0,-1.0,1.0,0.0,0.0,1
2025-09-30,4,5,5,2,5,1,-1,-1,-1,6,lean,0.001628836578253967,-1,53,2,-1.0,-1.0,1.0,0.0,0.0,1
2025-10-01,5,5,5,2,5,1,-1,-1,-1,8,unanimous,0.03955352118983235,-1,53,3,-1.0,-1.0,1.0,0.0,0.0,1
2025-10-02,1,5,1,2,5,1,1,-1,1,8,unanimous,0.0546729887482299,-1,53,4,-1.0,-1.0,1.0,0.0,0.0,3
2025-10-03,1,5,1,2,5,1,1,-1,1,8,unanimous,0.06582940524420566,-1,53,5,-1.0,-1.0,1.0,0.0,0.0,3
2025-10-04,1,5,1,2,5,1,1,-1,1,8,unanimous,0.06766555278707609,-1,53,6,-1.0,-1.0,1.0,0.0,0.0,3
2025-10-05,1,5,1,0,5,1,1,-1,1,8,unanimous,0.07307299243056009,-1,53,7,-1.0,-1.0,1.0,0.0,0.0,3
2025-10-06,1,5,1,0,5,1,1,-1,1,8,unanimous,0.08146189919493119,-1,53,8,-1.0,-1.0,1.0,0.0,0.0,3
2025-10-07,1,1,1,0,5,1,1,1,1,8,unanimous,0.055369933845557884,-1,53,9,-1.0,-1.0,1.0,0.0,0.0,4
2025-10-08,2,1,1,0,5,1,1,1,1,8,unanimous,0.06926620692079544,-1,53,10,-1.0,-1.0,1.0,0.0,0.0,4
2025-10-09,2,1,1,0,5,1,1,1,1,8,unanimous,0.05604009854033043,-1,53,11,-1.0,-1.0,1.0,0.0,0.0,4
2025-10-10,5,5,5,3,5,-1,-1,-1,-1,1,strong,0.017808530317053428,-1,53,1,-1.0,-1.0,1.0,0.0,1.0,4
2025-10-11,5,5,5,3,5,-1,-1,-1,-1,1,strong,0.04083013741347652,-1,53,2,-1.0,-1.0,1.0,0.0,1.0,4
2025-10-12,5,5,5,3,5,-1,-1,-1,-1,3,mixed,0.0013228207725053398,-1,53,3,-1.0,-1.0,1.0,0.0,1.0,4
2025-10-13,5,5,5,3,5,-1,-1,-1,-1,3,mixed,0.0012094070578358984,-1,53,4,-1.0,-1.0,1.0,0.0,1.0,4
2025-10-14,5,5,5,3,5,-1,-1,-1,-1,1,strong,0.021086909179398372,-1,53,5,-1.0,-1.0,1.0,0.0,1.0,4
2025-10-15,5,5,5,3,5,-1,-1,-1,-1,2,lean,0.043052551438478526,-1,53,6,-1.0,-1.0,1.0,0.0,1.0,4
2025-10-16,5,5,5,3,5,-1,-1,-1,-1,1,strong,0.06826330809439196,-1,53,7,-1.0,-1.0,1.0,0.0,1.0,4
2025-10-17,5,5,5,3,5,-1,-1,-1,-1,0,unanimous,0.08510032554819591,-1,53,8,-1.0,-1.0,1.0,0.0,1.0,4
2025-10-18,5,5,5,4,5,-1,-1,-1,-1,0,unanimous,0.06417106508383985,-1,53,9,-1.0,-1.0,1.0,0.0,1.0,4
2025-10-19,5,5,5,4,5,-1,-1,-1,-1,1,strong,0.05276383011442887,-1,53,10,-1.0,-1.0,1.0,0.0,1.0,4
2025-10-20,5,5,5,4,5,-1,-1,-1,-1,1,strong,0.02988385814973138,-1,53,11,-1.0,-1.0,1.0,0.0,1.0,4
2025-10-21,5,5,5,4,5,-1,-1,-1,-1,1,strong,0.060241864627620156,-1,53,12,-1.0,-1.0,1.0,0.0,1.0,4
2025-10-22,5,5,5,4,5,-1,-1,-1,-1,0,unanimous,0.0683535898642913,-1,53,13,-1.0,-1.0,1.0,0.0,1.0,4
2025-10-23,5,0,5,4,5,-1,-1,1,-1,1,strong,0.03897845106594078,-1,53,14,-1.0,-1.0,1.0,0.0,1.0,3
2025-10-24,4,0,0,4,5,-1,-1,1,1,2,lean,0.022854980312897677,-1,53,15,-1.0,-1.0,1.0,0.0,1.0,2
2025-10-25,4,0,0,4,5,-1,-1,1,1,2,lean,0.012640691449993025,-1,53,16,-1.0,-1.0,1.0,0.0,1.0,2
2025-10-26,4,0,0,1,5,1,-1,1,1,6,lean,0.018428299297649997,-1,53,1,-1.0,-1.0,1.0,0.0,0.0,3
2025-10-27,4,0,0,0,5,1,-1,1,1,5,mixed,0.013797167082646666,-1,53,2,-1.0,-1.0,1.0,0.0,0.0,3
2025-10-28,4,0,0,0,5,1,-1,1,1,4,mixed,0.012807134066996628,-1,53,3,-1.0,-1.0,1.0,0.0,0.0,3
2025-10-29,4,0,0,3,5,-1,-1,1,1,3,mixed,0.009029267174550437,-1,53,1,-1.0,-1.0,1.0,0.0,1.0,2
2025-10-30,4,0,4,3,5,-1,-1,1,-1,1,strong,0.023795735209259705,-1,53,2,-1.0,-1.0,1.0,0.0,1.0,3
2025-10-31,4,0,4,3,5,-1,-1,1,-1,3,mixed,0.010906652732953992,-1,53,3,-1.0,-1.0,1.0,0.0,1.0,3
2025-11-01,4,0,0,3,5,-1,-1,1,1,2,lean,0.010326447804452465,-1,53,4,-1.0,-1.0,1.0,0.0,1.0,2
2025-11-02,4,0,0,3,5,-1,-1,1,1,3,mixed,0.009793832340809105,-1,53,5,-1.0,1.0,1.0,0.0,1.0,2
2025-11-03,4,4,4,3,5,-1,-1,-1,-1,0,unanimous,0.04210701753318258,-1,53,6,-1.0,1.0,1.0,0.0,1.0,4
2025-11-04,5,4,5,3,5,-1,-1,-1,-1,0,unanimous,0.0904871863432759,-1,53,7,-1.0,1.0,1.0,0.0,1.0,4
2025-11-05,5,4,5,3,5,-1,-1,-1,-1,0,unanimous,0.060956275513407654,-1,53,8,-1.0,1.0,1.0,0.0,1.0,4
2025-11-06,5,4,5,3,5,-1,-1,-1,-1,0,unanimous,0.09739587932501781,-1,53,9,-1.0,1.0,1.0,0.0,1.0,4
2025-11-07,5,4,5,3,5,-1,-1,-1,-1,0,unanimous,0.08415227770225187,-1,53,10,-1.0,1.0,1.0,0.0,1.0,4
2025-11-08,4,0,0,3,5,-1,-1,1,1,0,unanimous,0.07827510527784032,-1,53,11,-1.0,1.0,1.0,0.0,1.0,2
2025-11-09,4,4,4,4,5,-1,-1,-1,-1,0,unanimous,0.05604764328324863,-1,53,12,-1.0,1.0,1.0,0.0,1.0,4
2025-11-10,4,4,4,4,5,-1,-1,-1,-1,0,unanimous,0.0414064965131018,-1,53,13,-1.0,1.0,1.0,0.0,1.0,4
2025-11-11,4,0,4,4,5,-1,-1,1,-1,0,unanimous,0.07228077027085678,-1,53,14,-1.0,1.0,1.0,0.0,1.0,3
2025-11-12,4,0,4,4,5,-1,-1,1,-1,0,unanimous,0.08829584946861901,-1,53,15,1.0,1.0,1.0,1.0,1.0,3
2025-11-13,5,4,5,4,5,-1,-1,-1,-1,0,unanimous,0.10859265996423861,-1,53,16,1.0,1.0,1.0,1.0,1.0,4
2025-11-14,5,4,5,4,5,-1,-1,-1,-1,0,unanimous,0.17108272795468582,-1,53,17,1.0,1.0,1.0,1.0,1.0,4
2025-11-15,5,0,0,4,5,-1,-1,1,1,0,unanimous,0.1569772203643507,-1,53,18,1.0,1.0,-1.0,1.0,1.0,2
2025-11-16,5,4,4,4,5,-1,-1,-1,-1,0,unanimous,0.17390487433491697,-1,53,19,1.0,1.0,-1.0,1.0,1.0,4
2025-11-17,5,4,5,4,5,-1,-1,-1,-1,0,unanimous,0.2003327756616653,-1,53,20,1.0,1.0,-1.0,1.0,1.0,4
2025-11-18,5,4,5,4,5,-1,-1,-1,-1,0,unanimous,0.1840412773957727,-1,53,21,1.0,1.0,-1.0,1.0,1.0,4
2025-11-19,5,4,4,4,5,-1,-1,-1,-1,0,unanimous,0.18410727621015566,-1,53,22,1.0,1.0,-1.0,1.0,1.0,4
2025-11-20,5,4,4,4,5,-1,-1,-1,-1,0,unanimous,0.26370639153049935,-1,53,23,1.0,1.0,-1.0,1.0,1.0,4
2025-11-21,5,4,5,4,5,-1,-1,-1,-1,0,unanimous,0.2813932120327902,-1,53,24,1.0,1.0,-1.0,1.0,1.0,4
2025-11-22,5,0,0,4,5,-1,-1,1,1,0,unanimous,0.2826981452009818,1,54,25,1.0,1.0,-1.0,0.0,0.0,2
2025-11-23,5,0,0,5,5,-1,-1,1,1,0,unanimous,0.22743521511620735,1,54,26,1.0,1.0,-1.0,0.0,0.0,2
2025-11-24,4,4,4,5,5,-1,-1,-1,-1,0,unanimous,0.167173667005859,1,54,27,1.0,1.0,-1.0,0.0,0.0,4
2025-11-25,4,0,4,5,5,-1,-1,1,-1,0,unanimous,0.1894846240912822,1,54,28,1.0,1.0,-1.0,0.0,0.0,3
2025-11-26,4,0,4,5,5,-1,-1,1,-1,0,unanimous,0.12713053045932643,1,54,29,1.0,1.0,-1.0,0.0,0.0,3
2025-11-27,4,0,0,5,5,-1,-1,1,1,0,unanimous,0.13240928516753092,1,54,30,1.0,1.0,-1.0,0.0,0.0,2
2025-11-28,4,0,0,5,5,-1,-1,1,1,0,unanimous,0.12497737948485543,1,54,31,1.0,1.0,-1.0,0.0,0.0,2
2025-11-29,4,0,0,5,5,-1,-1,1,1,0,unanimous,0.15264297737772514,1,54,32,1.0,1.0,-1.0,0.0,0.0,2
2025-11-30,4,0,0,5,5,-1,-1,1,1,1,strong,0.1654699002303126,1,54,33,1.0,1.0,-1.0,0.0,0.0,2
2025-12-01,5,0,4,5,5,-1,-1,1,-1,1,strong,0.1931834462363251,1,54,34,1.0,1.0,-1.0,0.0,0.0,3
2025-12-02,4,0,4,3,5,-1,-1,1,-1,2,lean,0.11289503495562148,1,54,35,1.0,1.0,-1.0,0.0,0.0,3
2025-12-03,4,4,4,3,5,-1,-1,-1,-1,2,lean,0.0659663457365911,1,54,36,1.0,1.0,-1.0,0.0,0.0,4
2025-12-04,4,3,4,3,5,-1,-1,-1,-1,2,lean,0.06547755298447178,1,54,37,1.0,1.0,-1.0,0.0,0.0,4
2025-12-05,4,3,4,3,5,-1,-1,-1,-1,1,strong,0.0918972618322702,1,54,38,1.0,1.0,-1.0,0.0,0.0,4
2025-12-06,4,0,4,3,5,-1,-1,1,-1,0,unanimous,0.08620505692011937,1,54,39,1.0,1.0,-1.0,0.0,0.0,3
2025-12-07,4,0,4,3,5,-1,-1,1,-1,1,strong,0.0658718621921277,1,54,40,1.0,1.0,-1.0,0.0,0.0,3
2025-12-08,4,0,0,3,5,-1,-1,1,1,1,strong,0.05755490037221733,1,54,41,1.0,1.0,-1.0,0.0,0.0,2
2025-12-09,4,0,0,3,5,-1,-1,1,1,3,mixed,0.029261759100061235,1,54,42,1.0,1.0,-1.0,0.0,0.0,2
2025-12-10,0,0,0,3,5,-1,1,1,1,3,mixed,0.03206515925266018,1,54,43,1.0,1.0,-1.0,0.0,0.0,1
2025-12-11,0,3,0,3,5,-1,1,-1,1,3,mixed,0.021593384121591175,1,54,44,1.0,1.0,-1.0,0.0,0.0,2
2025-12-12,0,0,0,3,5,-1,1,1,1,1,strong,0.041804690961179336,1,54,45,1.0,1.0,-1.0,0.0,0.0,1
2025-12-13,0,0,0,3,5,-1,1,1,1,1,strong,0.036856208404546065,1,54,46,1.0,1.0,-1.0,0.0,0.0,1
2025-12-14,0,0,0,3,5,-1,1,1,1,0,unanimous,0.05854329668987335,1,54,47,1.0,1.0,-1.0,0.0,0.0,1
2025-12-15,4,0,0,4,5,-1,-1,1,1,0,unanimous,0.07538173393294456,1,54,48,1.0,1.0,-1.0,0.0,0.0,2
2025-12-16,4,0,0,4,5,-1,-1,1,1,0,unanimous,0.053602904533931905,1,54,49,1.0,1.0,-1.0,0.0,0.0,2
2025-12-17,4,0,0,4,5,-1,-1,1,1,0,unanimous,0.06977585793801522,1,54,50,1.0,1.0,-1.0,0.0,0.0,2
2025-12-18,4,0,0,4,5,-1,-1,1,1,0,unanimous,0.07346145908340707,1,54,51,1.0,1.0,-1.0,0.0,0.0,2
2025-12-19,4,0,0,4,5,-1,-1,1,1,0,unanimous,0.05207890978221341,1,54,52,1.0,1.0,-1.0,0.0,0.0,2
2025-12-20,4,0,0,4,5,-1,-1,1,1,0,unanimous,0.041620770086253644,1,54,53,1.0,1.0,-1.0,0.0,0.0,2
2025-12-21,0,0,0,4,5,-1,1,1,1,1,strong,0.04388974419372227,1,54,54,1.0,1.0,-1.0,0.0,0.0,1
2025-12-22,0,0,0,4,5,-1,1,1,1,0,unanimous,0.03232214933852884,1,54,55,1.0,1.0,-1.0,0.0,0.0,1
2025-12-23,0,0,0,4,5,-1,1,1,1,0,unanimous,0.06994079538174658,1,54,56,1.0,1.0,-1.0,0.0,0.0,1
2025-12-24,0,0,0,4,5,-1,1,1,1,0,unanimous,0.05170143453051268,1,54,57,1.0,1.0,-1.0,0.0,0.0,1
2025-12-25,0,0,0,4,5,-1,1,1,1,1,strong,0.02491332050566397,1,54,58,1.0,-1.0,-1.0,0.0,0.0,1
2025-12-26,0,0,0,4,5,-1,1,1,1,0,unanimous,0.02257632342969762,1,54,59,1.0,-1.0,1.0,0.0,0.0,1
2025-12-27,0,0,0,4,5,-1,1,1,1,1,strong,0.02965171342247075,1,54,60,1.0,-1.0,1.0,0.0,0.0,1
2025-12-28,0,0,0,4,5,-1,1,1,1,1,strong,0.03192736947930297,1,54,61,1.0,-1.0,1.0,0.0,0.0,1
2025-12-29,0,0,0,5,5,-1,1,1,1,0,unanimous,0.06373294486968528,1,54,62,1.0,-1.0,1.0,0.0,0.0,1
2025-12-30,0,0,0,5,5,-1,1,1,1,2,lean,0.0406062095102091,1,54,63,1.0,-1.0,1.0,0.0,0.0,1
2025-12-31,0,0,0,5,5,-1,1,1,1,0,unanimous,0.05506120319246843,1,54,64,1.0,-1.0,1.0,0.0,0.0,1
2026-01-01,0,0,0,5,5,-1,1,1,1,2,lean,0.017337938493500626,1,54,65,1.0,-1.0,1.0,0.0,0.0,1
2026-01-02,0,0,0,5,5,-1,1,1,1,3,mixed,0.0039359255570328155,1,54,66,1.0,-1.0,1.0,0.0,0.0,1
2026-01-03,0,0,0,2,5,1,1,1,1,4,mixed,0.016078786000994882,1,54,1,1.0,-1.0,1.0,0.0,1.0,4
2026-01-04,0,0,0,2,5,1,1,1,1,5,mixed,0.023885652995808138,1,54,2,-1.0,-1.0,1.0,1.0,1.0,4
2026-01-05,0,1,0,2,5,1,1,1,1,5,mixed,0.04931247925515947,1,54,3,-1.0,-1.0,1.0,1.0,1.0,4
2026-01-06,0,1,0,2,5,1,1,1,1,5,mixed,0.047044802268637276,1,54,4,-1.0,-1.0,1.0,1.0,1.0,4
2026-01-07,0,1,1,2,5,1,1,1,1,5,mixed,0.02098874971775777,1,54,5,-1.0,-1.0,1.0,1.0,1.0,4
2026-01-08,0,1,0,2,5,1,1,1,1,5,mixed,0.017838773878439906,1,54,6,-1.0,-1.0,1.0,1.0,1.0,4
2026-01-09,0,1,0,2,5,1,1,1,1,5,mixed,0.01208181889431681,1,54,7,-1.0,-1.0,1.0,1.0,1.0,4
2026-01-10,0,0,0,2,5,1,1,1,1,5,mixed,0.009510637137729705,1,54,8,-1.0,-1.0,1.0,1.0,1.0,4
2026-01-11,0,0,0,2,5,1,1,1,1,5,mixed,0.014589790710379913,1,54,9,-1.0,-1.0,1.0,1.0,1.0,4
2026-01-12,0,1,1,2,5,1,1,1,1,5,mixed,0.016338431725449465,1,54,10,-1.0,-1.0,1.0,1.0,1.0,4
2026-01-13,1,1,1,2,5,1,1,1,1,6,lean,0.057590112493446144,1,54,11,-1.0,-1.0,1.0,1.0,1.0,4
2026-01-14,1,1,1,2,5,1,1,1,1,6,lean,0.06882855245618913,-1,55,12,-1.0,-1.0,1.0,0.0,0.0,4
2026-01-15,1,1,1,2,5,1,1,1,1,6,lean,0.05009496322255769,-1,55,13,-1.0,-1.0,1.0,0.0,0.0,4
2026-01-16,1,1,1,2,5,1,1,1,1,6,lean,0.045566226866181614,-1,55,14,-1.0,-1.0,1.0,0.0,0.0,4
2026-01-17,1,1,1,2,5,1,1,1,1,6,lean,0.039872453233810834,-1,55,15,-1.0,-1.0,1.0,0.0,0.0,4
2026-01-18,1,1,1,2,5,1,1,1,1,6,lean,0.027845576634596303,-1,55,16,-1.0,-1.0,1.0,0.0,0.0,4
2026-01-19,2,1,1,2,5,1,1,1,1,6,lean,0.026320444015090594,-1,55,17,-1.0,-1.0,1.0,0.0,0.0,4
2026-01-20,2,1,1,5,5,-1,1,1,1,2,lean,0.020469944514486693,-1,55,1,-1.0,-1.0,1.0,0.0,1.0,1
2026-01-21,2,1,1,5,5,-1,1,1,1,2,lean,0.008790480653330546,-1,55,2,-1.0,-1.0,1.0,0.0,1.0,1
2026-01-22,2,1,1,5,5,-1,1,1,1,1,strong,0.008313730043628675,-1,55,3,-1.0,-1.0,1.0,0.0,1.0,1
2026-01-23,2,1,1,5,5,-1,1,1,1,1,strong,0.01228228945394827,-1,55,4,-1.0,-1.0,1.0,0.0,1.0,1
2026-01-24,3,0,0,3,5,-1,-1,1,1,1,strong,0.025841531086585157,-1,55,5,-1.0,-1.0,1.0,0.0,1.0,2
2026-01-25,3,0,0,3,5,-1,-1,1,1,0,unanimous,0.06352624213253355,-1,55,6,-1.0,-1.0,1.0,0.0,1.0,2
2026-01-26,3,1,1,3,5,-1,-1,1,1,0,unanimous,0.038836779903426155,-1,55,7,-1.0,-1.0,1.0,0.0,1.0,2
2026-01-27,3,1,1,3,5,-1,-1,1,1,0,unanimous,0.024752197015921462,-1,55,8,-1.0,-1.0,1.0,0.0,1.0,2
2026-01-28,3,1,1,3,5,-1,-1,1,1,0,unanimous,0.020660016424856265,-1,55,9,-1.0,-1.0,1.0,0.0,1.0,2
2026-01-29,3,1,1,3,5,-1,-1,1,1,0,unanimous,0.07038084206933881,-1,55,10,-1.0,-1.0,1.0,0.0,1.0,2
2026-01-30,3,1,1,3,5,-1,-1,1,1,0,unanimous,0.07234900294795166,-1,55,11,-1.0,-1.0,1.0,0.0,1.0,2
2026-01-31,5,5,5,3,5,-1,-1,-1,-1,0,unanimous,0.15369434218722944,-1,55,12,-1.0,-1.0,1.0,0.0,1.0,4
2026-02-01,5,5,5,3,5,-1,-1,-1,-1,0,unanimous,0.16977862040477376,-1,55,13,-1.0,-1.0,1.0,0.0,1.0,4
2026-02-02,5,5,5,3,5,-1,-1,-1,-1,0,unanimous,0.13872971402228784,-1,55,14,-1.0,-1.0,1.0,0.0,1.0,4
2026-02-03,5,5,5,3,5,-1,-1,-1,-1,0,unanimous,0.18183149760892925,-1,55,15,-1.0,-1.0,1.0,0.0,1.0,4
2026-02-04,5,5,5,3,5,-1,-1,-1,-1,0,unanimous,0.22003962872705274,-1,55,16,-1.0,1.0,1.0,0.0,1.0,4
2026-02-05,5,5,5,3,5,-1,-1,-1,-1,0,unanimous,0.4147516199073611,-1,55,17,-1.0,1.0,1.0,0.0,1.0,4
2026-02-06,5,5,5,4,5,-1,-1,-1,-1,0,unanimous,0.26287402738761334,-1,55,18,-1.0,1.0,1.0,0.0,1.0,4
2026-02-07,5,5,5,4,5,-1,-1,-1,-1,0,unanimous,0.28726957275589826,-1,55,19,-1.0,1.0,1.0,0.0,1.0,4
2026-02-08,5,5,5,4,5,-1,-1,-1,-1,0,unanimous,0.2447348892222374,-1,55,20,-1.0,1.0,1.0,0.0,1.0,4
2026-02-09,5,5,5,4,5,-1,-1,-1,-1,0,unanimous,0.24191279540481125,-1,55,21,-1.0,1.0,1.0,0.0,1.0,4
2026-02-10,5,5,5,4,5,-1,-1,-1,-1,0,unanimous,0.2609010307859905,-1,55,22,-1.0,1.0,1.0,0.0,1.0,4
2026-02-11,5,5,5,4,5,-1,-1,-1,-1,0,unanimous,0.2893767802548619,-1,55,23,-1.0,1.0,1.0,0.0,1.0,4
2026-02-12,5,0,5,4,5,-1,-1,1,-1,0,unanimous,0.29894981210474647,-1,55,24,-1.0,1.0,1.0,0.0,1.0,3
2026-02-13,5,0,5,4,5,-1,-1,1,-1,0,unanimous,0.2442520547641105,-1,55,25,-1.0,1.0,1.0,0.0,1.0,3
2026-02-14,5,0,5,4,5,-1,-1,1,-1,0,unanimous,0.22341436416847338,-1,55,26,1.0,1.0,1.0,1.0,1.0,3
2026-02-15,5,0,5,4,5,-1,-1,1,-1,1,strong,0.23679887634524865,-1,55,27,1.0,1.0,1.0,1.0,1.0,3
2026-02-16,5,0,5,4,5,-1,-1,1,-1,0,unanimous,0.23170612775775123,-1,55,28,1.0,1.0,1.0,1.0,1.0,3
2026-02-17,4,0,4,4,5,-1,-1,1,-1,0,unanimous,0.2514863414031421,-1,55,29,1.0,1.0,1.0,1.0,1.0,3
2026-02-18,4,0,4,4,5,-1,-1,1,-1,0,unanimous,0.2663048724597672,-1,55,30,1.0,1.0,1.0,1.0,1.0,3
2026-02-19,4,0,0,4,5,-1,-1,1,1,0,unanimous,0.25062116689417024,-1,55,31,1.0,1.0,1.0,1.0,1.0,2
2026-02-20,4,4,4,5,5,-1,-1,-1,-1,0,unanimous,0.17954177867593546,-1,55,32,1.0,1.0,1.0,1.0,1.0,4
2026-02-21,4,0,0,5,5,-1,-1,1,1,1,strong,0.17082756317009418,-1,55,33,1.0,1.0,1.0,1.0,1.0,2
2026-02-22,4,0,0,5,5,-1,-1,1,1,1,strong,0.1664341124710862,-1,55,34,1.0,1.0,1.0,1.0,1.0,2
2026-02-23,5,0,5,5,5,-1,-1,1,-1,0,unanimous,0.20974397834531966,-1,55,35,1.0,1.0,1.0,1.0,1.0,3
2026-02-24,4,0,4,5,5,-1,-1,1,-1,0,unanimous,0.20749792674426004,1,56,36,1.0,1.0,1.0,0.0,0.0,3
2026-02-25,0,4,0,5,5,-1,1,-1,1,1,strong,0.1266935585554294,1,56,37,1.0,1.0,1.0,0.0,0.0,2
2026-02-26,0,4,0,5,5,-1,1,-1,1,0,unanimous,0.12483466797984044,1,56,38,1.0,1.0,1.0,0.0,0.0,2
2026-02-27,0,4,0,5,5,-1,1,-1,1,0,unanimous,0.14148440900964054,1,56,39,1.0,1.0,1.0,0.0,0.0,2
2026-02-28,0,4,0,5,5,-1,1,-1,1,1,strong,0.11229488565372203,1,56,40,1.0,1.0,1.0,0.0,0.0,2
2026-03-01,0,4,0,5,5,-1,1,-1,1,0,unanimous,0.12526237176164923,1,56,41,1.0,1.0,1.0,0.0,0.0,2
2026-03-02,0,4,0,5,5,-1,1,-1,1,2,lean,0.06674778738720843,1,56,42,1.0,1.0,1.0,0.0,0.0,2
2026-03-03,0,4,0,5,5,-1,1,-1,1,3,mixed,0.06651296958508901,1,56,43,1.0,1.0,1.0,0.0,0.0,2
2026-03-04,1,5,5,2,5,1,1,-1,-1,4,mixed,0.005753884786111718,1,56,1,1.0,1.0,1.0,0.0,1.0,2
2026-03-05,0,5,5,5,5,-1,1,-1,-1,3,mixed,0.014547595183082018,1,56,1,1.0,1.0,1.0,0.0,0.0,3
2026-03-06,0,5,0,3,5,-1,1,-1,1,2,lean,0.04889948596033267,1,56,2,1.0,1.0,1.0,0.0,0.0,2
2026-03-07,0,0,0,3,5,-1,1,1,1,0,unanimous,0.05469638084011841,1,56,3,1.0,1.0,1.0,0.0,0.0,1
2026-03-08,0,0,0,3,5,-1,1,1,1,0,unanimous,0.06704034537132131,1,56,4,1.0,1.0,1.0,0.0,0.0,1
2026-03-09,0,5,0,3,5,-1,1,-1,1,3,mixed,0.020390873791505726,1,56,5,1.0,1.0,1.0,0.0,0.0,2
2026-03-10,0,5,5,0,5,1,1,-1,-1,4,mixed,0.0077808837370437756,1,56,1,1.0,1.0,1.0,0.0,1.0,2
2026-03-11,0,5,0,0,5,1,1,-1,1,4,mixed,0.01689627807118743,1,56,2,1.0,1.0,-1.0,0.0,1.0,3
2026-03-12,0,5,0,0,5,1,1,-1,1,4,mixed,0.023982085797493613,1,56,3,1.0,1.0,-1.0,0.0,1.0,3
2026-03-13,1,5,1,0,5,1,1,-1,1,4,mixed,0.03285361396210451,1,56,4,1.0,1.0,-1.0,0.0,1.0,3
2026-03-14,0,0,0,3,5,-1,1,1,1,3,mixed,0.02100626275852746,1,56,1,1.0,1.0,-1.0,0.0,0.0,1
2026-03-15,0,0,0,0,5,1,1,1,1,4,mixed,0.026772789714062606,1,56,1,1.0,1.0,-1.0,0.0,1.0,4
2026-03-16,1,1,1,0,5,1,1,1,1,5,mixed,0.07897466404345277,1,56,2,1.0,1.0,-1.0,0.0,1.0,4
2026-03-17,1,1,1,0,5,1,1,1,1,4,mixed,0.06236683997659964,1,56,3,1.0,1.0,-1.0,0.0,1.0,4
2026-03-18,0,1,1,0,5,1,1,1,1,4,mixed,0.02235864753517769,1,56,4,1.0,1.0,-1.0,0.0,1.0,4
2026-03-19,0,1,1,4,5,-1,1,1,1,3,mixed,0.0003166597896582246,1,56,1,1.0,1.0,-1.0,0.0,0.0,1
2026-03-20,0,1,0,1,5,1,1,1,1,4,mixed,0.006155980882127987,1,56,1,1.0,1.0,-1.0,0.0,1.0,4
2026-03-21,0,1,0,4,5,-1,1,1,1,1,strong,0.02370405566392786,1,56,1,1.0,1.0,-1.0,0.0,0.0,1
2026-03-22,0,0,0,4,5,-1,1,1,1,0,unanimous,0.039033705745857405,1,56,2,1.0,1.0,-1.0,0.0,0.0,1
2026-03-23,0,1,0,4,5,-1,1,1,1,3,mixed,0.0007531037989878531,1,56,3,1.0,1.0,-1.0,0.0,0.0,1
2026-03-24,0,1,0,4,5,-1,1,1,1,2,lean,0.015793477976716153,1,56,4,1.0,1.0,-1.0,0.0,0.0,1
2026-03-25,0,1,0,4,5,-1,1,1,1,3,mixed,9.20678406557407e-05,1,56,5,1.0,1.0,-1.0,0.0,0.0,1
2026-03-26,0,1,0,4,5,-1,1,1,1,1,strong,0.03294208414862054,1,56,6,1.0,1.0,-1.0,0.0,0.0,1
2026-03-27,0,1,1,4,5,-1,1,1,1,0,unanimous,0.06616526278041701,1,56,7,1.0,1.0,-1.0,0.0,0.0,1
2026-03-28,0,1,0,4,5,-1,1,1,1,1,strong,0.0625519458027457,1,56,8,1.0,1.0,-1.0,0.0,0.0,1
2026-03-29,0,1,0,4,5,-1,1,1,1,0,unanimous,0.060638007786399495,1,56,9,1.0,1.0,-1.0,0.0,0.0,1
2026-03-30,0,1,0,4,5,-1,1,1,1,0,unanimous,0.051850851447000856,1,56,10,1.0,1.0,-1.0,0.0,0.0,1
2026-03-31,0,1,0,4,5,-1,1,1,1,0,unanimous,0.025372112383175383,1,56,11,1.0,1.0,-1.0,0.0,0.0,1
2026-04-01,0,1,0,4,5,-1,1,1,1,1,strong,0.025955690638798323,1,56,12,1.0,1.0,-1.0,0.0,0.0,1
2026-04-02,0,1,0,5,5,-1,1,1,1,0,unanimous,0.060193976993220044,1,56,13,1.0,1.0,-1.0,0.0,0.0,1
2026-04-03,0,0,0,5,5,-1,1,1,1,0,unanimous,0.05358880593278004,1,56,14,1.0,1.0,-1.0,0.0,0.0,1
2026-04-04,3,0,0,5,5,-1,-1,1,1,0,unanimous,0.05973155577970801,1,56,15,1.0,1.0,-1.0,0.0,0.0,2
2026-04-05,3,0,0,5,5,-1,-1,1,1,3,mixed,0.0003784379551889927,1,56,16,1.0,1.0,-1.0,0.0,0.0,2
2026-04-06,2,0,2,2,5,1,1,1,1,4,mixed,0.0026351585930075583,1,56,1,1.0,1.0,-1.0,0.0,1.0,4
2026-04-07,2,2,2,2,5,1,1,1,1,6,lean,0.03990018433261078,1,56,2,1.0,1.0,-1.0,0.0,1.0,4
2026-04-08,2,2,2,2,5,1,1,1,1,6,lean,0.026682471298724586,1,56,3,1.0,1.0,-1.0,0.0,1.0,4
2026-04-09,2,2,2,2,5,1,1,1,1,6,lean,0.0339481140158715,1,56,4,1.0,1.0,-1.0,0.0,1.0,4
2026-04-10,2,2,2,2,5,1,1,1,1,6,lean,0.05812464543120888,1,56,5,1.0,1.0,-1.0,0.0,1.0,4
2026-04-11,2,1,2,2,5,1,1,1,1,6,lean,0.0581235556287073,1,56,6,1.0,1.0,-1.0,0.0,1.0,4
2026-04-12,2,1,2,2,5,1,1,1,1,5,mixed,0.02399878646348408,1,56,7,1.0,1.0,-1.0,0.0,1.0,4
2026-04-13,2,2,2,2,5,1,1,1,1,6,lean,0.07272416183736563,1,56,8,1.0,1.0,-1.0,0.0,1.0,4
2026-04-14,2,2,2,2,5,1,1,1,1,6,lean,0.06668376885377003,1,56,9,1.0,1.0,-1.0,0.0,1.0,4
2026-04-15,2,1,2,2,5,1,1,1,1,6,lean,0.07067026446749358,1,56,10,1.0,1.0,-1.0,0.0,1.0,4
2026-04-16,1,1,1,2,5,1,1,1,1,7,strong,0.07840512676733957,1,56,11,1.0,1.0,-1.0,0.0,1.0,4
2026-04-17,1,1,1,2,5,1,1,1,1,7,strong,0.08796092467103289,1,56,12,1.0,1.0,-1.0,0.0,1.0,4
2026-04-18,1,1,1,2,5,1,1,1,1,7,strong,0.06813733564275581,1,56,13,1.0,1.0,-1.0,0.0,1.0,4
2026-04-19,2,1,1,2,5,1,1,1,1,6,lean,0.042531523566975316,1,56,14,1.0,1.0,-1.0,0.0,1.0,4
2026-04-20,2,1,1,2,5,1,1,1,1,7,strong,0.06674046675640632,1,56,15,1.0,-1.0,-1.0,0.0,1.0,4
2026-04-21,2,1,1,2,5,1,1,1,1,7,strong,0.07080414640266097,1,56,16,1.0,-1.0,-1.0,0.0,1.0,4
2026-04-22,1,1,1,2,5,1,1,1,1,7,strong,0.09526086771054976,1,56,17,1.0,-1.0,-1.0,0.0,1.0,4
2026-04-23,1,1,1,2,5,1,1,1,1,7,strong,0.08949930140773887,1,56,18,1.0,-1.0,-1.0,0.0,1.0,4
2026-04-24,1,1,1,2,5,1,1,1,1,7,strong,0.07812101746426792,1,56,19,1.0,-1.0,-1.0,0.0,1.0,4
2026-04-25,1,1,1,2,5,1,1,1,1,7,strong,0.079125278041703,1,56,20,1.0,-1.0,-1.0,0.0,1.0,4
2026-04-26,1,1,1,2,5,1,1,1,1,7,strong,0.09016290456105958,1,56,21,1.0,-1.0,-1.0,0.0,1.0,4
2026-04-27,2,1,1,2,5,1,1,1,1,7,strong,0.07013259108821146,1,56,22,1.0,-1.0,-1.0,0.0,1.0,4
2026-04-28,2,1,1,2,5,1,1,1,1,7,strong,0.05768057586138753,1,56,23,1.0,-1.0,-1.0,0.0,1.0,4
2026-04-29,2,1,1,2,5,1,1,1,1,7,strong,0.04856375511796063,1,56,24,1.0,-1.0,-1.0,0.0,1.0,4
2026-04-30,2,1,1,2,5,1,1,1,1,7,strong,0.05023298122420228,1,56,25,-1.0,-1.0,-1.0,1.0,1.0,4
2026-05-01,2,1,1,2,5,1,1,1,1,7,strong,0.07271513673338725,1,56,26,-1.0,-1.0,-1.0,1.0,1.0,4
2026-05-02,2,1,1,2,5,1,1,1,1,7,strong,0.08177179250575428,1,56,27,-1.0,-1.0,-1.0,1.0,1.0,4
2026-05-03,2,1,1,2,5,1,1,1,1,7,strong,0.07192753318589928,1,56,28,-1.0,-1.0,-1.0,1.0,1.0,4
2026-05-04,1,1,1,2,5,1,1,1,1,7,strong,0.0845994684659539,1,56,29,-1.0,-1.0,-1.0,1.0,1.0,4
2026-05-05,2,1,1,2,5,1,1,1,1,7,strong,0.09353565792944107,1,56,30,-1.0,-1.0,-1.0,1.0,1.0,4
2026-05-06,2,1,1,2,5,1,1,1,1,7,strong,0.09451315837419894,1,56,31,-1.0,-1.0,-1.0,1.0,1.0,4
2026-05-07,2,1,1,2,5,1,1,1,1,7,strong,0.07362897464221729,1,56,32,-1.0,-1.0,-1.0,1.0,1.0,4
2026-05-08,2,1,1,2,5,1,1,1,1,7,strong,0.07117684147306202,1,56,33,-1.0,-1.0,-1.0,1.0,1.0,4
2026-05-09,2,1,1,2,5,1,1,1,1,7,strong,0.08439929379443512,1,56,34,-1.0,-1.0,-1.0,1.0,1.0,4
2026-05-10,2,1,1,2,5,1,1,1,1,7,strong,0.08515847416184241,-1,57,35,-1.0,-1.0,-1.0,0.0,0.0,4
2026-05-11,2,1,1,2,5,1,1,1,1,7,strong,0.07615074473649885,-1,57,36,-1.0,-1.0,-1.0,0.0,0.0,4
2026-05-12,2,1,1,2,5,1,1,1,1,7,strong,0.05706390757781776,-1,57,37,-1.0,-1.0,-1.0,0.0,0.0,4
2026-05-13,2,1,1,2,5,1,1,1,1,7,strong,0.03840505223874535,-1,57,38,-1.0,-1.0,-1.0,0.0,0.0,4
2026-05-14,2,1,1,2,5,1,1,1,1,7,strong,0.0556613979600592,-1,57,39,-1.0,-1.0,-1.0,0.0,0.0,4
2026-05-15,2,1,1,2,5,1,1,1,1,5,mixed,0.02803220088394487,-1,57,40,-1.0,-1.0,-1.0,0.0,0.0,4
2026-05-16,2,1,1,2,5,1,1,1,1,4,mixed,0.01306073917970696,-1,57,41,-1.0,-1.0,-1.0,0.0,0.0,4
2026-05-17,2,1,1,2,5,1,1,1,1,5,mixed,0.0020616420950919645,-1,57,42,-1.0,-1.0,-1.0,0.0,0.0,4
2026-05-18,2,1,1,2,5,1,1,1,1,4,mixed,0.007842329860690223,-1,57,43,-1.0,-1.0,-1.0,0.0,0.0,4
2026-05-19,2,1,1,2,5,1,1,1,1,4,mixed,0.012700481142527198,-1,57,44,-1.0,-1.0,-1.0,0.0,0.0,4
2026-05-20,2,1,1,0,5,1,1,1,1,4,mixed,0.014891379829433227,-1,57,45,-1.0,-1.0,-1.0,0.0,0.0,4
2026-05-21,2,1,2,3,5,-1,1,1,1,3,mixed,0.003028765345977069,-1,57,1,-1.0,-1.0,-1.0,0.0,1.0,1
2026-05-22,3,0,0,3,5,-1,-1,1,1,3,mixed,0.03258483127088496,-1,57,2,-1.0,-1.0,-1.0,0.0,1.0,2
2026-05-23,2,0,0,3,5,-1,1,1,1,3,mixed,0.016959996093987018,-1,57,3,-1.0,-1.0,-1.0,0.0,1.0,1
2026-05-24,3,0,0,3,5,-1,-1,1,1,3,mixed,0.013724317765872573,-1,57,4,-1.0,-1.0,-1.0,0.0,1.0,2
2026-05-25,3,0,0,3,5,-1,-1,1,1,3,mixed,0.010526728103686267,-1,57,5,-1.0,-1.0,-1.0,0.0,1.0,2
2026-05-26,3,0,3,3,5,-1,-1,1,-1,3,mixed,0.030407923431338357,-1,57,6,-1.0,-1.0,-1.0,0.0,1.0,3
2026-05-27,3,0,3,3,5,-1,-1,1,-1,2,lean,0.04149116625448901,-1,57,7,-1.0,-1.0,-1.0,0.0,1.0,3
2026-05-28,3,0,3,3,5,-1,-1,1,-1,2,lean,0.04647507898654579,-1,57,8,-1.0,-1.0,-1.0,0.0,1.0,3
2026-05-29,3,0,0,3,5,-1,-1,1,1,2,lean,0.046044250002901466,-1,57,9,-1.0,-1.0,-1.0,0.0,1.0,2
2026-05-30,3,0,0,3,5,-1,-1,1,1,2,lean,0.04854129184805189,-1,57,10,-1.0,-1.0,-1.0,0.0,1.0,2
2026-05-31,3,0,0,3,5,-1,-1,1,1,2,lean,0.045333810572810274,-1,57,11,-1.0,-1.0,-1.0,0.0,1.0,2
2026-06-01,3,0,0,3,5,-1,-1,1,1,1,strong,0.06811636283275502,-1,57,12,-1.0,-1.0,-1.0,0.0,1.0,2
2026-06-02,5,0,5,4,5,-1,-1,1,-1,0,unanimous,0.1431487501284674,-1,57,13,-1.0,-1.0,-1.0,0.0,1.0,3
2026-06-03,5,0,5,4,5,-1,-1,1,-1,0,unanimous,0.1910178582067803,-1,57,14,-1.0,-1.0,-1.0,0.0,1.0,3
2026-06-04,5,0,5,4,5,-1,-1,1,-1,0,unanimous,0.19367053226755737,-1,57,15,-1.0,-1.0,-1.0,0.0,1.0,3
2026-06-05,5,0,5,4,5,-1,-1,1,-1,0,unanimous,0.24462268155909483,-1,57,16,-1.0,-1.0,-1.0,0.0,1.0,3
2026-06-06,5,4,5,4,5,-1,-1,-1,-1,0,unanimous,0.22142043111378484,-1,57,17,-1.0,-1.0,-1.0,0.0,1.0,4
2026-06-07,5,4,4,4,5,-1,-1,-1,-1,0,unanimous,0.16282595491829577,-1,57,18,-1.0,-1.0,-1.0,0.0,1.0,4
2026-06-08,4,4,4,4,5,-1,-1,-1,-1,0,unanimous,0.1629709536590831,-1,57,19,-1.0,-1.0,,0.0,1.0,4
2026-06-09,5,4,4,4,5,-1,-1,-1,-1,0,unanimous,0.19646839376031955,-1,57,20,-1.0,-1.0,,0.0,1.0,4
2026-06-10,4,4,4,4,5,-1,-1,-1,-1,0,unanimous,0.1974050249004864,-1,57,21,-1.0,-1.0,,0.0,1.0,4
2026-06-11,4,4,4,4,5,-1,-1,-1,-1,0,unanimous,0.14699789719526524,-1,57,22,-1.0,-1.0,,0.0,1.0,4
2026-06-12,4,4,4,4,5,-1,-1,-1,-1,0,unanimous,0.1631479707958683,-1,57,23,-1.0,-1.0,,0.0,1.0,4
2026-06-13,4,4,4,4,5,-1,-1,-1,-1,1,strong,0.14081148641200358,-1,57,24,-1.0,-1.0,,0.0,1.0,4
2026-06-14,4,0,4,4,5,-1,-1,1,-1,1,strong,0.11199086473274322,-1,57,25,-1.0,-1.0,,0.0,1.0,3
2026-06-15,4,4,4,4,5,-1,-1,-1,-1,1,strong,0.0964776249567536,-1,57,26,-1.0,-1.0,,0.0,1.0,4
2026-06-16,4,4,4,5,5,-1,-1,-1,-1,1,strong,0.10804074944037834,-1,57,27,-1.0,-1.0,,0.0,1.0,4
2026-06-17,4,4,4,5,5,-1,-1,-1,-1,1,strong,0.12793598515576665,-1,57,28,-1.0,-1.0,,0.0,1.0,4
2026-06-18,4,4,4,5,5,-1,-1,-1,-1,0,unanimous,0.15434520144181607,-1,57,29,-1.0,-1.0,,0.0,1.0,4
2026-06-19,4,0,4,5,5,-1,-1,1,-1,1,strong,0.14147725637242647,-1,57,30,-1.0,-1.0,,0.0,1.0,3
2026-06-20,4,0,0,5,5,-1,-1,1,1,2,lean,0.12796631765292643,-1,57,31,-1.0,-1.0,,0.0,1.0,2
2026-06-21,4,0,0,5,5,-1,-1,1,1,0,unanimous,0.12780754113489512,-1,57,32,-1.0,-1.0,,0.0,1.0,2
2026-06-22,4,4,4,5,5,-1,-1,-1,-1,2,lean,0.09045072214897987,-1,57,33,-1.0,-1.0,,0.0,1.0,4
2026-06-23,4,4,4,5,5,-1,-1,-1,-1,0,unanimous,0.10579814882173788,-1,57,34,-1.0,-1.0,,0.0,1.0,4
2026-06-24,5,4,4,5,5,-1,-1,-1,-1,0,unanimous,0.12923316972179988,-1,57,35,-1.0,-1.0,,0.0,1.0,4
2026-06-25,5,4,4,5,5,-1,-1,-1,-1,0,unanimous,0.14595469467826905,-1,57,36,-1.0,-1.0,,0.0,1.0,4
2026-06-26,5,4,4,5,5,-1,-1,-1,-1,0,unanimous,0.13276134753124835,-1,57,37,-1.0,-1.0,,0.0,1.0,4
2026-06-27,4,4,4,5,5,-1,-1,-1,-1,0,unanimous,0.12695830214505266,-1,57,38,-1.0,-1.0,,0.0,1.0,4
2026-06-28,4,4,4,5,5,-1,-1,-1,-1,0,unanimous,0.12743669217536913,-1,57,39,-1.0,-1.0,,0.0,1.0,4
2026-06-29,4,4,4,5,5,-1,-1,-1,-1,0,unanimous,0.10843223613342023,-1,57,40,-1.0,-1.0,,0.0,1.0,4
2026-06-30,4,4,4,5,5,-1,-1,-1,-1,0,unanimous,0.1307109519635805,-1,57,41,-1.0,-1.0,,0.0,1.0,4
2026-07-01,4,4,4,5,5,-1,-1,-1,-1,0,unanimous,0.0962489565498934,-1,57,42,-1.0,-1.0,,0.0,1.0,4
2026-07-02,0,4,0,5,5,-1,1,-1,1,0,unanimous,0.06288218776258181,-1,57,43,-1.0,-1.0,,0.0,1.0,2
2026-07-03,0,3,0,5,5,-1,1,-1,1,1,strong,0.03853439639244849,-1,57,44,-1.0,-1.0,,0.0,1.0,2
2026-07-04,0,3,0,5,5,-1,1,-1,1,2,lean,0.041562279458739804,-1,57,45,-1.0,-1.0,,0.0,1.0,2
2026-07-05,0,3,0,5,5,-1,1,-1,1,2,lean,0.043142541752165364,-1,57,46,-1.0,-1.0,,0.0,1.0,2
2026-07-06,0,3,0,5,5,-1,1,-1,1,3,mixed,0.025089844643662484,-1,57,47,-1.0,-1.0,,0.0,1.0,2
2026-07-07,0,3,0,5,5,-1,1,-1,1,2,lean,0.017710851916606707,-1,57,48,-1.0,-1.0,,0.0,1.0,2
2026-07-08,0,0,0,5,5,-1,1,1,1,2,lean,0.019474818013700546,-1,57,49,-1.0,-1.0,,0.0,1.0,1
2026-07-09,0,3,0,5,5,-1,1,-1,1,3,mixed,0.0055019809678240605,-1,57,50,-1.0,-1.0,,0.0,1.0,2
2026-07-10,0,3,0,3,5,-1,1,-1,1,3,mixed,0.0017548756291516643,-1,57,51,-1.0,-1.0,,0.0,1.0,2
2026-07-11,0,3,0,0,5,1,1,-1,1,4,mixed,0.008847497560048878,-1,57,1,-1.0,-1.0,,0.0,0.0,3
2026-07-12,0,0,0,3,5,-1,1,1,1,3,mixed,0.003040968247721043,-1,57,1,-1.0,-1.0,,0.0,1.0,1
2026-07-13,0,5,0,3,5,-1,1,-1,1,1,strong,0.006891139045070327,-1,57,2,-1.0,-1.0,,0.0,1.0,2
2026-07-14,0,0,0,0,5,1,1,1,1,4,mixed,0.0287549315899287,-1,57,1,-1.0,-1.0,,0.0,0.0,4
2026-07-15,0,0,0,0,5,1,1,1,1,4,mixed,0.017994891819377634,-1,57,2,-1.0,-1.0,,0.0,0.0,4
2026-07-16,0,0,0,3,5,-1,1,1,1,3,mixed,0.0032252185785524023,-1,57,1,-1.0,-1.0,,0.0,1.0,1
2026-07-17,0,5,0,0,5,1,1,-1,1,4,mixed,0.009422088972532605,-1,57,1,-1.0,-1.0,,0.0,0.0,3
2026-07-18,0,5,0,0,5,1,1,-1,1,4,mixed,0.030191496823138042,-1,57,2,-1.0,,,0.0,0.0,3
2026-07-19,0,0,0,0,5,1,1,1,1,4,mixed,0.02315099119936259,-1,57,3,-1.0,,,0.0,0.0,4
2026-07-20,0,5,0,0,5,1,1,-1,1,5,mixed,0.016907653785548704,-1,57,4,-1.0,,,0.0,0.0,3
2026-07-21,0,2,0,0,5,1,1,1,1,5,mixed,0.040644952644626975,-1,57,5,-1.0,,,0.0,0.0,4
2026-07-22,0,2,0,0,5,1,1,1,1,5,mixed,0.0330319484787045,-1,57,6,-1.0,,,0.0,0.0,4
2026-07-23,0,0,0,1,5,1,1,1,1,5,mixed,0.014455639970479828,-1,57,7,-1.0,,,0.0,0.0,4
2026-07-24,0,0,0,4,5,-1,1,1,1,2,lean,0.005209676082326586,-1,57,1,-1.0,,,0.0,1.0,1
2026-07-25,0,0,0,1,5,1,1,1,1,4,mixed,0.0011710235918331868,-1,57,1,-1.0,,,0.0,0.0,4
2026-07-26,0,0,0,1,5,1,1,1,1,5,mixed,0.019539059575730877,-1,57,2,-1.0,,,0.0,0.0,4
2026-07-27,0,0,0,4,5,-1,1,1,1,2,lean,0.0031352699063442735,-1,57,1,-1.0,,,0.0,1.0,1
2026-07-28,0,0,0,4,5,-1,1,1,1,3,mixed,0.008870345515571199,-1,57,2,,,,,1.0,1
2026-07-29,0,0,0,4,5,-1,1,1,1,3,mixed,0.008847881412026526,-1,57,3,,,,,1.0,1
2026-07-30,0,0,0,1,5,1,1,1,1,4,mixed,0.004066625805516533,-1,57,1,,,,,0.0,4
2026-07-31,0,0,0,4,5,-1,1,1,1,0,unanimous,0.027015466284560308,-1,57,1,,,,,1.0,1
2026-08-01,0,0,0,4,5,-1,1,1,1,0,unanimous,0.027048590250307036,-1,57,2,,,,,1.0,1
2026-08-02,0,0,0,4,5,-1,1,1,1,3,mixed,0.008386112401940649,-1,57,3,,,,,1.0,1
2026-08-03,0,1,0,4,5,-1,1,1,1,2,lean,0.010047094698445669,-1,57,4,,,,,1.0,1
2026-08-04,3,0,0,4,5,-1,-1,1,1,3,mixed,0.003994310638087084,-1,57,5,,,,,1.0,2
2026-08-05,3,0,0,1,5,1,-1,1,1,5,mixed,0.012511610356437997,-1,57,1,,,,,0.0,3
2026-08-07,0,0,0,2,5,1,1,1,1,5,mixed,0.006751937398775332,-1,57,2,,,,,0.0,4
